id,label,speak,aliases,category,pos,intent,core,safety,tier,words,composable,components,sources,list_count,corpus_freq,score
card_0000,a,A,,core,func,content,1,0,core,1,0,,consensus20,20,1972,19.38
card_0001,about,About,,core,func,content,1,0,core,1,0,,consensus20,20,314,16.63
card_0002,after,After,,core,func,content,1,0,core,1,0,,cbc+curated+consensus21,21,68,20.75
card_0003,afternoon,Afternoon,,time,noun,content,1,0,core,1,0,,cbc+curated+consensus21,21,21,19.04
card_0004,again,Again,,core,func,request,1,0,core,1,0,,curated+consensus22,22,115,18.93
card_0005,all,All,,core,func,content,1,0,core,1,0,,pc36+curated+consensus20,20,222,24.11
card_0006,also,Also,,core,func,content,1,0,core,1,0,,curated+consensus9,9,44,12.31
card_0007,always,Always,,describing,adv,content,1,0,core,1,0,,curated+consensus18,18,81,16.81
card_0008,am,Am,,core,aux,content,1,0,core,1,0,,curated+consensus16,16,4364,21.97
card_0009,and,And,,core,func,content,1,0,core,1,0,,cbc+curated+consensus22,22,682,24.59
card_0010,april,April,,time,noun,content,1,0,core,1,0,,consensus21,21,0,8.4
card_0011,are,Are,,core,aux,content,1,0,core,1,0,,curated+consensus20,20,4364,23.57
card_0012,at,At,,core,func,content,1,0,core,1,0,,consensus20,20,337,16.73
card_0013,august,August,,time,noun,content,1,0,core,1,0,,consensus21,21,1,9.44
card_0014,back,Back,backed|backing|backs,describing,adv,content,1,0,core,1,0,,cbc+curated+consensus22,22,130,22.11
card_0015,bad,Bad,,describing,adj,content,1,0,core,1,0,,cbc+curated+consensus23,23,60,21.37
card_0016,bake,Bake,baked|bakes|baking,actions,noun,content,1,0,core,1,0,,consensus20,20,3,10.08
card_0017,be,Be,being,core,aux,content,1,0,core,1,0,,curated+consensus19,19,4364,23.17
card_0018,bear,Bear,born,actions,noun,content,1,0,core,1,0,,cbc+consensus20,20,8,14.3
card_0019,because,Because,,core,func,content,1,0,core,1,0,,curated+consensus18,18,114,17.32
card_0020,before,Before,,core,func,content,1,0,core,1,0,,cbc+curated+consensus21,21,65,20.68
card_0021,big,Big,biggest,describing,adj,content,1,0,core,1,0,,curated+consensus21,21,20,15.97
card_0022,birthday,Birthday,,time,noun,content,1,0,core,1,0,,consensus20,20,30,13.15
card_0023,black,Black,,colours,adj,content,1,0,core,1,0,,cbc+consensus22,22,22,16.5
card_0024,blue,Blue,blues,colours,adj,content,1,0,core,1,0,,cbc+consensus23,23,24,17.03
card_0025,bored,Bored,,feelings,adj,feeling,1,0,core,1,0,,curated+consensus21,21,37,16.86
card_0026,break,Break,breaking|breaks|broke,actions,noun,content,1,0,core,1,0,,consensus20,20,46,13.78
card_0027,brown,Brown,,colours,adj,content,1,0,core,1,0,,consensus21,21,0,8.4
card_0028,brush,Brush,brushed|brushes|brushing,actions,noun,content,1,0,core,1,0,,consensus21,21,7,11.52
card_0029,but,But,,core,func,content,1,0,core,1,0,,curated+consensus20,20,371,19.88
card_0030,buy,Buy,bought|buying|buys,actions,verb,content,1,0,core,1,0,,consensus21,21,96,15.26
card_0031,can,Can,canned|canning|cans,core,aux,content,1,0,core,1,0,,pc36+curated+consensus22,22,1091,27.29
card_0032,can't,Can't,,core,aux,content,1,0,core,1,0,,curated+consensus10,10,153,14.56
card_0033,change,Change,changed|changes|changing,actions,noun,content,1,0,core,1,0,,consensus22,22,69,15.17
card_0034,choose,Choose,chooses|choosing|chose|chosen,actions,noun,content,1,0,core,1,0,,consensus21,21,7,11.52
card_0035,circle,Circle,,describing,noun,content,1,0,core,1,0,,cbc+consensus21,21,0,11.4
card_0036,clean,Clean,cleaned|cleaner|cleanest|cleaning|cleans,actions,noun,content,1,0,core,1,0,,consensus21,21,37,13.86
card_0037,close,Close,closer|closes|closing,actions,adv,content,1,0,core,1,0,,curated+consensus20,20,38,16.5
card_0038,cold,Cold,colder|coldest,feelings,adj,feeling,1,0,core,1,0,,curated+consensus22,22,100,18.72
card_0039,color,Color,colored|coloring|colors,describing,noun,content,1,0,core,1,0,,consensus22,22,37,14.26
card_0040,come,Come,came|comes|coming,actions,verb,content,1,0,core,1,0,,curated+consensus20,20,314,19.63
card_0041,confused,Confused,,feelings,adj,feeling,1,0,core,1,0,,cbc+curated+consensus20,20,5,16.69
card_0042,cook,Cook,cooked|cooking|cooks,actions,noun,content,1,0,core,1,0,,consensus22,22,35,14.18
card_0043,could,Could,,core,aux,content,1,0,core,1,0,,curated+consensus19,19,239,18.82
card_0044,cut,Cut,cuts|cutting,actions,noun,content,1,0,core,1,0,,cbc+consensus22,22,6,14.72
card_0045,dark,Dark,darker|darkest,describing,noun,content,1,0,core,1,0,,consensus21,21,9,11.85
card_0046,day,Day,,time,noun,content,1,0,core,1,0,,cbc+consensus24,24,196,20.52
card_0047,december,December,,time,noun,content,1,0,core,1,0,,consensus21,21,0,8.4
card_0048,did,Did,,core,aux,content,1,0,core,1,0,,curated+consensus17,17,2026,21.22
card_0049,different,Different,,describing,adj,request,1,0,core,1,0,,pc36+curated+consensus24,24,12,21.45
card_0050,difficult,Difficult,,describing,adj,content,1,0,core,1,0,,consensus21,21,3,10.48
card_0051,dirty,Dirty,dirtier|dirtiest,describing,noun,content,1,0,core,1,0,,cbc+consensus23,23,9,15.65
card_0052,do,Do,doing,core,aux,content,1,0,core,1,0,,pc36+curated+consensus22,22,2026,28.22
card_0053,don't,Don't,,core,aux,content,1,0,core,1,0,,curated+consensus18,18,495,19.51
card_0054,down,Down,,core,func,content,1,0,core,1,0,,cbc+curated+consensus23,23,78,21.75
card_0055,draw,Draw,drawing|drawn|draws|drew,actions,noun,content,1,0,core,1,0,,consensus20,20,5,10.69
card_0056,dress,Dress,dressed|dresses|dressing,actions,noun,content,1,0,core,1,0,,cbc+consensus22,22,40,17.37
card_0057,drink,Drink,drank|drinking|drinks|drunk,drink,noun,content,1,0,core,1,0,,cbc+curated+consensus23,23,108,22.24
card_0058,drive,Drive,driven|drives|driving|drove,actions,noun,content,1,0,core,1,0,,consensus21,21,59,14.54
card_0059,dry,Dry,drier|driest|dryer,actions,noun,content,1,0,core,1,0,,cbc+consensus21,21,6,14.32
card_0060,easy,Easy,easier|easiest,describing,adj,content,1,0,core,1,0,,consensus22,22,13,12.76
card_0061,eat,Eat,ate|eaten|eating|eats,actions,noun,content,1,0,core,1,0,,curated+consensus21,21,153,18.96
card_0062,empty,Empty,emptier|emptiest,describing,adj,content,1,0,core,1,0,,cbc+consensus21,21,2,13.05
card_0063,evening,Evening,,time,verb,content,1,0,core,1,0,,curated+consensus15,15,56,15.06
card_0064,excited,Excited,,feelings,adj,feeling,1,0,core,1,0,,cbc+curated+consensus22,22,28,19.85
card_0065,fall,Fall,fallen|falling|falls,actions,noun,content,1,0,core,1,0,,consensus21,21,13,12.36
card_0066,far,Far,,describing,adv,content,1,0,core,1,0,,consensus20,20,23,12.77
card_0067,fast,Fast,faster|fastest|fasting,describing,noun,content,1,0,core,1,0,,cbc+curated+consensus23,23,19,19.69
card_0068,february,February,,time,adj,content,1,0,core,1,0,,consensus21,21,1,9.44
card_0069,feel,Feel,feeling|feels,feelings,adj,feeling,1,0,core,1,0,,curated+consensus22,22,179,19.59
card_0070,find,Find,finding|finds,actions,verb,content,1,0,core,1,0,,consensus22,22,127,16.08
card_0071,finished,Finished,done|all done|i'm done,describing,verb,affirm,1,0,core,1,0,,pc36+curated+consensus11,11,33,17.69
card_0072,fix,Fix,fixed|fixes|fixing,actions,noun,content,1,0,core,1,0,,consensus20,20,29,13.1
card_0073,fly,Fly,flew|flies|flown|flying,actions,noun,content,1,0,core,1,0,,cbc+consensus22,22,14,15.86
card_0074,for,For,,core,func,content,1,0,core,1,0,,curated+consensus21,21,1036,21.82
card_0075,friday,Friday,,time,noun,content,1,0,core,1,0,,consensus21,21,13,12.36
card_0076,full,Full,fuller|fullest,describing,adj,content,1,0,core,1,0,,cbc+consensus23,23,14,16.26
card_0077,funny,Funny,funnier|funniest,describing,noun,content,1,0,core,1,0,,consensus21,21,31,13.6
card_0078,get,Get,gets|getting|got|gotten,actions,verb,content,1,0,core,1,0,,pc36+curated+consensus22,22,789,26.81
card_0079,give,Give,gave|given|gives|giving,actions,verb,content,1,0,core,1,0,,curated+consensus20,20,167,18.69
card_0080,go,Go,goes|going,actions,verb,content,1,0,core,1,0,,pc36+curated+consensus23,23,1034,27.61
card_0081,good,Good,,describing,adj,content,1,0,core,1,0,,cbc+pc36+curated+consensus25,25,395,29.97
card_0082,green,Green,,colours,adj,content,1,0,core,1,0,,cbc+consensus23,23,10,15.8
card_0083,grow,Grow,grew|growing|grown|grows,actions,noun,content,1,0,core,1,0,,consensus22,22,9,12.25
card_0084,guess,Guess,guessed|guesses|guessing,actions,noun,content,1,0,core,1,0,,consensus21,21,70,14.79
card_0085,had,Had,,core,aux,content,1,0,core,1,0,,curated+consensus13,13,1265,18.92
card_0086,happy,Happy,,feelings,adj,feeling,1,0,core,1,0,,cbc+curated+consensus23,23,57,21.29
card_0087,hard,Hard,harder|hardest,describing,adj,content,1,0,core,1,0,,cbc+consensus20,20,52,16.96
card_0088,has,Has,,core,aux,content,1,0,core,1,0,,curated+consensus16,16,1265,20.12
card_0089,have,Have,having,core,aux,content,1,0,core,1,0,,curated+consensus21,21,1265,22.12
card_0090,he,He,,core,pron,content,1,0,core,1,0,,pc36+curated+consensus23,23,235,25.4
card_0091,hear,Hear,heard|hearing|hears,actions,noun,content,1,0,core,1,0,,curated+consensus20,20,119,18.18
card_0092,help,Help,help me|i need help|helped|helping|helps,actions,noun,request,1,1,core,1,0,,pc36+curated+consensus23,23,313,25.82
card_0093,her,Her,,core,pron,content,1,0,core,1,0,,consensus20,20,156,15.58
card_0094,here,Here,,core,func,content,1,0,core,1,0,,pc36+curated+consensus22,22,220,24.9
card_0095,him,Him,,core,pron,content,1,0,core,1,0,,consensus20,20,128,15.29
card_0096,hold,Hold,held|holding|holds,actions,noun,content,1,0,core,1,0,,consensus21,21,16,12.65
card_0097,hot,Hot,hotter|hottest,feelings,adj,feeling,1,0,core,1,0,,cbc+curated+consensus24,24,82,22.23
card_0098,how,How,,questions,wh,question,1,0,core,1,0,,cbc+curated+consensus22,22,642,24.5
card_0099,hug,Hug,hugged|hugging|hugs,actions,noun,content,1,0,core,1,0,,consensus21,21,10,12.0
card_0100,hungry,Hungry,hungrier|hungriest,feelings,adj,feeling,1,0,core,1,0,,curated+consensus22,22,94,18.63
card_0101,hurt,Hurt,hurting|hurts,feelings,adj,feeling,1,0,core,1,0,,consensus21,21,63,14.64
card_0102,i,I,,core,pron,content,1,0,core,1,0,,pc36+curated+consensus24,24,4733,30.29
card_0103,if,If,,core,func,content,1,0,core,1,0,,curated+consensus19,19,272,19.01
card_0104,in,In,,core,func,content,1,0,core,1,0,,cbc+pc36+curated+consensus25,25,698,30.82
card_0105,is,Is,,core,aux,content,1,0,core,1,0,,curated+consensus21,21,4364,23.97
card_0106,it,It,its,core,pron,content,1,0,core,1,0,,pc36+curated+consensus23,23,1575,28.24
card_0107,january,January,,time,noun,content,1,0,core,1,0,,consensus21,21,3,10.48
card_0108,july,July,,time,noun,content,1,0,core,1,0,,consensus21,21,4,10.81
card_0109,jump,Jump,jumped|jumping|jumps,actions,noun,content,1,0,core,1,0,,consensus20,20,4,10.41
card_0110,june,June,,time,noun,content,1,0,core,1,0,,consensus21,21,4,10.81
card_0111,keep,Keep,keeping|keeps|kept,actions,verb,content,1,0,core,1,0,,consensus20,20,71,14.41
card_0112,kiss,Kiss,kissed|kisses|kissing,actions,noun,content,1,0,core,1,0,,consensus21,21,6,11.32
card_0113,know,Know,knew|knowing|known|knows,actions,verb,content,1,0,core,1,0,,curated+consensus19,19,380,19.51
card_0114,last,Last,,numbers,num,content,1,0,core,1,0,,consensus20,20,97,14.88
card_0115,late,Late,,describing,adv,content,1,0,core,1,0,,consensus20,20,64,14.26
card_0116,later,Later,,describing,adv,content,1,0,core,1,0,,curated+consensus22,22,81,18.41
card_0117,leave,Leave,leaving,actions,verb,content,1,0,core,1,0,,consensus21,21,135,15.77
card_0118,left,Left,,describing,noun,content,1,0,core,1,0,,cbc+consensus23,23,135,19.57
card_0119,less,Less,,describing,other,content,1,0,core,1,0,,curated+consensus20,20,5,13.69
card_0120,like,Like,liked|likes|liking,feelings,adj,feeling,1,0,core,1,0,,pc36+curated+consensus23,23,669,26.96
card_0121,listen,Listen,listened|listening|listens,school,noun,content,1,0,core,1,0,,curated+consensus22,22,30,16.95
card_0122,little,Little,littlest,describing,adj,content,1,0,core,1,0,,cbc+curated+consensus23,23,63,21.44
card_0123,live,Live,lived|living,actions,adj,content,1,0,core,1,0,,consensus20,20,50,13.9
card_0124,long,Long,longer|longest|longing,describing,adv,content,1,0,core,1,0,,cbc+consensus22,22,109,18.85
card_0125,look,Look,looked|looking|looks,actions,noun,content,1,0,core,1,0,,pc36+curated+consensus23,23,197,25.13
card_0126,lose,Lose,loses|losing|lost,actions,verb,content,1,0,core,1,0,,consensus21,21,43,14.08
card_0127,loud,Loud,louder|loudest,describing,noun,content,1,0,core,1,0,,cbc+consensus22,22,13,15.76
card_0128,love,Love,loved|loves|loving,feelings,adj,feeling,1,0,core,1,0,,curated+consensus21,21,288,19.9
card_0129,make,Make,made|makes|making,actions,verb,content,1,0,core,1,0,,pc36+curated+consensus23,23,259,25.54
card_0130,many,Many,,describing,adj,content,1,0,core,1,0,,curated+consensus18,18,43,15.88
card_0131,march,March,,actions,noun,content,1,0,core,1,0,,consensus21,21,0,8.4
card_0132,may,May,,core,aux,content,1,0,core,1,0,,consensus21,21,61,14.59
card_0133,maybe,Maybe,,core,func,content,1,0,core,1,0,,curated+consensus20,20,106,18.01
card_0134,me,Me,,core,pron,content,1,0,core,1,0,,curated+consensus21,21,1465,22.34
card_0135,meet,Meet,meeting|meets|met,actions,noun,content,1,0,core,1,0,,consensus20,20,125,15.25
card_0136,mine,Mine,,core,pron,content,1,0,core,1,0,,curated+consensus19,19,28,15.65
card_0137,monday,Monday,,time,noun,content,1,0,core,1,0,,consensus21,21,9,11.85
card_0138,month,Month,,time,noun,content,1,0,core,1,0,,consensus20,20,16,12.25
card_0139,more,More,again|another,describing,other,request,1,0,core,1,0,,pc36+curated+consensus24,24,134,24.96
card_0140,morning,Morning,,time,noun,content,1,0,core,1,0,,cbc+curated+consensus21,21,50,20.3
card_0141,move,Move,moved|moves|moving,actions,noun,content,1,0,core,1,0,,consensus21,21,42,14.04
card_0142,much,Much,,describing,adj,content,1,0,core,1,0,,curated+consensus13,13,175,15.96
card_0143,my,My,,core,pron,content,1,0,core,1,0,,cbc+curated+consensus22,22,1008,25.18
card_0144,near,Near,nearer|nearest,core,func,content,1,0,core,1,0,,consensus20,20,16,12.25
card_0145,need,Need,needed|needing|needs,actions,noun,content,1,0,core,1,0,,curated+consensus21,21,529,20.81
card_0146,never,Never,,describing,adv,refuse,1,1,core,1,0,,curated+consensus18,18,80,16.79
card_0147,new,New,newer|newest,describing,adj,content,1,0,core,1,0,,consensus22,22,200,16.75
card_0148,next,Next,,numbers,num,content,1,0,core,1,0,,consensus22,22,120,15.99
card_0149,nice,Nice,nicer|nicest,describing,adj,content,1,0,core,1,0,,consensus21,21,178,16.18
card_0150,night,Night,,time,noun,content,1,0,core,1,0,,cbc+curated+consensus24,24,89,22.35
card_0151,no,No,nope|nah,core,func,refuse,1,1,core,1,0,,cbc+curated+consensus23,23,538,24.63
card_0152,not,Not,,core,func,content,1,0,core,1,0,,pc36+curated+consensus23,23,528,26.61
card_0153,november,November,,time,noun,content,1,0,core,1,0,,consensus21,21,2,10.05
card_0154,now,Now,,core,func,content,1,0,core,1,0,,cbc+curated+consensus23,23,253,23.51
card_0155,october,October,,time,noun,content,1,0,core,1,0,,consensus21,21,1,9.44
card_0156,of,Of,,core,func,content,1,0,core,1,0,,curated+consensus19,19,742,20.52
card_0157,off,Off,,core,func,content,1,0,core,1,0,,curated+consensus22,22,89,18.55
card_0158,okay,Okay,,describing,noun,affirm,1,0,core,1,0,,consensus21,21,157,15.99
card_0159,old,Old,oldest,describing,adj,content,1,0,core,1,0,,cbc+consensus22,22,63,18.04
card_0160,on,On,,core,func,content,1,0,core,1,0,,cbc+pc36+curated+consensus24,24,556,30.08
card_0161,open,Open,opened|opening|opens,actions,adj,content,1,0,core,1,0,,cbc+pc36+curated+consensus24,24,71,27.01
card_0162,or,Or,,core,func,content,1,0,core,1,0,,curated+consensus17,17,142,17.24
card_0163,orange,Orange,oranges,colours,adj,content,1,0,core,1,0,,cbc+consensus22,22,8,15.1
card_0164,out,Out,,core,func,content,1,0,core,1,0,,cbc+curated+consensus23,23,273,23.62
card_0165,outside,Outside,,core,func,content,1,0,core,1,0,,cbc+consensus24,24,61,18.79
card_0166,over,Over,,core,func,content,1,0,core,1,0,,cbc+curated+consensus22,22,112,21.89
card_0167,paint,Paint,painted|painting|paints,actions,noun,content,1,0,core,1,0,,consensus22,22,2,10.45
card_0168,pepper,Pepper,,actions,noun,content,1,0,core,1,0,,cbc+consensus21,21,5,14.09
card_0169,pink,Pink,,colours,adj,content,1,0,core,1,0,,cbc+consensus22,22,2,13.45
card_0170,play,Play,played|playing|plays,actions,noun,content,1,0,core,1,0,,curated+consensus22,22,63,18.04
card_0171,please,Please,pleased|pleases|pleasing,actions,noun,request,1,0,core,1,0,,cbc+curated+consensus22,22,542,24.25
card_0172,pour,Pour,poured|pouring|pours,actions,noun,content,1,0,core,1,0,,consensus20,20,3,10.08
card_0173,present,Present,,actions,noun,content,1,0,core,1,0,,consensus20,20,10,11.6
card_0174,pretty,Pretty,prettier|prettiest,describing,adv,content,1,0,core,1,0,,cbc+consensus21,21,58,17.52
card_0175,purple,Purple,,colours,adj,content,1,0,core,1,0,,consensus21,21,6,11.32
card_0176,push,Push,pushed|pushes|pushing,actions,noun,content,1,0,core,1,0,,consensus20,20,7,11.12
card_0177,put,Put,puts|putting,actions,noun,content,1,0,core,1,0,,pc36+curated+consensus21,21,88,23.13
card_0178,quiet,Quiet,quieter|quietest,describing,adj,content,1,0,core,1,0,,cbc+consensus22,22,7,14.92
card_0179,read,Read,reading|reads,actions,noun,content,1,0,core,1,0,,curated+consensus21,21,69,17.77
card_0180,ready,Ready,,describing,adj,content,1,0,core,1,0,,consensus22,22,51,14.73
card_0181,rectangle,Rectangle,,describing,noun,content,1,0,core,1,0,,cbc+consensus21,21,0,11.4
card_0182,red,Red,,colours,adj,content,1,0,core,1,0,,cbc+consensus23,23,25,17.09
card_0183,remember,Remember,remembered|remembering|remembers,actions,verb,content,1,0,core,1,0,,consensus20,20,46,13.78
card_0184,right,Right,rights,describing,noun,content,1,0,core,1,0,,cbc+consensus23,23,184,20.03
card_0185,run,Run,ran|running|runs,actions,verb,content,1,0,core,1,0,,curated+consensus20,20,43,16.68
card_0186,sad,Sad,sadder|saddest,feelings,adj,feeling,1,0,core,1,0,,cbc+curated+consensus24,24,27,20.6
card_0187,same,Same,,describing,adj,content,1,0,core,1,0,,cbc+pc36+curated+consensus25,25,21,25.64
card_0188,saturday,Saturday,,time,noun,content,1,0,core,1,0,,consensus21,21,14,12.46
card_0189,say,Say,said|saying|says,actions,verb,content,1,0,core,1,0,,curated+consensus20,20,169,18.7
card_0190,scared,Scared,,feelings,adj,feeling,1,0,core,1,0,,curated+consensus22,22,12,15.65
card_0191,see,See,seeing|seen|sees,actions,verb,content,1,0,core,1,0,,curated+consensus22,22,346,20.57
card_0192,september,September,,time,noun,content,1,0,core,1,0,,consensus21,21,0,8.4
card_0193,she,She,,core,pron,content,1,0,core,1,0,,pc36+curated+consensus23,23,223,25.32
card_0194,short,Short,shorter|shortest,describing,adj,content,1,0,core,1,0,,cbc+consensus23,23,20,16.77
card_0195,should,Should,,core,aux,content,1,0,core,1,0,,curated+consensus20,20,227,19.14
card_0196,show,Show,showed|showing|shown|shows,actions,noun,content,1,0,core,1,0,,consensus21,21,54,14.41
card_0197,sick,Sick,,feelings,adj,feeling,1,0,core,1,0,,curated+consensus21,21,23,16.17
card_0198,silly,Silly,,feelings,adj,feeling,1,0,core,1,0,,curated+consensus20,20,14,15.06
card_0199,sing,Sing,sang|singing|sings|sung,actions,verb,content,1,0,core,1,0,,consensus20,20,6,10.92
card_0200,sink,Sink,,actions,noun,content,1,0,core,1,0,,consensus20,20,4,10.41
card_0201,sit,Sit,sat|sits|sitting,actions,noun,content,1,0,core,1,0,,curated+consensus20,20,44,16.71
card_0202,sleep,Sleep,sleeping|sleeps|slept,actions,noun,content,1,0,core,1,0,,curated+consensus21,21,64,17.66
card_0203,slow,Slow,slower|slowest,describing,verb,content,1,0,core,1,0,,curated+consensus22,22,12,15.65
card_0204,smart,Smart,smarter|smartest,describing,noun,content,1,0,core,1,0,,consensus20,20,15,12.16
card_0205,so,So,,core,func,content,1,0,core,1,0,,curated+consensus18,18,461,19.4
card_0206,soft,Soft,softer|softest,describing,adj,content,1,0,core,1,0,,cbc+consensus21,21,0,11.4
card_0207,some,Some,,core,func,content,1,0,core,1,0,,pc36+curated+consensus22,22,356,25.62
card_0208,sometimes,Sometimes,,describing,adv,content,1,0,core,1,0,,curated+consensus11,11,14,11.46
card_0209,sorry,Sorry,,describing,noun,social,1,0,core,1,0,,curated+consensus20,20,178,18.78
card_0210,spring,Spring,,time,noun,content,1,0,core,1,0,,cbc+consensus22,22,4,14.21
card_0211,square,Square,,describing,noun,content,1,0,core,1,0,,cbc+consensus22,22,2,13.45
card_0212,stand,Stand,standing|stands|stood,actions,noun,content,1,0,core,1,0,,curated+consensus18,18,18,14.62
card_0213,stop,Stop,stoping|stopped|stopping|stops,actions,noun,refuse,1,1,core,1,0,,pc36+curated+consensus23,23,63,23.44
card_0214,summer,Summer,,time,noun,content,1,0,core,1,0,,cbc+consensus22,22,17,16.14
card_0215,sunday,Sunday,,time,noun,content,1,0,core,1,0,,consensus21,21,19,12.89
card_0216,take,Take,taken|takes|taking|took,actions,verb,content,1,0,core,1,0,,curated+consensus20,20,311,19.61
card_0217,talk,Talk,talked|talking|talks,actions,noun,content,1,0,core,1,0,,consensus21,21,77,14.94
card_0218,tall,Tall,taller|tallest,describing,noun,content,1,0,core,1,0,,cbc+consensus21,21,4,13.81
card_0219,tell,Tell,telling|tells|told,actions,noun,content,1,0,core,1,0,,curated+consensus21,21,161,19.03
card_0220,that,That,,core,pron,content,1,0,core,1,0,,pc36+curated+consensus23,23,992,27.55
card_0221,then,Then,,core,func,content,1,0,core,1,0,,consensus20,20,185,15.84
card_0222,there,There,,core,func,content,1,0,core,1,0,,curated+consensus21,21,282,19.87
card_0223,these,These,,core,pron,content,1,0,core,1,0,,curated+consensus19,19,23,15.37
card_0224,they,They,,core,pron,content,1,0,core,1,0,,curated+consensus21,21,233,19.58
card_0225,think,Think,thinking|thinks|thought,actions,noun,content,1,0,core,1,0,,curated+consensus22,22,428,20.89
card_0226,thirsty,Thirsty,thirstier|thirstiest,feelings,adj,feeling,1,0,core,1,0,,curated+consensus22,22,35,17.18
card_0227,this,This,,core,pron,content,1,0,core,1,0,,curated+consensus20,20,508,20.35
card_0228,those,Those,,core,pron,content,1,0,core,1,0,,curated+consensus20,20,37,16.46
card_0229,thursday,Thursday,,time,noun,content,1,0,core,1,0,,consensus21,21,3,10.48
card_0230,tired,Tired,,feelings,adj,feeling,1,0,core,1,0,,curated+consensus22,22,64,18.06
card_0231,to,To,,core,func,content,1,0,core,1,0,,curated+consensus21,21,2841,23.33
card_0232,toast,Toast,,actions,noun,content,1,0,core,1,0,,cbc+consensus20,20,6,13.92
card_0233,today,Today,,time,noun,content,1,0,core,1,0,,cbc+curated+consensus22,22,253,23.11
card_0234,tomorrow,Tomorrow,,time,noun,content,1,0,core,1,0,,cbc+curated+consensus22,22,131,22.12
card_0235,too,Too,,core,func,content,1,0,core,1,0,,curated+consensus19,19,310,19.21
card_0236,train,Train,,actions,noun,content,1,0,core,1,0,,cbc+consensus21,21,6,14.32
card_0237,triangle,Triangle,,describing,noun,content,1,0,core,1,0,,consensus20,20,0,8.0
card_0238,try,Try,tried|tries|trying,actions,noun,content,1,0,core,1,0,,consensus20,20,158,15.6
card_0239,tuesday,Tuesday,,time,noun,content,1,0,core,1,0,,consensus21,21,10,12.0
card_0240,turn,Turn,turned|turning|turns,school,noun,content,1,0,core,1,0,,pc36+curated+consensus21,21,115,23.53
card_0241,ugly,Ugly,uglier|ugliest,describing,adv,content,1,0,core,1,0,,cbc+consensus21,21,1,12.44
card_0242,under,Under,,core,func,content,1,0,core,1,0,,cbc+curated+consensus22,22,15,18.96
card_0243,up,Up,,core,func,content,1,0,core,1,0,,cbc+pc36+curated+consensus24,24,309,29.2
card_0244,very,Very,,core,func,content,1,0,core,1,0,,curated+consensus19,19,213,18.65
card_0245,wait,Wait,waited|waiting|waits,actions,noun,request,1,0,core,1,0,,curated+consensus22,22,82,18.43
card_0246,walk,Walk,walked|walking|walks,actions,noun,content,1,0,core,1,0,,curated+consensus20,20,56,17.06
card_0247,want,Want,wanted|wanting|wants,actions,noun,content,1,0,core,1,0,,pc36+curated+consensus22,22,511,26.16
card_0248,was,Was,,core,aux,content,1,0,core,1,0,,curated+consensus19,19,4364,23.17
card_0249,wash,Wash,washed|washes|washing,actions,noun,content,1,0,core,1,0,,consensus21,21,17,12.74
card_0250,watch,Watch,watched|watches|watching,actions,noun,content,1,0,core,1,0,,cbc+curated+consensus23,23,134,22.56
card_0251,we,We,,core,pron,content,1,0,core,1,0,,curated+consensus22,22,569,21.32
card_0252,wednesday,Wednesday,,time,noun,content,1,0,core,1,0,,consensus21,21,9,11.85
card_0253,week,Week,weeks,time,noun,content,1,0,core,1,0,,consensus20,20,71,14.41
card_0254,were,Were,,core,aux,content,1,0,core,1,0,,curated+consensus16,16,4364,21.97
card_0255,wet,Wet,wetter|wettest,describing,noun,content,1,0,core,1,0,,cbc+consensus22,22,2,13.45
card_0256,what,What,,questions,wh,question,1,0,core,1,0,,cbc+pc36+curated+consensus24,24,985,30.94
card_0257,when,When,,questions,wh,question,1,0,core,1,0,,cbc+pc36+curated+consensus24,24,305,29.19
card_0258,where,Where,,questions,wh,question,1,0,core,1,0,,cbc+pc36+curated+consensus24,24,354,29.41
card_0259,white,White,,colours,adj,content,1,0,core,1,0,,cbc+consensus22,22,12,15.65
card_0260,who,Who,,questions,wh,question,1,0,core,1,0,,pc36+curated+consensus23,23,116,24.34
card_0261,why,Why,,questions,wh,question,1,0,core,1,0,,cbc+pc36+curated+consensus24,24,287,29.09
card_0262,will,Will,willed|willing|wills,core,aux,content,1,0,core,1,0,,curated+consensus21,21,643,21.1
card_0263,win,Win,winning|wins|won,actions,noun,content,1,0,core,1,0,,consensus20,20,27,13.0
card_0264,winter,Winter,,time,noun,content,1,0,core,1,0,,cbc+consensus22,22,7,14.92
card_0265,with,With,,core,func,content,1,0,core,1,0,,curated+consensus21,21,446,20.55
card_0266,without,Without,,core,func,content,1,0,core,1,0,,curated+consensus6,6,16,9.65
card_0267,work,Work,worked|working|works,actions,noun,content,1,0,core,1,0,,consensus21,21,231,16.57
card_0268,would,Would,,core,aux,content,1,0,core,1,0,,curated+consensus19,19,463,19.81
card_0269,wrong,Wrong,,describing,adj,content,1,0,core,1,0,,consensus21,21,36,13.82
card_0270,yard,Yard,,quantity,noun,content,1,0,core,1,0,,consensus20,20,7,11.12
card_0271,yellow,Yellow,,colours,adj,content,1,0,core,1,0,,cbc+consensus23,23,7,15.32
card_0272,yesterday,Yesterday,,time,noun,content,1,0,core,1,0,,cbc+curated+consensus22,22,30,19.95
card_0273,you,You,,core,pron,content,1,0,core,1,0,,pc36+curated+consensus23,23,5010,29.98
card_0274,your,Your,,core,pron,content,1,0,core,1,0,,cbc+curated+consensus20,20,730,23.89
card_0275,yours,Yours,,core,pron,content,1,0,core,1,0,,curated+consensus6,6,19,9.89
card_0276,acorn,Acorn,,nature,noun,content,0,0,cbc,1,0,,cbc+consensus6,6,0,5.4
card_0277,aeroplane,Aeroplane,airplane,transport,noun,content,0,0,cbc,1,0,,cbc,1,0,3.4
card_0278,afraid,Afraid,,feelings,adj,feeling,0,0,cbc,1,0,,cbc+consensus14,14,6,11.52
card_0279,aftershave,Aftershave,,things,noun,content,0,0,cbc,1,0,,cbc+consensus4,4,0,4.6
card_0280,algebra class,Algebra class,,school,noun,content,0,0,cbc,2,0,,cbc,1,0,3.4
card_0281,ambulance,Ambulance,,health,noun,content,0,0,cbc,1,0,,cbc+consensus21,21,2,13.05
card_0282,angry,Angry,angrier|angriest,feelings,adj,feeling,0,0,cbc,1,0,,cbc+curated+consensus15,15,7,15.12
card_0283,ant,Ant,,animals,noun,content,0,0,cbc,1,0,,cbc+consensus13,13,1,9.24
card_0284,ant eater,Ant eater,,people,noun,content,0,0,cbc,2,0,,cbc,1,0,3.4
card_0285,antelope,Antelope,,animals,noun,content,0,0,cbc,1,0,,cbc,3,0,4.2
card_0286,apple,Apple,,food,noun,content,0,0,cbc,1,0,,cbc+consensus21,21,2,13.05
card_0287,apple juice,Apple juice,,drink,noun,content,0,0,cbc,2,1,card_0286|card_2016,cbc+consensus14,14,0,8.6
card_0288,apricot,Apricot,,nature,noun,content,0,0,cbc,1,0,,cbc+consensus7,7,0,5.8
card_0289,apron,Apron,,clothes,noun,content,0,0,cbc,1,0,,cbc+consensus7,7,0,5.8
card_0290,aquarium,Aquarium,,things,noun,content,0,0,cbc,1,0,,cbc+consensus15,15,0,9.0
card_0291,archery,Archery,,play,noun,content,0,0,cbc,1,0,,cbc,3,0,4.2
card_0292,are you,Are you,,phrases,phrase,question,0,0,cbc,2,1,card_0011|card_0273,cbc+corpus444,2,444,12.95
card_0293,arms,Arms,,things,noun,content,0,0,cbc,1,0,,cbc,1,13,7.36
card_0294,army tank,Army tank,,transport,noun,content,0,0,cbc,2,0,,cbc,1,0,3.4
card_0295,around,Around,,core,func,content,0,0,cbc,1,0,,cbc+consensus19,19,65,16.88
card_0296,art class,Art class,,school,noun,content,0,0,cbc,2,1,card_1191|card_1427,cbc,1,0,3.4
card_0297,asparagus,Asparagus,,nature,noun,content,0,0,cbc,1,0,,cbc+consensus5,5,0,5.0
card_0298,aubergine,Aubergine,eggplant,nature,noun,content,0,0,cbc,1,0,,cbc,1,0,3.4
card_0299,autumn,Autumn,fall,time,noun,content,0,0,cbc,1,0,,cbc+consensus10,10,0,7.0
card_0300,avocado,Avocado,,food,noun,content,0,0,cbc,1,0,,cbc+consensus16,16,3,11.48
card_0301,baby,Baby,babied|babies|babying,people,noun,content,0,0,cbc,1,0,,cbc+consensus22,22,17,16.14
card_0302,back ache,Back ache,,health,noun,content,0,0,cbc,2,1,card_0014|card_1101,cbc,1,0,3.4
card_0303,back garden,Back garden,backyard,things,noun,content,0,0,cbc,2,1,card_0014|card_1797,cbc,1,0,3.4
card_0304,backwards,Backwards,,describing,noun,content,0,0,cbc,1,0,,cbc,2,0,3.8
card_0305,badminton,Badminton,,play,noun,content,0,0,cbc,1,0,,cbc+consensus5,5,0,5.0
card_0306,bagel,Bagel,,food,noun,content,0,0,cbc,1,0,,cbc+consensus18,18,0,10.2
card_0307,baked beans,Baked beans,,food,noun,content,0,0,cbc,2,1,card_0016|card_1245,cbc+consensus4,4,0,4.6
card_0308,ball,Ball,,things,noun,content,0,0,cbc,1,0,,cbc+consensus19,19,6,13.52
card_0309,banana,Banana,,nature,noun,content,0,0,cbc,1,0,,cbc+consensus21,21,6,14.32
card_0310,bank,Bank,,nature,noun,content,0,0,cbc,1,0,,cbc+consensus19,19,3,12.68
card_0311,baseball bat,Baseball bat,,things,noun,content,0,0,cbc,2,1,card_1237|card_0313,cbc+consensus4,4,0,4.6
card_0312,basketball,Basketball,,play,noun,content,0,0,cbc,1,0,,cbc+consensus20,20,6,13.92
card_0313,bat,Bat,,actions,noun,content,0,0,cbc,1,0,,cbc+consensus12,12,1,8.84
card_0314,battery,Battery,,technology,noun,content,0,0,cbc,1,0,,cbc+consensus19,19,1,11.64
card_0315,beach,Beach,,nature,noun,content,0,0,cbc,1,0,,cbc+consensus20,20,6,13.92
card_0316,beads,Beads,,things,noun,content,0,0,cbc,1,0,,cbc+consensus4,4,0,4.6
card_0317,beanbag,Beanbag,,things,noun,content,0,0,cbc,1,0,,cbc,1,0,3.4
card_0318,beef,Beef,,animals,noun,content,0,0,cbc,1,0,,cbc+consensus21,21,7,14.52
card_0319,beehive,Beehive,,things,noun,content,0,0,cbc,1,0,,cbc+consensus4,4,0,4.6
card_0320,beer,Beer,,drink,noun,content,0,0,cbc,1,0,,cbc+consensus15,15,16,13.25
card_0321,bees nest,Bees nest,,nature,noun,content,0,0,cbc,2,1,card_1254|card_0605,cbc,1,0,3.4
card_0322,beetle,Beetle,,animals,noun,content,0,0,cbc,1,0,,cbc+consensus12,12,0,7.8
card_0323,beetroot,Beetroot,,nature,noun,content,0,0,cbc,1,0,,cbc,1,0,3.4
card_0324,behind,Behind,,core,func,content,0,0,cbc,1,0,,cbc+consensus19,19,11,14.33
card_0325,between,Between,,core,func,content,0,0,cbc,1,0,,cbc+consensus14,14,13,12.56
card_0326,bicycle,Bicycle,bicycling,transport,noun,content,0,0,cbc,1,0,,cbc+consensus9,9,0,6.6
card_0327,bird,Bird,birds,animals,noun,content,0,0,cbc,1,0,,cbc+consensus21,21,4,13.81
card_0328,biscuits,Biscuits,cookies,food,noun,content,0,0,cbc,1,0,,cbc,1,1,4.44
card_0329,blackboard,Blackboard,,school,noun,content,0,0,cbc,1,0,,cbc,1,0,3.4
card_0330,blanket,Blanket,,things,noun,content,0,0,cbc,1,0,,cbc+consensus19,19,32,15.84
card_0331,blood pressure,Blood pressure,,health,noun,content,0,0,cbc,2,1,card_1283|card_2411,cbc+consensus5,5,0,5.0
card_0332,blouse,Blouse,,clothes,noun,content,0,0,cbc,1,0,,cbc+consensus10,10,1,8.04
card_0333,boat,Boat,,transport,noun,content,0,0,cbc,1,0,,cbc+consensus21,21,2,13.05
card_0334,bobble hat,Bobble hat,beanie,clothes,noun,content,0,0,cbc,2,0,,cbc,1,0,3.4
card_0335,boccia,Boccia,,things,noun,content,0,0,cbc,1,0,,cbc,3,0,4.2
card_0336,boiled egg,Boiled egg,,food,noun,content,0,0,cbc,2,1,card_1288|card_1650,cbc,1,0,3.4
card_0337,bone,Bone,,body,noun,content,0,0,cbc,1,0,,cbc+consensus14,14,1,9.64
card_0338,book shelf,Book shelf,,things,noun,content,0,0,cbc,2,1,card_1290|card_2588,cbc,1,0,3.4
card_0339,bookcase,Bookcase,,home,noun,content,0,0,cbc,1,0,,cbc+consensus10,10,0,7.0
card_0340,boots,Boots,,things,noun,content,0,0,cbc,1,0,,cbc+consensus7,7,0,5.8
card_0341,bottom,Bottom,,body,noun,content,0,0,cbc,1,0,,cbc+consensus21,21,1,12.44
card_0342,bow tie,Bow tie,,clothes,noun,content,0,0,cbc,2,1,card_1298|card_0788,cbc,1,0,3.4
card_0343,bowl,Bowl,,things,noun,content,0,0,cbc,1,0,,cbc+consensus20,20,3,13.08
card_0344,bowling,Bowling,,play,noun,content,0,0,cbc,1,0,,cbc+consensus19,19,3,12.68
card_0345,boxer shorts,Boxer shorts,boxers,clothes,noun,content,0,0,cbc,2,0,,cbc,2,0,3.8
card_0346,bra,Bra,,clothes,noun,content,0,0,cbc,1,0,,cbc+consensus9,9,0,6.6
card_0347,branch,Branch,,people,noun,content,0,0,cbc,1,0,,cbc+consensus14,14,0,8.6
card_0348,bread,Bread,,food,noun,content,0,0,cbc,1,0,,cbc+consensus19,19,7,13.72
card_0349,bricks,Bricks,,things,noun,content,0,0,cbc,1,0,,cbc+consensus4,4,0,4.6
card_0350,broccoli,Broccoli,,nature,noun,content,0,0,cbc,1,0,,cbc+consensus21,21,2,13.05
card_0351,broken,Broken,,describing,noun,content,0,0,cbc,1,0,,cbc+consensus11,11,46,13.18
card_0352,brother,Brother,,people,noun,content,0,0,cbc,1,0,,cbc+consensus22,22,15,15.96
card_0353,brussels sprouts,Brussels sprouts,,food,noun,content,0,0,cbc,2,0,,cbc+consensus4,4,0,4.6
card_0354,bubbles,Bubbles,,nature,noun,content,0,0,cbc,1,0,,cbc+consensus13,13,1,9.24
card_0355,bus,Bus,,school,noun,content,0,0,cbc,1,0,,cbc+consensus22,22,21,16.44
card_0356,bush,Bush,,nature,noun,content,0,0,cbc,1,0,,cbc+consensus19,19,0,10.6
card_0357,butterfly,Butterfly,,animals,noun,content,0,0,cbc,1,0,,cbc+consensus13,13,0,8.2
card_0358,cabbage,Cabbage,,food,noun,content,0,0,cbc,1,0,,cbc+consensus6,6,0,5.4
card_0359,cactus,Cactus,,nature,noun,content,0,0,cbc,1,0,,cbc+consensus8,8,0,6.2
card_0360,cage,Cage,,things,noun,content,0,0,cbc,1,0,,cbc+consensus9,9,0,6.6
card_0361,cake slice,Cake slice,,things,noun,content,0,0,cbc,2,1,card_1341|card_2618,cbc,1,0,3.4
card_0362,calculator,Calculator,,school,noun,content,0,0,cbc,1,0,,cbc+consensus9,9,0,6.6
card_0363,camel,Camel,,animals,noun,content,0,0,cbc,1,0,,cbc+consensus21,21,0,11.4
card_0364,camera,Camera,,technology,noun,content,0,0,cbc,1,0,,cbc+consensus20,20,0,11.0
card_0365,candy cane,Candy cane,,food,noun,content,0,0,cbc,2,0,,cbc+consensus4,4,0,4.6
card_0366,cap,Cap,,clothes,noun,content,0,0,cbc,1,0,,cbc,1,3,5.48
card_0367,car,Car,cars,transport,noun,content,0,0,cbc,1,0,,cbc+consensus22,22,91,18.58
card_0368,carpenter,Carpenter,,people,noun,content,0,0,cbc,1,0,,cbc+consensus11,11,2,9.05
card_0369,carrot,Carrot,carrots,nature,noun,content,0,0,cbc,1,0,,cbc+consensus20,20,3,13.08
card_0370,carrot soup,Carrot soup,,food,noun,content,0,0,cbc,2,1,card_0369|card_0740,cbc,1,0,3.4
card_0371,cat,Cat,,animals,noun,content,0,0,cbc,1,0,,cbc+consensus22,22,40,17.37
card_0372,caterpillar,Caterpillar,,animals,noun,content,0,0,cbc,1,0,,cbc+consensus13,13,0,8.2
card_0373,cereal,Cereal,,nature,noun,content,0,0,cbc,1,0,,cbc+consensus21,21,6,14.32
card_0374,chair,Chair,chairs,home,noun,content,0,0,cbc,1,0,,cbc+consensus22,22,11,15.53
card_0375,chameleon,Chameleon,,people,noun,content,0,0,cbc,1,0,,cbc,3,0,4.2
card_0376,cheek,Cheek,,body,noun,content,0,0,cbc,1,0,,cbc+consensus8,8,2,7.85
card_0377,cheese,Cheese,,food,noun,content,0,0,cbc,1,0,,cbc+consensus21,21,18,15.82
card_0378,cheetah,Cheetah,,animals,noun,content,0,0,cbc,1,0,,cbc+consensus5,5,0,5.0
card_0379,cherry,Cherry,cherries,nature,noun,content,0,0,cbc,1,0,,cbc+consensus11,11,3,9.48
card_0380,chick,Chick,,animals,noun,content,0,0,cbc,1,0,,cbc+consensus10,10,0,7.0
card_0381,chicken soup,Chicken soup,,food,noun,content,0,0,cbc,2,1,card_1401|card_0740,cbc,1,0,3.4
card_0382,chilli pepper,Chilli pepper,,nature,noun,content,0,0,cbc,2,0,,cbc,1,0,3.4
card_0383,chimpanzee,Chimpanzee,,animals,noun,content,0,0,cbc,1,0,,cbc+consensus5,5,0,5.0
card_0384,chin,Chin,,body,noun,content,0,0,cbc,1,0,,cbc+consensus16,16,0,9.4
card_0385,chips,Chips,fries,food,noun,content,0,0,cbc,1,0,,cbc+consensus22,22,6,14.72
card_0386,chocolate,Chocolate,,drink,noun,content,0,0,cbc,1,0,,cbc+consensus17,17,11,13.53
card_0387,chocolate chip biscuit,Chocolate chip biscuit,,food,noun,content,0,0,cbc,3,0,,cbc,1,0,3.4
card_0388,church,Church,,people,noun,content,0,0,cbc,1,0,,cbc+consensus20,20,25,15.89
card_0389,closed,Closed,,describing,verb,content,0,0,cbc,1,0,,cbc+corpus38,3,38,9.7
card_0390,cloudy,Cloudy,,describing,noun,content,0,0,cbc,1,0,,cbc+consensus14,14,5,11.29
card_0391,coat,Coat,,clothes,noun,content,0,0,cbc,1,0,,cbc+consensus17,17,13,13.76
card_0392,cockatiel,Cockatiel,,animals,noun,content,0,0,cbc,1,0,,cbc,1,0,3.4
card_0393,cockerel,Cockerel,,animals,noun,content,0,0,cbc,1,0,,cbc,1,0,3.4
card_0394,coffee,Coffee,,drink,noun,content,0,0,cbc,1,0,,cbc+consensus19,19,73,17.06
card_0395,coffee table,Coffee table,,home,noun,content,0,0,cbc,2,1,card_0394|card_0768,cbc,3,0,4.2
card_0396,colour,Colour,color,describing,noun,content,0,0,cbc,1,0,,cbc,3,3,6.28
card_0397,colouring book,Colouring book,,ideas,noun,content,0,0,cbc,2,0,,cbc,1,0,3.4
card_0398,comb,Comb,combed|combing|combs,things,noun,content,0,0,cbc,1,0,,cbc+consensus12,12,3,9.88
card_0399,computer,Computer,computers,technology,noun,content,0,0,cbc,1,0,,cbc+consensus22,22,31,17.0
card_0400,computer keyboard,Computer keyboard,,technology,noun,content,0,0,cbc,2,0,,cbc,1,0,3.4
card_0401,computer mouse,Computer mouse,,technology,noun,content,0,0,cbc,2,1,card_0399|card_0597,cbc,1,0,3.4
card_0402,cooker,Cooker,stove,home,noun,content,0,0,cbc,1,0,,cbc,1,0,3.4
card_0403,corner cabinet,Corner cabinet,,home,noun,content,0,0,cbc,2,0,,cbc,1,0,3.4
card_0404,countries,Countries,,people,noun,content,0,0,cbc,1,0,,cbc,2,9,7.25
card_0405,cow,Cow,,animals,noun,content,0,0,cbc,1,0,,cbc+consensus21,21,4,13.81
card_0406,crab,Crab,crabs,animals,noun,content,0,0,cbc,1,0,,cbc+consensus15,15,0,9.0
card_0407,cranberry juice,Cranberry juice,,drink,noun,content,0,0,cbc,2,0,,cbc,1,0,3.4
card_0408,crayon,Crayon,crayons,school,noun,content,0,0,cbc,1,0,,cbc+consensus21,21,1,12.44
card_0409,cricket,Cricket,,animals,noun,content,0,0,cbc,1,0,,cbc+consensus7,7,0,5.8
card_0410,crisps,Crisps,chips,food,noun,content,0,0,cbc,1,0,,cbc,1,0,3.4
card_0411,crocodile,Crocodile,,animals,noun,content,0,0,cbc,1,0,,cbc+consensus7,7,2,7.45
card_0412,croissant,Croissant,,food,noun,content,0,0,cbc,1,0,,cbc+consensus11,11,0,7.4
card_0413,cucumber,Cucumber,cucumbers,nature,noun,content,0,0,cbc,1,0,,cbc+consensus18,18,1,11.24
card_0414,curly,Curly,curlier|curliest,describing,adv,content,0,0,cbc,1,0,,cbc+consensus12,12,0,7.8
card_0415,curtains,Curtains,,things,noun,content,0,0,cbc,1,0,,cbc,2,3,5.88
card_0416,dad,Dad,father|daddy|papa,people,noun,content,0,0,cbc,1,0,,cbc+consensus22,22,24,16.63
card_0417,daffodil,Daffodil,,nature,noun,content,0,0,cbc,1,0,,cbc+consensus9,9,2,8.25
card_0418,daisy,Daisy,,nature,noun,content,0,0,cbc,1,0,,cbc+consensus11,11,0,7.4
card_0419,darts,Darts,,play,noun,content,0,0,cbc,1,0,,cbc+consensus11,11,0,7.4
card_0420,daughter,Daughter,,people,noun,content,0,0,cbc,1,0,,cbc+consensus10,10,8,10.3
card_0421,dead plant,Dead plant,,things,noun,content,0,0,cbc,2,1,card_1546|card_2362,cbc,1,0,3.4
card_0422,deep,Deep,deeper|deepest,describing,noun,content,0,0,cbc,1,0,,cbc+consensus18,18,5,12.89
card_0423,deer,Deer,,animals,noun,content,0,0,cbc,1,0,,cbc+consensus19,19,0,10.6
card_0424,delivery person,Delivery person,,things,noun,content,0,0,cbc,2,0,,cbc,1,0,3.4
card_0425,dentist,Dentist,dentists,health,noun,content,0,0,cbc,1,0,,cbc+consensus18,18,1,11.24
card_0426,deodorant,Deodorant,,things,noun,content,0,0,cbc,1,0,,cbc+consensus19,19,0,10.6
card_0427,diamond,Diamond,,things,noun,content,0,0,cbc,1,0,,cbc+consensus20,20,0,11.0
card_0428,dining table,Dining table,,home,noun,content,0,0,cbc,2,0,,cbc+consensus8,8,1,7.24
card_0429,dinosaur,Dinosaur,dinosaurs,animals,noun,content,0,0,cbc,1,0,,cbc+consensus21,21,0,11.4
card_0430,doctor,Doctor,,health,noun,content,0,0,cbc,1,0,,cbc+consensus23,23,81,18.81
card_0431,dog,Dog,,animals,noun,content,0,0,cbc,1,0,,cbc+consensus22,22,149,19.32
card_0432,dog kennel,Dog kennel,,things,noun,content,0,0,cbc,2,1,card_0431|card_2025,cbc,1,0,3.4
card_0433,doll,Doll,,things,noun,content,0,0,cbc,1,0,,cbc+consensus17,17,3,11.88
card_0434,dolphin,Dolphin,,animals,noun,content,0,0,cbc,1,0,,cbc+consensus16,16,0,9.4
card_0435,donkey,Donkey,,ideas,noun,content,0,0,cbc,1,0,,cbc+consensus12,12,0,7.8
card_0436,door,Door,,things,noun,content,0,0,cbc,1,0,,cbc+consensus21,21,54,17.41
card_0437,dove,Dove,,animals,noun,content,0,0,cbc,1,0,,cbc+consensus4,4,2,6.25
card_0438,dragonfly,Dragonfly,,animals,noun,content,0,0,cbc,1,0,,cbc+consensus10,10,0,7.0
card_0439,drama class,Drama class,,school,noun,content,0,0,cbc,2,0,,cbc,1,0,3.4
card_0440,drawer,Drawer,,things,noun,content,0,0,cbc,1,0,,cbc+consensus20,20,6,13.92
card_0441,dresser,Dresser,,home,noun,content,0,0,cbc,1,0,,cbc+consensus17,17,3,11.88
card_0442,drinking glass,Drinking glass,,things,noun,content,0,0,cbc,2,1,card_0057|card_1816,cbc,1,0,3.4
card_0443,duck,Duck,,actions,noun,content,0,0,cbc,1,0,,cbc+consensus19,19,0,10.6
card_0444,dvd player,Dvd player,,technology,noun,content,0,0,cbc,2,0,,cbc+consensus7,7,1,6.84
card_0445,ear,Ear,,body,noun,content,0,0,cbc,1,0,,cbc+consensus21,21,4,13.81
card_0446,earwig,Earwig,,animals,noun,content,0,0,cbc,1,0,,cbc,1,0,3.4
card_0447,eight,Eight,,numbers,num,number,0,0,cbc,1,0,,cbc+curated+consensus4,4,2,9.25
card_0448,elbow,Elbow,,body,noun,content,0,0,cbc,1,0,,cbc+consensus16,16,0,9.4
card_0449,electric charger,Electric charger,,technology,noun,content,0,0,cbc,2,0,,cbc,1,0,3.4
card_0450,electric razor,Electric razor,,things,noun,content,0,0,cbc,2,0,,cbc,2,0,3.8
card_0451,elephant,Elephant,,animals,noun,content,0,0,cbc,1,0,,cbc+consensus21,21,0,11.4
card_0452,elf,Elf,,things,noun,content,0,0,cbc,1,0,,cbc+consensus9,9,0,6.6
card_0453,english class,English class,,school,noun,content,0,0,cbc,2,0,,cbc,2,0,3.8
card_0454,extension lead,Extension lead,,actions,phrase,content,0,0,cbc,2,0,,cbc,1,0,3.4
card_0455,eye,Eye,,body,noun,content,0,0,cbc,1,0,,cbc+consensus21,21,14,15.46
card_0456,eyebrow,Eyebrow,eyebrows,body,noun,content,0,0,cbc,1,0,,cbc+consensus11,11,0,7.4
card_0457,eyelash,Eyelash,eyelashes,body,noun,content,0,0,cbc,1,0,,cbc+consensus6,6,0,5.4
card_0458,eyes,Eyes,,ideas,noun,content,0,0,cbc,1,0,,cbc,3,14,8.26
card_0459,face,Face,,body,noun,content,0,0,cbc,1,0,,cbc+consensus22,22,11,15.53
card_0460,fairy,Fairy,,things,noun,content,0,0,cbc,1,0,,cbc+consensus8,8,0,6.2
card_0461,family,Family,families,people,noun,content,0,0,cbc,1,0,,cbc+consensus22,22,28,16.85
card_0462,fancy,Fancy,fancier|fanciest,actions,noun,content,0,0,cbc,1,0,,cbc+consensus4,4,4,7.01
card_0463,fat,Fat,fatter|fattest,describing,noun,content,0,0,cbc,1,0,,cbc+consensus17,17,11,13.53
card_0464,ferry,Ferry,,actions,noun,content,0,0,cbc,1,0,,cbc+consensus5,5,0,5.0
card_0465,field,Field,,places,noun,content,0,0,cbc,1,0,,cbc+consensus9,9,3,8.68
card_0466,finger,Finger,,body,noun,content,0,0,cbc,1,0,,cbc+consensus18,18,7,13.32
card_0467,fingernail,Fingernail,,body,noun,content,0,0,cbc,1,0,,cbc+consensus8,8,0,6.2
card_0468,fire engine,Fire engine,,transport,noun,content,0,0,cbc,2,1,card_1734|card_1665,cbc+consensus7,7,0,5.8
card_0469,fish,Fish,fished|fishes|fishing,animals,noun,content,0,0,cbc,1,0,,cbc+consensus21,21,19,15.89
card_0470,fish koi carp,Fish koi carp,,food,noun,content,0,0,cbc,3,0,,cbc,1,0,3.4
card_0471,five,Five,,numbers,num,number,0,0,cbc,1,0,,cbc+curated+consensus5,5,15,12.16
card_0472,flamingo,Flamingo,,animals,noun,content,0,0,cbc,1,0,,cbc+consensus6,6,0,5.4
card_0473,flower,Flower,flowers,nature,noun,content,0,0,cbc,1,0,,cbc+consensus23,23,12,16.05
card_0474,foot,Foot,,body,noun,content,0,0,cbc,1,0,,cbc+consensus22,22,19,16.29
card_0475,fork,Fork,,things,noun,content,0,0,cbc,1,0,,cbc+consensus22,22,1,12.84
card_0476,forwards,Forwards,,people,noun,content,0,0,cbc,1,0,,cbc,2,19,8.29
card_0477,four,Four,,numbers,num,number,0,0,cbc,1,0,,cbc+curated+consensus5,5,14,12.06
card_0478,fox,Fox,,animals,noun,content,0,0,cbc,1,0,,cbc+consensus12,12,0,7.8
card_0479,fridge,Fridge,,home,noun,content,0,0,cbc,1,0,,cbc+consensus14,14,14,12.66
card_0480,fried egg,Fried egg,,food,noun,content,0,0,cbc,2,1,card_1786|card_1650,cbc+consensus9,9,0,6.6
card_0481,frog,Frog,,animals,noun,content,0,0,cbc,1,0,,cbc+consensus21,21,0,11.4
card_0482,garage,Garage,,things,noun,content,0,0,cbc,1,0,,cbc+consensus8,8,10,9.8
card_0483,gardener,Gardener,,people,noun,content,0,0,cbc,1,0,,cbc+consensus4,4,0,4.6
card_0484,geography class,Geography class,,school,noun,content,0,0,cbc,2,1,card_1806|card_1427,cbc,1,0,3.4
card_0485,ghost,Ghost,,ideas,noun,content,0,0,cbc,1,0,,cbc+consensus14,14,2,10.25
card_0486,giraffe,Giraffe,,animals,noun,content,0,0,cbc,1,0,,cbc+consensus21,21,0,11.4
card_0487,glasses,Glasses,,things,noun,content,0,0,cbc,1,0,,cbc+consensus18,18,50,16.1
card_0488,gloves,Gloves,,things,noun,content,0,0,cbc,1,0,,cbc+consensus14,14,2,10.25
card_0489,glue,Glue,glued|glues|gluing,school,noun,content,0,0,cbc,1,0,,cbc+consensus22,22,0,11.8
card_0490,goldfish,Goldfish,,animals,noun,content,0,0,cbc,1,0,,cbc+consensus13,13,1,9.24
card_0491,golf,Golf,,play,noun,content,0,0,cbc,1,0,,cbc+consensus20,20,3,13.08
card_0492,goodbye,Goodbye,bye|see you,ideas,noun,social,0,0,cbc,1,0,,cbc+curated+consensus18,18,9,16.65
card_0493,goose,Goose,,animals,noun,content,0,0,cbc,1,0,,cbc+consensus18,18,0,10.2
card_0494,gorilla,Gorilla,,animals,noun,content,0,0,cbc,1,0,,cbc+consensus11,11,0,7.4
card_0495,grandfather,Grandfather,grandpa|grandad|granddad,people,noun,content,0,0,cbc,1,0,,cbc+consensus4,4,1,5.64
card_0496,grandmother,Grandmother,grandma|nan|nana|granny,people,noun,content,0,0,cbc,1,0,,cbc+consensus4,4,4,7.01
card_0497,grape juice,Grape juice,,drink,noun,content,0,0,cbc,2,0,,cbc+consensus10,10,0,7.0
card_0498,grapefruit,Grapefruit,,nature,noun,content,0,0,cbc,1,0,,cbc+consensus10,10,0,7.0
card_0499,grapes,Grapes,,food,noun,content,0,0,cbc,1,0,,cbc+consensus18,18,1,11.24
card_0500,grass,Grass,,nature,noun,content,0,0,cbc,1,0,,cbc+consensus19,19,3,12.68
card_0501,green beans,Green beans,,food,noun,content,0,0,cbc,2,1,card_0082|card_1245,cbc+consensus6,6,1,6.44
card_0502,gum,Gum,,food,noun,content,0,0,cbc,1,0,,cbc,1,6,6.32
card_0503,gym,Gym,,school,noun,content,0,0,cbc,1,0,,cbc+consensus9,9,8,9.9
card_0504,hair conditioner,Hair conditioner,,activities,phrase,content,0,0,cbc,2,1,card_1861|card_1468,cbc,1,0,3.4
card_0505,hair dryer,Hair dryer,,things,noun,content,0,0,cbc,2,1,card_1861|card_0059,cbc+consensus7,7,0,5.8
card_0506,hair dye,Hair dye,,things,noun,content,0,0,cbc,2,0,,cbc,1,0,3.4
card_0507,hamburger,Hamburger,,food,noun,content,0,0,cbc,1,0,,cbc+consensus20,20,6,13.92
card_0508,hamster,Hamster,,animals,noun,content,0,0,cbc,1,0,,cbc+consensus15,15,0,9.0
card_0509,head,Head,,body,noun,content,0,0,cbc,1,0,,cbc+consensus22,22,37,17.26
card_0510,headache,Headache,,health,noun,content,0,0,cbc,1,0,,cbc+consensus18,18,11,13.93
card_0511,headphones,Headphones,,technology,noun,content,0,0,cbc,1,0,,cbc+consensus6,6,7,8.52
card_0512,heavy,Heavy,heavier|heaviest,describing,adj,content,0,0,cbc,1,0,,cbc+consensus18,18,15,14.36
card_0513,hedge,Hedge,,things,noun,content,0,0,cbc,1,0,,cbc+consensus5,5,0,5.0
card_0514,hedgehog,Hedgehog,,animals,noun,content,0,0,cbc,1,0,,cbc+consensus5,5,0,5.0
card_0515,helicopter,Helicopter,,transport,noun,content,0,0,cbc,1,0,,cbc+consensus20,20,0,11.0
card_0516,hello,Hello,hi|hey,ideas,noun,social,0,0,cbc,1,0,,cbc+curated+consensus20,20,42,19.64
card_0517,hexagon,Hexagon,,describing,noun,content,0,0,cbc,1,0,,cbc+consensus9,9,0,6.6
card_0518,high chair,High chair,,home,noun,content,0,0,cbc,2,1,card_1895|card_0374,cbc,3,0,4.2
card_0519,hip,Hip,,body,noun,content,0,0,cbc,1,0,,cbc+consensus12,12,0,7.8
card_0520,hippopotamus,Hippopotamus,,animals,noun,content,0,0,cbc,1,0,,cbc,2,0,3.8
card_0521,history class,History class,,school,noun,content,0,0,cbc,2,1,card_1901|card_1427,cbc,1,0,3.4
card_0522,holly,Holly,,nature,adv,content,0,0,cbc,1,0,,cbc,1,0,3.4
card_0523,honey bee,Honey bee,,animals,noun,content,0,0,cbc,2,1,card_1909|card_1254,cbc,1,0,3.4
card_0524,hoodie,Hoodie,,things,noun,content,0,0,cbc,1,0,,cbc,3,1,5.24
card_0525,horse,Horse,,animals,noun,content,0,0,cbc,1,0,,cbc+consensus21,21,2,13.05
card_0526,hot air balloon,Hot air balloon,,transport,noun,content,0,0,cbc,3,1,card_0097|card_1126|card_1229,cbc+consensus5,5,0,5.0
card_0527,hot chocolate,Hot chocolate,,drink,noun,content,0,0,cbc,2,1,card_0097|card_0386,cbc+consensus12,12,1,8.84
card_0528,hot dog,Hot dog,,people,noun,content,0,0,cbc,2,1,card_0097|card_0431,cbc+consensus17,17,0,9.8
card_0529,house,House,housing,things,noun,content,0,0,cbc,1,0,,cbc+consensus19,19,40,16.17
card_0530,how many,How many,,phrases,phrase,question,0,0,cbc,2,1,card_0098|card_0130,cbc+curated+consensus7,7,20,13.37
card_0531,i am,I am,,phrases,phrase,statement,0,0,cbc,2,1,card_0102|card_0008,cbc+corpus498,2,498,13.12
card_0532,i can't speak,I can't speak,i cannot speak|i use a device to talk,phrases,phrase,statement,0,0,cbc,3,1,card_0102|card_0152|card_3061,cbc,1,2,5.05
card_0533,i dislike,I dislike,i don't like|i hate,phrases,phrase,statement,0,0,cbc,2,1,card_0102|card_1593,cbc,1,0,3.4
card_0534,i have,I have,,phrases,phrase,statement,0,0,cbc,2,1,card_0102|card_0089,cbc+corpus322,2,322,12.47
card_0535,i have pain in,I have pain in,it hurts|my ... hurts|pain,health,noun,content,0,0,cbc,4,1,card_0102|card_0089|card_2294|card_0104,cbc,1,0,1.9
card_0536,i love,I love,,phrases,phrase,statement,0,0,cbc,2,1,card_0102|card_0128,cbc+corpus153,2,153,11.36
card_0537,i need,I need,i have to|i've got to|need,phrases,phrase,request,0,0,cbc,2,1,card_0102|card_0145,cbc+curated+consensus8,8,279,17.65
card_0538,i saw,I saw,,phrases,phrase,statement,0,0,cbc,2,1,card_0102|card_2547,cbc,1,22,8.1
card_0539,i want,I want,i would like|i'd like|i wanna|want,phrases,phrase,request,0,0,cbc,2,1,card_0102|card_0247,cbc+curated+consensus4,4,150,15.13
card_0540,i went by,I went by,,phrases,phrase,statement,0,0,cbc,3,1,card_0102|card_2957|card_1339,cbc,1,0,3.4
card_0541,i'm hungry,I'm hungry,i am hungry|hungry,feelings,phrase,feeling,0,0,cbc,2,1,card_0102|card_0100,cbc+consensus5,5,14,9.06
card_0542,i'm thirsty,I'm thirsty,i am thirsty|thirsty,feelings,phrase,feeling,0,0,cbc,2,1,card_0102|card_0226,cbc+consensus5,5,9,8.45
card_0543,ice cream,Ice cream,,food,noun,content,0,0,cbc,2,1,card_1957|card_1510,cbc+consensus18,18,14,14.26
card_0544,ice lolly,Ice lolly,popsicle,food,noun,content,0,0,cbc,2,0,,cbc,1,0,3.4
card_0545,in front,In front,,core,func,content,0,0,cbc,2,1,card_0104|card_1782,cbc,1,2,5.05
card_0546,inhaler,Inhaler,,health,noun,content,0,0,cbc,1,0,,cbc+consensus8,8,0,6.2
card_0547,iphone,Iphone,,technology,noun,content,0,0,cbc,1,0,,cbc,2,1,4.84
card_0548,ipod,Ipod,,technology,noun,content,0,0,cbc,1,0,,cbc+consensus7,7,4,8.21
card_0549,it class,It class,,school,noun,content,0,0,cbc,2,1,card_0106|card_1427,cbc,1,0,3.4
card_0550,it is,It is,,phrases,phrase,statement,0,0,cbc,2,1,card_0106|card_0105,cbc+corpus166,2,166,11.48
card_0551,itch,Itch,itched|itches|itching,health,noun,content,0,0,cbc,1,0,,cbc+consensus14,14,9,12.05
card_0552,ivy,Ivy,,nature,noun,content,0,0,cbc,1,0,,cbc+consensus8,8,0,6.2
card_0553,jacket,Jacket,,clothes,noun,content,0,0,cbc,1,0,,cbc+consensus13,13,18,12.62
card_0554,jeep,Jeep,,transport,noun,content,0,0,cbc,1,0,,cbc+consensus8,8,0,6.2
card_0555,jelly beans,Jelly beans,,food,noun,content,0,0,cbc,2,1,card_2006|card_1245,cbc+consensus9,9,0,6.6
card_0556,jellyfish,Jellyfish,,animals,noun,content,0,0,cbc,1,0,,cbc+consensus10,10,0,7.0
card_0557,jewellery,Jewellery,,things,noun,content,0,0,cbc,1,0,,cbc+consensus17,17,0,9.8
card_0558,judo,Judo,,play,noun,content,0,0,cbc,1,0,,cbc,3,0,4.2
card_0559,jumper,Jumper,sweater|jumpers,people,noun,content,0,0,cbc,1,0,,cbc,2,0,3.8
card_0560,kangaroo,Kangaroo,,animals,noun,content,0,0,cbc,1,0,,cbc+consensus12,12,0,7.8
card_0561,killer whale,Killer whale,,animals,noun,content,0,0,cbc,2,0,,cbc,1,0,3.4
card_0562,kite,Kite,,things,noun,content,0,0,cbc,1,0,,cbc+consensus6,6,2,7.05
card_0563,kiwi,Kiwi,,nature,noun,content,0,0,cbc,1,0,,cbc+consensus10,10,0,7.0
card_0564,knee,Knee,knees,body,noun,content,0,0,cbc,1,0,,cbc+consensus12,12,3,9.88
card_0565,knife,Knife,,things,noun,content,0,0,cbc,1,0,,cbc+consensus23,23,0,12.2
card_0566,koala,Koala,,animals,noun,content,0,0,cbc,1,0,,cbc+consensus5,5,0,5.0
card_0567,lamp,Lamp,,things,noun,content,0,0,cbc,1,0,,cbc+consensus14,14,3,10.68
card_0568,laptop,Laptop,,technology,noun,content,0,0,cbc,1,0,,cbc+consensus11,11,6,10.32
card_0569,large,Large,largest,describing,adj,content,0,0,cbc,1,0,,cbc+consensus16,16,4,11.81
card_0570,last month,Last month,,time,noun,content,0,0,cbc,2,1,card_0114|card_0138,cbc,1,2,5.05
card_0571,leaf,Leaf,leaves,nature,noun,content,0,0,cbc,1,0,,cbc+consensus20,20,0,11.0
card_0572,left hand,Left hand,,body,noun,content,0,0,cbc,2,1,card_0118|card_1866,cbc,1,0,3.4
card_0573,leg,Leg,,body,noun,content,0,0,cbc,1,0,,cbc+consensus21,21,29,16.5
card_0574,lego,Lego,legos,things,noun,content,0,0,cbc,1,0,,cbc+consensus11,11,0,7.4
card_0575,lemonade,Lemonade,soda,drink,noun,content,0,0,cbc,1,0,,cbc+consensus20,20,4,13.41
card_0576,let's go by,Let's go by,,phrases,phrase,request,0,0,cbc,3,1,card_2066|card_0080|card_1339,cbc,1,0,3.4
card_0577,lettuce,Lettuce,,things,noun,content,0,0,cbc,1,0,,cbc+consensus19,19,0,10.6
card_0578,light,Light,lighter|lightest|lights,weather,noun,content,0,0,cbc,1,0,,cbc+consensus22,22,35,17.18
card_0579,lion,Lion,,animals,noun,content,0,0,cbc,1,0,,cbc+consensus21,21,2,13.05
card_0580,lips,Lips,,body,noun,content,0,0,cbc,1,0,,cbc+consensus4,4,2,6.25
card_0581,lorry,Lorry,truck,transport,noun,content,0,0,cbc,1,0,,cbc,1,0,3.4
card_0582,make up,Make up,,actions,phrase,content,0,0,cbc,2,1,card_0129|card_0243,cbc,2,3,5.88
card_0583,mango,Mango,,nature,noun,content,0,0,cbc,1,0,,cbc+consensus9,9,2,8.25
card_0584,marshmallows,Marshmallows,,food,noun,content,0,0,cbc,1,0,,cbc,2,0,3.8
card_0585,mashed potato,Mashed potato,,food,noun,content,0,0,cbc,2,0,,cbc,2,0,3.8
card_0586,maths class,Maths class,math class,school,noun,content,0,0,cbc,2,0,,cbc,1,0,3.4
card_0587,mauve,Mauve,,colours,adj,content,0,0,cbc,1,0,,cbc,1,0,3.4
card_0588,medicine,Medicine,medicines,health,noun,content,0,0,cbc,1,0,,cbc+consensus22,22,31,17.0
card_0589,melon,Melon,,food,noun,content,0,0,cbc,1,0,,cbc+consensus5,5,0,5.0
card_0590,milk,Milk,,drink,noun,content,0,0,cbc,1,0,,cbc+consensus23,23,40,17.77
card_0591,milkshake,Milkshake,,drink,noun,content,0,0,cbc,1,0,,cbc+consensus21,21,2,13.05
card_0592,mini bus,Mini bus,,transport,noun,content,0,0,cbc,2,0,,cbc,1,0,3.4
card_0593,minute,Minute,,time,noun,content,0,0,cbc,1,0,,cbc+consensus18,18,65,16.48
card_0594,monster,Monster,,things,noun,content,0,0,cbc,1,0,,cbc,1,0,3.4
card_0595,moth,Moth,,animals,noun,content,0,0,cbc,1,0,,cbc+consensus12,12,0,7.8
card_0596,motorcycle,Motorcycle,,transport,noun,content,0,0,cbc,1,0,,cbc+consensus20,20,0,11.0
card_0597,mouse,Mouse,,technology,noun,content,0,0,cbc,1,0,,cbc+consensus13,13,2,9.85
card_0598,mug,Mug,,quantity,noun,content,0,0,cbc,1,0,,cbc+consensus11,11,1,8.44
card_0599,mum,Mum,mom|mother|mummy|mommy|mama,describing,noun,content,0,0,cbc,1,0,,cbc,3,7,7.32
card_0600,muscles,Muscles,,body,noun,content,0,0,cbc,1,0,,cbc,1,4,5.81
card_0601,mushroom soup,Mushroom soup,,food,noun,content,0,0,cbc,2,1,card_2207|card_0740,cbc,1,0,3.4
card_0602,music class,Music class,,school,noun,content,0,0,cbc,2,1,card_2208|card_1427,cbc,2,0,3.8
card_0603,nail clippers,Nail clippers,,things,noun,content,0,0,cbc,2,1,card_2221|card_1435,cbc+consensus4,4,3,6.68
card_0604,neck,Neck,,body,noun,content,0,0,cbc,1,0,,cbc+consensus20,20,2,12.65
card_0605,nest,Nest,,nature,adj,content,0,0,cbc,1,0,,cbc+consensus9,9,1,7.64
card_0606,next month,Next month,,time,noun,content,0,0,cbc,2,1,card_0148|card_0138,cbc,1,1,4.44
card_0607,next week,Next week,,time,noun,content,0,0,cbc,2,1,card_0148|card_0253,cbc,1,16,7.65
card_0608,nine,Nine,,numbers,num,number,0,0,cbc,1,0,,cbc+curated+consensus4,4,1,8.64
card_0609,noisy,Noisy,,describing,noun,content,0,0,cbc,1,0,,cbc+consensus18,18,1,11.24
card_0610,noodles,Noodles,,food,noun,content,0,0,cbc,1,0,,cbc+consensus10,10,5,9.69
card_0611,notebook,Notebook,,school,noun,content,0,0,cbc,1,0,,cbc+consensus12,12,1,8.84
card_0612,nurse,Nurse,,health,noun,content,0,0,cbc,1,0,,cbc+consensus21,21,18,15.82
card_0613,nuts,Nuts,,nature,noun,content,0,0,cbc,1,0,,cbc+consensus18,18,3,12.28
card_0614,octagon,Octagon,,describing,noun,content,0,0,cbc,1,0,,cbc+consensus7,7,0,5.8
card_0615,office block,Office block,,things,noun,content,0,0,cbc,2,1,card_2264|card_1281,cbc,1,0,3.4
card_0616,olympic rings,Olympic rings,,things,noun,content,0,0,cbc,2,0,,cbc,1,0,3.4
card_0617,olympic torch,Olympic torch,,things,noun,content,0,0,cbc,2,0,,cbc,1,0,3.4
card_0618,one,One,ones,numbers,num,number,0,0,cbc,1,0,,cbc+curated+consensus9,9,257,17.93
card_0619,one hour,One hour,,time,noun,content,0,0,cbc,2,1,card_0618|card_1920,cbc,1,0,3.4
card_0620,onion,Onion,onions,nature,noun,content,0,0,cbc,1,0,,cbc+consensus18,18,5,12.89
card_0621,onion soup,Onion soup,,food,noun,content,0,0,cbc,2,1,card_0620|card_0740,cbc,1,0,3.4
card_0622,operation,Operation,,describing,noun,content,0,0,cbc,1,0,,cbc+consensus7,7,0,5.8
card_0623,orange juice,Orange juice,,drink,noun,content,0,0,cbc,2,1,card_0163|card_2016,cbc+consensus14,14,4,11.01
card_0624,ostrich,Ostrich,,people,noun,content,0,0,cbc,1,0,,cbc+consensus7,7,0,5.8
card_0625,oval,Oval,,describing,noun,content,0,0,cbc,1,0,,cbc+consensus19,19,0,10.6
card_0626,owl,Owl,,animals,noun,content,0,0,cbc,1,0,,cbc+consensus20,20,0,11.0
card_0627,oxygen mask,Oxygen mask,,things,noun,content,0,0,cbc,2,1,card_2290|card_2129,cbc,1,0,3.4
card_0628,oyster,Oyster,oysters,animals,noun,content,0,0,cbc,1,0,,cbc+consensus6,6,1,6.44
card_0629,palm tree,Palm tree,,nature,noun,content,0,0,cbc,2,0,,cbc+consensus9,9,0,6.6
card_0630,pancakes,Pancakes,,food,noun,content,0,0,cbc,1,0,,cbc+consensus7,7,5,8.49
card_0631,panda,Panda,,animals,noun,content,0,0,cbc,1,0,,cbc+consensus7,7,0,5.8
card_0632,pants,Pants,,clothes,noun,content,0,0,cbc,1,0,,cbc+consensus23,23,13,16.16
card_0633,paper tower,Paper tower,,things,noun,content,0,0,cbc,2,0,,cbc,1,0,3.4
card_0634,para olympic games,Para olympic games,,activities,phrase,content,0,0,cbc,3,0,,cbc,1,0,3.4
card_0635,parrot,Parrot,,animals,noun,content,0,0,cbc,1,0,,cbc+consensus16,16,0,9.4
card_0636,pasta,Pasta,,food,noun,content,0,0,cbc,1,0,,cbc+consensus21,21,10,15.0
card_0637,pea soup,Pea soup,,food,noun,content,0,0,cbc,2,0,,cbc,1,0,3.4
card_0638,peach,Peach,,nature,noun,content,0,0,cbc,1,0,,cbc+consensus19,19,6,13.52
card_0639,peacock,Peacock,,animals,noun,content,0,0,cbc,1,0,,cbc+consensus11,11,0,7.4
card_0640,peanut,Peanut,,nature,noun,content,0,0,cbc,1,0,,cbc+consensus4,4,13,8.56
card_0641,pear,Pear,pears,food,noun,content,0,0,cbc,1,0,,cbc+consensus13,13,1,9.24
card_0642,peas,Peas,,food,noun,content,0,0,cbc,1,0,,cbc+consensus17,17,0,9.8
card_0643,pen,Pen,,school,noun,content,0,0,cbc,1,0,,cbc+consensus22,22,12,15.65
card_0644,pencil,Pencil,,school,noun,content,0,0,cbc,1,0,,cbc+consensus22,22,11,15.53
card_0645,pencil case,Pencil case,,things,noun,content,0,0,cbc,2,1,card_0644|card_1365,cbc,1,0,3.4
card_0646,pencil sharpener,Pencil sharpener,,things,noun,content,0,0,cbc,2,1,card_0644|card_2585,cbc,1,0,3.4
card_0647,penguin,Penguin,,animals,noun,content,0,0,cbc,1,0,,cbc+consensus18,18,0,10.2
card_0648,pentagon,Pentagon,,things,noun,content,0,0,cbc,1,0,,cbc+consensus9,9,0,6.6
card_0649,pepper mill,Pepper mill,,things,noun,content,0,0,cbc,2,0,,cbc,1,0,3.4
card_0650,petal,Petal,,nature,noun,content,0,0,cbc,1,0,,cbc+consensus4,4,0,4.6
card_0651,picture,Picture,pictured|pictures|picturing,technology,noun,content,0,0,cbc,1,0,,cbc+consensus23,23,12,16.05
card_0652,pie,Pie,,food,noun,content,0,0,cbc,1,0,,cbc+consensus21,21,11,15.13
card_0653,piglet,Piglet,,animals,noun,content,0,0,cbc,1,0,,cbc+consensus12,12,0,7.8
card_0654,pine cone,Pine cone,,things,noun,content,0,0,cbc,2,0,,cbc,2,0,3.8
card_0655,pineapple,Pineapple,,nature,noun,content,0,0,cbc,1,0,,cbc+consensus10,10,4,9.41
card_0656,pineapple juice,Pineapple juice,,drink,noun,content,0,0,cbc,2,1,card_0655|card_2016,cbc,1,0,3.4
card_0657,pizza,Pizza,,food,noun,content,0,0,cbc,1,0,,cbc+consensus22,22,43,17.48
card_0658,place mat,Place mat,,things,noun,content,0,0,cbc,2,0,,cbc,2,0,3.8
card_0659,plaster,Plaster,band-aid,health,noun,content,0,0,cbc,1,0,,cbc,1,0,3.4
card_0660,plate,Plate,,things,noun,content,0,0,cbc,1,0,,cbc+consensus22,22,2,13.45
card_0661,playdough,Playdough,,things,noun,content,0,0,cbc,1,0,,cbc,1,0,3.4
card_0662,playstation,Playstation,,things,noun,content,0,0,cbc,1,0,,cbc+consensus10,10,0,7.0
card_0663,polar bear,Polar bear,,animals,noun,content,0,0,cbc,2,0,,cbc,2,0,3.8
card_0664,police,Police,,people,noun,content,0,0,cbc,1,0,,cbc+consensus6,6,10,9.0
card_0665,police car,Police car,,transport,noun,content,0,0,cbc,2,1,card_0664|card_0367,cbc+consensus17,17,0,9.8
card_0666,porridge,Porridge,,food,noun,content,0,0,cbc,1,0,,cbc,1,0,3.4
card_0667,post person,Post person,,things,noun,content,0,0,cbc,2,0,,cbc,1,0,3.4
card_0668,potato,Potato,,food,noun,content,0,0,cbc,1,0,,cbc+consensus20,20,6,13.92
card_0669,potted plant,Potted plant,,things,noun,content,0,0,cbc,2,1,card_2395|card_2362,cbc,1,1,4.44
card_0670,poultry,Poultry,,animals,noun,content,0,0,cbc,1,0,,cbc,1,0,3.4
card_0671,pretzel,Pretzel,pretzels,food,noun,content,0,0,cbc,1,0,,cbc+consensus14,14,2,10.25
card_0672,printer,Printer,,people,noun,content,0,0,cbc,1,0,,cbc+consensus10,10,0,7.0
card_0673,pumpkin,Pumpkin,,nature,noun,content,0,0,cbc,1,0,,cbc+consensus13,13,1,9.24
card_0674,puppet,Puppet,,things,noun,content,0,0,cbc,1,0,,cbc+consensus7,7,1,6.84
card_0675,purse,Purse,,things,noun,content,0,0,cbc,1,0,,cbc+consensus10,10,11,10.73
card_0676,pyjamas,Pyjamas,,clothes,noun,content,0,0,cbc,1,0,,cbc,1,1,4.44
card_0677,pyramid triangular base,Pyramid triangular base,,actions,phrase,content,0,0,cbc,3,0,,cbc,1,0,3.4
card_0678,rabbit,Rabbit,,animals,noun,content,0,0,cbc,1,0,,cbc+consensus21,21,0,11.4
card_0679,race athletics,Race athletics,,activities,phrase,content,0,0,cbc,2,0,,cbc,1,0,3.4
card_0680,radish,Radish,,food,noun,content,0,0,cbc,1,0,,cbc+consensus5,5,0,5.0
card_0681,rain,Rain,rained|raining|rains,weather,noun,content,0,0,cbc,1,0,,cbc+consensus21,21,43,17.08
card_0682,rash,Rash,,describing,noun,content,0,0,cbc,1,0,,cbc+consensus7,7,1,6.84
card_0683,rat,Rat,,animals,noun,content,0,0,cbc,1,0,,cbc+consensus7,7,7,8.92
card_0684,rattle snake,Rattle snake,,animals,noun,content,0,0,cbc,2,0,,cbc,1,0,3.4
card_0685,refuse lorry,Refuse lorry,,transport,noun,content,0,0,cbc,2,1,card_2481|card_0581,cbc,1,0,3.4
card_0686,relaxed,Relaxed,,feelings,adj,feeling,0,0,cbc,1,0,,cbc+consensus5,5,9,8.45
card_0687,remote control,Remote control,,things,noun,content,0,0,cbc,2,1,card_2488|card_1479,cbc,1,4,5.81
card_0688,rhinoceros,Rhinoceros,,animals,noun,content,0,0,cbc,1,0,,cbc+consensus13,13,0,8.2
card_0689,rice,Rice,,food,noun,content,0,0,cbc,1,0,,cbc+consensus21,21,9,14.85
card_0690,right hand,Right hand,,body,noun,content,0,0,cbc,2,1,card_0184|card_1866,cbc,1,0,3.4
card_0691,ring binder,Ring binder,,things,noun,content,0,0,cbc,2,0,,cbc,1,0,3.4
card_0692,robin,Robin,,animals,noun,content,0,0,cbc,1,0,,cbc+consensus10,10,0,7.0
card_0693,rocket,Rocket,,transport,noun,content,0,0,cbc,1,0,,cbc+consensus9,9,1,7.64
card_0694,rocking chair,Rocking chair,,home,noun,content,0,0,cbc,2,1,card_2515|card_0374,cbc,3,0,4.2
card_0695,roots,Roots,,describing,noun,content,0,0,cbc,1,0,,cbc+consensus12,12,4,10.21
card_0696,rose,Rose,,nature,verb,content,0,0,cbc,1,0,,cbc+consensus18,18,1,11.24
card_0697,rug,Rug,,things,noun,content,0,0,cbc,1,0,,cbc+consensus11,11,2,9.05
card_0698,salad,Salad,,food,noun,content,0,0,cbc,1,0,,cbc+consensus20,20,19,15.49
card_0699,salt,Salt,,things,noun,content,0,0,cbc,1,0,,cbc+consensus21,21,14,15.46
card_0700,sandals,Sandals,,things,noun,content,0,0,cbc,1,0,,cbc+consensus7,7,0,5.8
card_0701,sandwich,Sandwich,,food,noun,content,0,0,cbc,1,0,,cbc+consensus20,20,14,15.06
card_0702,sanitary towel,Sanitary towel,,things,noun,content,0,0,cbc,2,0,,cbc,1,0,3.4
card_0703,scarf,Scarf,,clothes,noun,content,0,0,cbc,1,0,,cbc+consensus18,18,3,12.28
card_0704,school,School,,school,noun,content,0,0,cbc,1,0,,cbc+consensus23,23,42,17.84
card_0705,school bag,School bag,,things,noun,content,0,0,cbc,2,1,card_0704|card_1225,cbc,1,0,3.4
card_0706,science class,Science class,,school,noun,content,0,0,cbc,2,1,card_2551|card_1427,cbc,1,0,3.4
card_0707,scissors,Scissors,,school,noun,content,0,0,cbc,1,0,,cbc+consensus22,22,0,11.8
card_0708,seagull,Seagull,,animals,noun,content,0,0,cbc,1,0,,cbc+consensus4,4,0,4.6
card_0709,seahorse,Seahorse,,animals,noun,content,0,0,cbc,1,0,,cbc+consensus9,9,0,6.6
card_0710,seal,Seal,,actions,noun,content,0,0,cbc,1,0,,cbc+consensus12,12,0,7.8
card_0711,second,Second,,numbers,num,number,0,0,cbc,1,0,,cbc+curated+consensus18,18,12,17.05
card_0712,secretary,Secretary,,people,noun,content,0,0,cbc,1,0,,cbc+consensus14,14,2,10.25
card_0713,seedling,Seedling,,nature,verb,content,0,0,cbc,1,0,,cbc,2,1,4.84
card_0714,seeds,Seeds,,nature,noun,content,0,0,cbc,1,0,,cbc,2,0,3.8
card_0715,serviette,Serviette,,things,noun,content,0,0,cbc,1,0,,cbc,1,0,3.4
card_0716,seven,Seven,,numbers,num,number,0,0,cbc,1,0,,cbc+curated+consensus4,4,7,10.72
card_0717,shallow,Shallow,,describing,noun,content,0,0,cbc,1,0,,cbc+consensus10,10,1,8.04
card_0718,shampoo,Shampoo,,things,noun,content,0,0,cbc,1,0,,cbc+consensus20,20,3,13.08
card_0719,shape puzzle,Shape puzzle,,actions,phrase,content,0,0,cbc,2,1,card_2581|card_2438,cbc,1,0,3.4
card_0720,sheep,Sheep,,animals,noun,content,0,0,cbc,1,0,,cbc+consensus20,20,1,12.04
card_0721,shiny,Shiny,,describing,noun,content,0,0,cbc,1,0,,cbc+consensus4,4,0,4.6
card_0722,shirt,Shirt,,clothes,noun,content,0,0,cbc,1,0,,cbc+consensus21,21,25,16.29
card_0723,shop,Shop,shopped|shopping|shops,things,noun,content,0,0,cbc,1,0,,cbc+consensus15,15,43,14.68
card_0724,shorts,Shorts,,clothes,noun,content,0,0,cbc,1,0,,cbc+consensus21,21,20,15.97
card_0725,shoulder,Shoulder,,body,noun,content,0,0,cbc,1,0,,cbc+consensus11,11,4,9.81
card_0726,shrimp,Shrimp,,people,noun,content,0,0,cbc,1,0,,cbc+consensus15,15,5,11.69
card_0727,single bed,Single bed,,home,noun,content,0,0,cbc,2,1,card_2608|card_1251,cbc,1,0,3.4
card_0728,sister,Sister,,people,noun,content,0,0,cbc,1,0,,cbc+consensus22,22,22,16.5
card_0729,six,Six,,numbers,num,number,0,0,cbc,1,0,,cbc+curated+consensus5,5,14,12.06
card_0730,skateboard,Skateboard,skateboarding,transport,noun,content,0,0,cbc,1,0,,cbc+consensus18,18,0,10.2
card_0731,skin,Skin,,body,noun,content,0,0,cbc,1,0,,cbc+consensus16,16,2,11.05
card_0732,skirt,Skirt,,things,noun,content,0,0,cbc,1,0,,cbc+consensus19,19,0,10.6
card_0733,slug,Slug,,actions,noun,content,0,0,cbc,1,0,,cbc+consensus7,7,0,5.8
card_0734,snail,Snail,,animals,noun,content,0,0,cbc,1,0,,cbc+consensus12,12,1,8.84
card_0735,snake,Snake,,animals,noun,content,0,0,cbc,1,0,,cbc+consensus20,20,2,12.65
card_0736,snow,Snow,snowed|snowing|snows,weather,noun,content,0,0,cbc,1,0,,cbc+consensus21,21,6,14.32
card_0737,soap,Soap,,things,noun,content,0,0,cbc,1,0,,cbc+consensus21,21,0,11.4
card_0738,socks,Socks,,clothes,noun,content,0,0,cbc,1,0,,cbc+consensus21,21,10,15.0
card_0739,son,Son,,people,noun,content,0,0,cbc,1,0,,cbc+consensus10,10,11,10.73
card_0740,soup,Soup,,food,noun,content,0,0,cbc,1,0,,cbc+consensus21,21,12,15.25
card_0741,spaceship,Spaceship,,transport,noun,content,0,0,cbc,1,0,,cbc,1,0,3.4
card_0742,spaghetti bolognaise,Spaghetti bolognaise,,things,noun,content,0,0,cbc,2,0,,cbc,1,0,3.4
card_0743,speech language therapist,Speech language therapist,,people,noun,content,0,0,cbc,3,0,,cbc,1,0,3.4
card_0744,spinach,Spinach,,nature,noun,content,0,0,cbc,1,0,,cbc+consensus9,9,2,8.25
card_0745,spoon,Spoon,,things,noun,content,0,0,cbc,1,0,,cbc+consensus22,22,3,13.88
card_0746,spring onions,Spring onions,,food,noun,content,0,0,cbc,2,1,card_0210|card_0620,cbc,1,0,3.4
card_0747,stable,Stable,stables,describing,adj,content,0,0,cbc,1,0,,cbc,3,0,4.2
card_0748,stapler,Stapler,,things,noun,content,0,0,cbc,1,0,,cbc+consensus11,11,0,7.4
card_0749,star,Star,starred|starring|stars,nature,noun,content,0,0,cbc,1,0,,cbc+consensus20,20,4,13.41
card_0750,starfish,Starfish,,animals,noun,content,0,0,cbc,1,0,,cbc+consensus11,11,0,7.4
card_0751,stereo,Stereo,,things,noun,content,0,0,cbc,1,0,,cbc+consensus7,7,0,5.8
card_0752,stick,Stick,sticking|sticks|stuck,things,noun,content,0,0,cbc,1,0,,cbc+consensus15,15,14,13.06
card_0753,stickers,Stickers,,nature,noun,content,0,0,cbc,1,0,,cbc+consensus13,13,0,8.2
card_0754,sticky,Sticky,,describing,noun,content,0,0,cbc,1,0,,cbc+consensus14,14,0,8.6
card_0755,stomach,Stomach,,body,noun,content,0,0,cbc,1,0,,cbc+consensus20,20,3,13.08
card_0756,stomach ache,Stomach ache,,health,noun,content,0,0,cbc,2,1,card_0755|card_1101,cbc+consensus5,5,0,5.0
card_0757,stool,Stool,,home,noun,content,0,0,cbc,1,0,,cbc,3,0,4.2
card_0758,straw,Straw,,things,noun,content,0,0,cbc,1,0,,cbc+consensus21,21,1,12.44
card_0759,strawberry,Strawberry,strawberries,food,noun,content,0,0,cbc,1,0,,cbc+consensus21,21,2,13.05
card_0760,sun,Sun,,nature,noun,content,0,0,cbc,1,0,,cbc+consensus20,20,19,15.49
card_0761,sunglasses,Sunglasses,,things,noun,content,0,0,cbc,1,0,,cbc+consensus15,15,2,10.65
card_0762,surgery health centre,Surgery health centre,,places,noun,content,0,0,cbc,3,0,,cbc,1,0,3.4
card_0763,swan,Swan,,animals,noun,content,0,0,cbc,1,0,,cbc+consensus8,8,0,6.2
card_0764,sweet potato,Sweet potato,,nature,noun,content,0,0,cbc,2,1,card_2756|card_0668,cbc,1,0,3.4
card_0765,sweetcorn,Sweetcorn,,things,noun,content,0,0,cbc,1,0,,cbc,1,0,3.4
card_0766,syringe,Syringe,,things,noun,content,0,0,cbc,1,0,,cbc+consensus7,7,0,5.8
card_0767,t-shirt,T-shirt,,clothes,noun,content,0,0,cbc,1,0,,cbc+consensus11,11,0,7.4
card_0768,table,Table,,things,noun,content,0,0,cbc,1,0,,cbc+consensus22,22,18,16.22
card_0769,tablets,Tablets,,health,noun,content,0,0,cbc,1,0,,cbc,1,5,6.09
card_0770,taxi,Taxi,,transport,noun,content,0,0,cbc,1,0,,cbc+consensus21,21,4,13.81
card_0771,taxi driver,Taxi driver,,things,noun,content,0,0,cbc,2,1,card_0770|card_1622,cbc,1,0,3.4
card_0772,tea,Tea,,drink,noun,content,0,0,cbc,1,0,,cbc+consensus20,20,24,15.83
card_0773,teacher,Teacher,,school,noun,content,0,0,cbc,1,0,,cbc+consensus22,22,4,14.21
card_0774,teddy bear,Teddy bear,,things,noun,content,0,0,cbc,2,0,,cbc+consensus5,5,0,5.0
card_0775,teeth,Teeth,,body,noun,content,0,0,cbc,1,0,,cbc+consensus22,22,6,14.72
card_0776,tennis,Tennis,,play,noun,content,0,0,cbc,1,0,,cbc+consensus18,18,5,12.89
card_0777,thank you,Thank you,,phrases,phrase,social,0,0,cbc,2,1,card_2795|card_0273,cbc+curated+consensus19,19,193,21.5
card_0778,thermometer,Thermometer,,things,noun,content,0,0,cbc,1,0,,cbc+consensus9,9,0,6.6
card_0779,thick,Thick,thicker|thickest,describing,noun,content,0,0,cbc,1,0,,cbc+consensus17,17,0,9.8
card_0780,thin,Thin,thinner|thinnest,describing,noun,content,0,0,cbc,1,0,,cbc+consensus17,17,2,11.45
card_0781,this month,This month,,phrases,phrase,statement,0,0,cbc,2,1,card_0227|card_0138,cbc,1,2,5.05
card_0782,this week,This week,,phrases,phrase,statement,0,0,cbc,2,1,card_0227|card_0253,cbc,1,12,7.25
card_0783,three,Three,,numbers,num,number,0,0,cbc,1,0,,cbc+curated+consensus5,5,27,13.0
card_0784,throat,Throat,,body,noun,content,0,0,cbc,1,0,,cbc+consensus16,16,4,11.81
card_0785,through,Through,,core,func,content,0,0,cbc,1,0,,cbc+consensus17,17,16,14.05
card_0786,thumb,Thumb,,body,noun,content,0,0,cbc,1,0,,cbc+consensus9,9,0,6.6
card_0787,thunder storm,Thunder storm,,weather,noun,content,0,0,cbc,2,1,card_2815|card_2715,cbc,1,0,3.4
card_0788,tie,Tie,tied|ties|tying,actions,noun,content,0,0,cbc,1,0,,cbc+consensus17,17,6,12.72
card_0789,tiger,Tiger,,people,noun,content,0,0,cbc,1,0,,cbc+consensus21,21,3,13.48
card_0790,time,Time,timed|times|timing,activities,noun,content,0,0,cbc,1,0,,cbc+consensus22,22,397,20.78
card_0791,tippex,Tippex,,things,noun,content,0,0,cbc,1,0,,cbc,1,0,3.4
card_0792,tissues,Tissues,,body,noun,content,0,0,cbc,1,0,,cbc+consensus4,4,2,6.25
card_0793,to armwrestle,To armwrestle,,activities,phrase,content,0,0,cbc,2,0,,cbc,1,0,3.4
card_0794,to arrest,To arrest,,activities,phrase,content,0,0,cbc,2,0,,cbc,1,0,3.4
card_0795,to bathe,To bathe,,activities,phrase,content,0,0,cbc,2,1,card_0231|card_1241,cbc,1,1,4.44
card_0796,to break,To break,,activities,phrase,content,0,0,cbc,2,1,card_0231|card_0026,cbc,2,3,5.88
card_0797,to bring,To bring,,activities,phrase,content,0,0,cbc,2,1,card_0231|card_1315,cbc,2,13,7.76
card_0798,to carry,To carry,,activities,phrase,content,0,0,cbc,2,1,card_0231|card_1362,cbc,2,2,5.45
card_0799,to celebrate,To celebrate,,activities,phrase,content,0,0,cbc,2,1,card_0231|card_1373,cbc,1,1,4.44
card_0800,to change mind,To change mind,,activities,phrase,content,0,0,cbc,3,1,card_0231|card_0033|card_2169,cbc,1,0,3.4
card_0801,to chase,To chase,,activities,phrase,content,0,0,cbc,2,0,,cbc,1,0,3.4
card_0802,to climb up,To climb up,,activities,phrase,content,0,0,cbc,3,1,card_0231|card_1434|card_0243,cbc,1,0,3.4
card_0803,to come,To come,,activities,phrase,content,0,0,cbc,2,1,card_0231|card_0040,cbc+consensus5,5,31,10.2
card_0804,to cook,To cook,,activities,phrase,content,0,0,cbc,2,1,card_0231|card_0042,cbc,2,5,6.49
card_0805,to crawl,To crawl,,activities,phrase,content,0,0,cbc,2,1,card_0231|card_1507,cbc,2,0,3.8
card_0806,to cycle,To cycle,,activities,phrase,content,0,0,cbc,2,1,card_0231|card_1537,cbc,1,0,3.4
card_0807,to enter door,To enter door,,activities,phrase,content,0,0,cbc,3,1,card_0231|card_1668|card_0436,cbc,1,0,3.4
card_0808,to exercise,To exercise,,activities,phrase,content,0,0,cbc,2,1,card_0231|card_1689,cbc,1,0,3.4
card_0809,to exit door,To exit door,,activities,phrase,content,0,0,cbc,3,1,card_0231|card_1691|card_0436,cbc,1,0,3.4
card_0810,to fall over,To fall over,,activities,phrase,content,0,0,cbc,3,1,card_0231|card_0065|card_0166,cbc,1,0,3.4
card_0811,to find,To find,,activities,phrase,content,0,0,cbc,2,1,card_0231|card_0070,cbc,3,16,8.45
card_0812,to fish,To fish,,activities,phrase,content,0,0,cbc,2,1,card_0231|card_0469,cbc,2,3,5.88
card_0813,to get,To get,,activities,phrase,content,0,0,cbc,2,1,card_0231|card_0078,cbc+consensus5,5,121,12.21
card_0814,to give,To give,,activities,phrase,content,0,0,cbc,2,1,card_0231|card_0079,cbc,3,13,8.16
card_0815,to go,To go,,activities,phrase,content,0,0,cbc,2,1,card_0231|card_0080,cbc+consensus6,6,239,13.62
card_0816,to go bowling,To go bowling,,activities,phrase,content,0,0,cbc,3,1,card_0231|card_0080|card_0344,cbc,1,0,3.4
card_0817,to hear,To hear,,activities,phrase,content,0,0,cbc,2,1,card_0231|card_0091,cbc+corpus45,3,45,9.94
card_0818,to hold,To hold,,activities,phrase,content,0,0,cbc,2,1,card_0231|card_0096,cbc,2,2,5.45
card_0819,to hop,To hop,,activities,phrase,content,0,0,cbc,2,1,card_0231|card_1912,cbc,1,0,3.4
card_0820,to jump,To jump,,activities,phrase,content,0,0,cbc,2,1,card_0231|card_0109,cbc,3,0,4.2
card_0821,to keep,To keep,,activities,phrase,content,0,0,cbc,2,1,card_0231|card_0111,cbc,2,13,7.76
card_0822,to kick ball,To kick ball,,activities,phrase,content,0,0,cbc,3,1,card_0231|card_2028|card_0308,cbc,1,0,3.4
card_0823,to make,To make,,activities,phrase,content,0,0,cbc,2,1,card_0231|card_0129,cbc+corpus36,3,36,9.62
card_0824,to move,To move,,activities,phrase,content,0,0,cbc,2,1,card_0231|card_0141,cbc,3,3,6.28
card_0825,to open,To open,,activities,phrase,content,0,0,cbc,2,1,card_0231|card_0161,cbc,3,1,5.24
card_0826,to play basketball,To play basketball,,activities,phrase,content,0,0,cbc,3,1,card_0231|card_0170|card_0312,cbc,1,0,3.4
card_0827,to play bingo,To play bingo,,activities,phrase,content,0,0,cbc,3,1,card_0231|card_0170|card_1272,cbc,1,0,3.4
card_0828,to play cards,To play cards,,activities,phrase,content,0,0,cbc,3,1,card_0231|card_0170|card_1356,cbc,1,0,3.4
card_0829,to play computer games,To play computer games,,activities,phrase,content,0,0,cbc,4,1,card_0231|card_0170|card_0399|card_1794,cbc,1,0,1.9
card_0830,to play darts,To play darts,,activities,phrase,content,0,0,cbc,3,1,card_0231|card_0170|card_0419,cbc,1,0,3.4
card_0831,to play soccer,To play soccer,,activities,phrase,content,0,0,cbc,3,1,card_0231|card_0170|card_2635,cbc,1,0,3.4
card_0832,to pray,To pray,,activities,phrase,content,0,0,cbc,2,1,card_0231|card_2403,cbc,2,0,3.8
card_0833,to put,To put,,activities,phrase,content,0,0,cbc,2,1,card_0231|card_0177,cbc,3,10,7.8
card_0834,to reach for,To reach for,,activities,phrase,content,0,0,cbc,3,1,card_0231|card_2463|card_0074,cbc,1,0,3.4
card_0835,to rest,To rest,,activities,phrase,content,0,0,cbc,2,1,card_0231|card_2500,cbc,3,6,7.12
card_0836,to ride horse,To ride horse,,activities,phrase,content,0,0,cbc,3,1,card_0231|card_2506|card_0525,cbc,1,0,3.4
card_0837,to run,To run,,activities,phrase,content,0,0,cbc,2,1,card_0231|card_0185,cbc,2,8,7.1
card_0838,to share,To share,,activities,phrase,content,0,0,cbc,2,1,card_0231|card_2582,cbc,2,2,5.45
card_0839,to shout,To shout,,activities,phrase,content,0,0,cbc,2,1,card_0231|card_2595,cbc,2,2,5.45
card_0840,to sit,To sit,,activities,phrase,content,0,0,cbc,2,1,card_0231|card_0201,cbc,2,14,7.86
card_0841,to ski,To ski,,activities,phrase,content,0,0,cbc,2,1,card_0231|card_2610,cbc,1,0,3.4
card_0842,to solve jigsaw puzzle,To solve jigsaw puzzle,,activities,phrase,content,0,0,cbc,4,0,,cbc,1,0,1.9
card_0843,to stand,To stand,,activities,phrase,content,0,0,cbc,2,1,card_0231|card_0212,cbc,2,0,3.8
card_0844,to study,To study,,activities,phrase,content,0,0,cbc,2,1,card_0231|card_2727,cbc,2,6,6.72
card_0845,to swim,To swim,,activities,phrase,content,0,0,cbc,2,1,card_0231|card_2757,cbc,2,2,5.45
card_0846,to take,To take,,activities,phrase,content,0,0,cbc,2,1,card_0231|card_0216,cbc+corpus29,2,29,8.9
card_0847,to talk,To talk,,activities,phrase,content,0,0,cbc,2,1,card_0231|card_0217,cbc,3,13,8.16
card_0848,to think,To think,,activities,phrase,content,0,0,cbc,2,1,card_0231|card_0225,cbc+consensus4,4,9,8.05
card_0849,to vomit,To vomit,,health,noun,content,0,0,cbc,2,1,card_0231|card_2925,cbc,1,0,3.4
card_0850,to wait,To wait,,activities,phrase,content,0,0,cbc,2,1,card_0231|card_0245,cbc,3,8,7.5
card_0851,to wake up,To wake up,,activities,phrase,content,0,0,cbc,3,1,card_0231|card_2930|card_0243,cbc,1,3,5.48
card_0852,to watch,To watch,,activities,phrase,content,0,0,cbc,2,1,card_0231|card_0250,cbc+consensus5,5,39,10.53
card_0853,to watch tv,To watch tv,,activities,phrase,content,0,0,cbc,3,1,card_0231|card_0250|card_2873,cbc,2,3,5.88
card_0854,to work,To work,,activities,phrase,content,0,0,cbc,2,1,card_0231|card_0267,cbc,3,24,9.03
card_0855,toad,Toad,,animals,noun,content,0,0,cbc,1,0,,cbc+consensus7,7,0,5.8
card_0856,toenail,Toenail,,body,noun,content,0,0,cbc,1,0,,cbc+consensus8,8,1,7.24
card_0857,toilet roll,Toilet roll,,things,noun,content,0,0,cbc,2,1,card_2827|card_2518,cbc,1,0,3.4
card_0858,tomato,Tomato,,food,noun,content,0,0,cbc,1,0,,cbc+consensus20,20,6,13.92
card_0859,tomato sauce,Tomato sauce,,food,noun,content,0,0,cbc,2,1,card_0858|card_2544,cbc,1,0,3.4
card_0860,tomato soup,Tomato soup,,food,noun,content,0,0,cbc,2,1,card_0858|card_0740,cbc,1,0,3.4
card_0861,tongue,Tongue,,body,noun,content,0,0,cbc,1,0,,cbc+consensus21,21,1,12.44
card_0862,toothache,Toothache,,health,noun,content,0,0,cbc,1,0,,cbc+consensus11,11,0,7.4
card_0863,toothbrush,Toothbrush,,things,noun,content,0,0,cbc,1,0,,cbc+consensus21,21,1,12.44
card_0864,toothpaste,Toothpaste,,things,noun,content,0,0,cbc,1,0,,cbc+consensus21,21,2,13.05
card_0865,tortoise,Tortoise,,animals,noun,content,0,0,cbc,1,0,,cbc+consensus4,4,0,4.6
card_0866,towel,Towel,,things,noun,content,0,0,cbc,1,0,,cbc+consensus22,22,0,11.8
card_0867,toy box,Toy box,,things,noun,content,0,0,cbc,2,1,card_2845|card_1300,cbc+consensus9,9,0,6.6
card_0868,toy car,Toy car,,transport,noun,content,0,0,cbc,2,1,card_2845|card_0367,cbc,1,0,3.4
card_0869,toy soldier,Toy soldier,,things,noun,content,0,0,cbc,2,1,card_2845|card_2641,cbc,1,0,3.4
card_0870,toy telephone,Toy telephone,,things,noun,content,0,0,cbc,2,0,,cbc,1,0,3.4
card_0871,toys,Toys,,things,noun,content,0,0,cbc,1,0,,cbc,3,2,5.85
card_0872,tractor,Tractor,,transport,noun,content,0,0,cbc,1,0,,cbc+consensus12,12,0,7.8
card_0873,trainers,Trainers,sneakers,people,noun,content,0,0,cbc,1,0,,cbc,1,1,4.44
card_0874,trampoline,Trampoline,,things,noun,content,0,0,cbc,1,0,,cbc+consensus15,15,0,9.0
card_0875,transport,Transport,,actions,noun,content,0,0,cbc,1,0,,cbc,1,2,5.05
card_0876,tree,Tree,,nature,noun,content,0,0,cbc,1,0,,cbc+consensus22,22,4,14.21
card_0877,tree trunk,Tree trunk,,nature,noun,content,0,0,cbc,2,1,card_0876|card_2868,cbc,1,0,3.4
card_0878,triangle equilateral,Triangle equilateral,,describing,phrase,content,0,0,cbc,2,0,,cbc,1,0,3.4
card_0879,tropical fish,Tropical fish,,animals,noun,content,0,0,cbc,2,0,,cbc,1,0,3.4
card_0880,trousers,Trousers,pants,clothes,noun,content,0,0,cbc,1,0,,cbc,1,0,3.4
card_0881,tulip,Tulip,,nature,noun,content,0,0,cbc,1,0,,cbc+consensus17,17,0,9.8
card_0882,turkey,Turkey,,animals,noun,content,0,0,cbc,1,0,,cbc+consensus21,21,3,13.48
card_0883,two,Two,,numbers,num,number,0,0,cbc,1,0,,cbc+curated+consensus5,5,41,13.61
card_0884,umbrella,Umbrella,,things,noun,content,0,0,cbc,1,0,,cbc+consensus8,8,8,9.5
card_0885,van,Van,,people,noun,content,0,0,cbc,1,0,,cbc+consensus12,12,0,7.8
card_0886,vegetable soup,Vegetable soup,,food,noun,content,0,0,cbc,2,1,card_2908|card_0740,cbc,1,0,3.4
card_0887,vegetables,Vegetables,,food,noun,content,0,0,cbc,1,0,,cbc+consensus6,6,5,8.09
card_0888,vest,Vest,undershirt,actions,noun,content,0,0,cbc,1,0,,cbc,2,0,3.8
card_0889,vine,Vine,,nature,noun,content,0,0,cbc,1,0,,cbc+consensus10,10,0,7.0
card_0890,vinegar,Vinegar,,food,noun,content,0,0,cbc,1,0,,cbc+consensus13,13,0,8.2
card_0891,volleyball,Volleyball,,play,noun,content,0,0,cbc,1,0,,cbc+consensus12,12,0,7.8
card_0892,vulture,Vulture,,animals,noun,content,0,0,cbc,1,0,,cbc+consensus7,7,0,5.8
card_0893,walrus,Walrus,,animals,noun,content,0,0,cbc,1,0,,cbc+consensus10,10,1,8.04
card_0894,wasp,Wasp,,people,noun,content,0,0,cbc,1,0,,cbc+consensus4,4,0,4.6
card_0895,water,Water,watering,drink,noun,content,0,0,cbc,1,0,,cbc+consensus24,24,135,19.97
card_0896,watermelon,Watermelon,,nature,noun,content,0,0,cbc,1,0,,cbc+consensus17,17,1,10.84
card_0897,weeds,Weeds,,clothes,noun,content,0,0,cbc,1,0,,cbc,2,1,4.84
card_0898,weekend,Weekend,,time,noun,content,0,0,cbc,1,0,,cbc+consensus18,18,49,16.07
card_0899,wheelchair,Wheelchair,,health,noun,content,0,0,cbc,1,0,,cbc+consensus22,22,3,13.88
card_0900,where is,Where is,,phrases,phrase,question,0,0,cbc,2,1,card_0258|card_0105,cbc+corpus95,2,95,10.65
card_0901,which,Which,,questions,wh,question,0,0,cbc,1,0,,cbc+curated+consensus15,15,65,18.28
card_0902,wii,Wii,,things,noun,content,0,0,cbc,1,0,,cbc+consensus5,5,0,5.0
card_0903,window,Window,,things,noun,content,0,0,cbc,1,0,,cbc+consensus21,21,34,16.73
card_0904,wine,Wine,,drink,noun,content,0,0,cbc,1,0,,cbc+consensus14,14,29,13.7
card_0905,witch,Witch,,people,noun,content,0,0,cbc,1,0,,cbc+consensus4,4,0,4.6
card_0906,wolf,Wolf,,animals,noun,content,0,0,cbc,1,0,,cbc+consensus16,16,0,9.4
card_0907,xray,Xray,,things,noun,content,0,0,cbc,1,0,,cbc,1,0,3.4
card_0908,yes,Yes,yeah|yep|ok|okay|sure,ideas,noun,affirm,0,0,cbc,1,0,,cbc+curated+consensus23,23,464,24.41
card_0909,yogurt,Yogurt,,food,noun,content,0,0,cbc,1,0,,cbc+consensus23,23,0,12.2
card_0910,you are,You are,,phrases,phrase,statement,0,0,cbc,2,1,card_0273|card_0011,cbc+corpus162,2,162,11.44
card_0911,zebra,Zebra,,animals,noun,content,0,0,cbc,1,0,,cbc+consensus21,21,0,11.4
card_0912,zero,Zero,,numbers,num,number,0,0,cbc,1,0,,cbc+curated+consensus5,5,0,8.0
card_0913,a little,A little,,describing,phrase,content,0,0,curated,2,1,card_0000|card_0122,curated,0,55,9.04
card_0914,a lot,A lot,,describing,phrase,content,0,0,curated,2,1,card_0000|card_2090,curated,1,59,9.54
card_0915,all done,All done,,phrases,phrase,affirm,0,0,curated,2,1,card_0005|card_1609,curated+consensus8,8,0,6.2
card_0916,are you ok,Are you ok,,phrases,phrase,question,0,0,curated,3,1,card_0011|card_0273|card_1043,curated,0,2,4.65
card_0917,ask me yes or no questions,Ask me yes or no questions,,phrases,phrase,repair,0,1,curated,6,1,card_1197|card_0134|card_0908|card_0162|card_0151|card_2443,curated,0,0,1.5
card_0918,awesome,Awesome,,describing,noun,social,0,0,curated,1,0,,curated+consensus13,13,43,13.88
card_0919,both,Both,,core,func,content,0,0,curated,1,0,,curated+consensus15,15,19,13.49
card_0920,call a doctor,Call a doctor,,health,noun,safety,0,1,curated,3,1,card_1344|card_0000|card_0430,curated,0,0,3.0
card_0921,call for help,Call for help,,phrases,phrase,safety,0,1,curated,3,1,card_1344|card_0074|card_0092,curated,0,0,3.0
card_0922,call my dad,Call my dad,,phrases,phrase,safety,0,1,curated,3,1,card_1344|card_0143|card_0416,curated,0,1,4.04
card_0923,call my mum,Call my mum,,phrases,phrase,safety,0,1,curated,3,1,card_1344|card_0143|card_0599,curated,0,0,3.0
card_0924,calm,Calm,,feelings,adj,feeling,0,0,curated,1,0,,curated+consensus13,13,6,11.12
card_0925,can i,Can I,,phrases,phrase,question,0,0,curated,2,1,card_0031|card_0102,curated,1,197,11.33
card_0926,can i have,Can I have,,phrases,phrase,request,0,0,curated,3,1,card_0031|card_0102|card_0089,curated,0,61,9.19
card_0927,can you,Can you,,phrases,phrase,question,0,0,curated,2,1,card_0031|card_0273,curated,1,457,12.59
card_0928,can you help me,Can you help me,,phrases,phrase,request,0,0,curated,4,1,card_0031|card_0273|card_0092|card_0134,curated,1,39,7.43
card_0929,come here,Come here,,phrases,phrase,request,0,0,curated,2,1,card_0040|card_0094,curated,0,14,7.06
card_0930,comfortable,Comfortable,,feelings,adj,feeling,0,0,curated,1,0,,curated+consensus16,16,12,13.25
card_0931,congratulations,Congratulations,,ideas,noun,social,0,0,curated,1,0,,curated+consensus4,4,3,6.68
card_0932,cool,Cool,cooled|cooler|coolest|cooling|cools,describing,noun,social,0,0,curated,1,0,,curated+consensus18,18,44,15.91
card_0933,do you,Do you,,phrases,phrase,question,0,0,curated,2,1,card_0052|card_0273,curated+corpus649,2,649,13.52
card_0934,don't touch me,Don't touch me,,phrases,phrase,refuse,0,1,curated,3,1,card_0152|card_2840|card_0134,curated,0,0,3.0
card_0935,eighteen,Eighteen,,numbers,num,number,0,0,curated,1,0,,curated,1,0,3.4
card_0936,eleven,Eleven,,numbers,num,number,0,0,curated,1,0,,curated,1,3,5.48
card_0937,emergency,Emergency,,activities,noun,safety,0,1,curated,1,0,,curated+consensus13,13,2,9.85
card_0938,enough,Enough,,describing,adv,refuse,0,1,curated,1,0,,curated+consensus17,17,30,14.95
card_0939,everything,Everything,,core,pron,content,0,0,curated,1,0,,curated+consensus12,12,48,13.64
card_0940,excuse me,Excuse me,,phrases,phrase,social,0,0,curated,2,1,card_1688|card_0134,curated+consensus16,16,11,13.13
card_0941,fifteen,Fifteen,,numbers,num,number,0,0,curated,1,0,,curated,1,0,3.4
card_0942,fifty,Fifty,,numbers,num,number,0,0,curated,1,0,,curated,3,3,6.28
card_0943,first,First,,numbers,num,number,0,0,curated,1,0,,curated+consensus19,19,60,16.77
card_0944,forty,Forty,,numbers,num,number,0,0,curated,1,0,,curated,1,2,5.05
card_0945,fourteen,Fourteen,,numbers,num,number,0,0,curated,1,0,,curated,1,1,4.44
card_0946,frustrated,Frustrated,,feelings,adj,feeling,0,0,curated,1,0,,curated+consensus14,14,3,10.68
card_0947,give me,Give me,,phrases,phrase,request,0,0,curated,2,1,card_0079|card_0134,curated,0,98,9.89
card_0948,give me time,Give me time,,phrases,phrase,repair,0,1,curated,3,1,card_0079|card_0134|card_0790,curated,0,0,3.0
card_0949,go away,Go away,,phrases,phrase,refuse,0,1,curated,2,1,card_0080|card_1217,curated,0,7,6.12
card_0950,good afternoon,Good afternoon,,phrases,phrase,social,0,0,curated,2,1,card_0081|card_0003,curated+consensus4,4,1,5.64
card_0951,good idea,Good idea,,phrases,phrase,affirm,0,0,curated,2,1,card_0081|card_1960,curated,0,14,7.06
card_0952,good luck,Good luck,,phrases,phrase,social,0,0,curated,2,0,,curated,1,8,6.7
card_0953,good morning,Good morning,,phrases,phrase,social,0,0,curated,2,1,card_0081|card_0140,curated+consensus8,8,9,9.65
card_0954,good night,Good night,,phrases,phrase,social,0,0,curated,2,1,card_0081|card_0150,curated+consensus6,6,9,8.85
card_0955,half,Half,,numbers,num,number,0,0,curated,1,0,,curated+consensus16,16,14,13.46
card_0956,happy birthday,Happy birthday,,phrases,phrase,social,0,0,curated,2,1,card_0086|card_0022,curated+consensus8,8,7,9.32
card_0957,have fun,Have fun,,phrases,phrase,social,0,0,curated,2,1,card_0089|card_1787,curated,0,10,6.6
card_0958,home,Home,homes,places,noun,content,0,0,curated,1,0,,curated+consensus23,23,134,19.56
card_0959,how are you,How are you,,phrases,phrase,social,0,0,curated,3,1,card_0098|card_0011|card_0273,curated+consensus12,12,76,14.32
card_0960,how long,How long,,phrases,phrase,question,0,0,curated,2,1,card_0098|card_0124,curated,0,35,8.38
card_0961,how much,How much,,phrases,phrase,question,0,0,curated,2,1,card_0098|card_0142,curated+consensus9,9,49,12.47
card_0962,how was your day,How was your day,,phrases,phrase,social,0,0,curated,4,1,card_0098|card_0248|card_0274|card_0046,curated,0,20,6.07
card_0963,hundred,Hundred,hundreds,numbers,num,number,0,0,curated,1,0,,curated+consensus6,6,1,6.44
card_0964,i agree,I agree,,phrases,phrase,affirm,0,0,curated,2,1,card_0102|card_1122,curated,2,10,7.4
card_0965,i can't breathe,I can't breathe,,phrases,phrase,safety,0,1,curated,3,1,card_0102|card_0152|card_1311,curated,0,0,3.0
card_0966,i don't feel safe,I don't feel safe,,phrases,phrase,safety,0,1,curated,4,1,card_0102|card_0152|card_0069|card_2533,curated,0,0,1.5
card_0967,i don't know,I don't know,,phrases,phrase,repair,0,1,curated,3,1,card_0102|card_0152|card_0113,curated+consensus17,17,52,15.76
card_0968,i don't like that,I don't like that,,phrases,phrase,refuse,0,1,curated,4,1,card_0102|card_0152|card_0120|card_0220,curated,0,1,2.54
card_0969,i don't think so,I don't think so,,phrases,phrase,statement,0,0,curated,4,1,card_0102|card_0152|card_0225|card_0205,curated,0,7,4.62
card_0970,i don't understand,I don't understand,,phrases,phrase,repair,0,1,curated,3,1,card_0102|card_0152|card_2883,curated,1,4,5.81
card_0971,i don't want to,I don't want to,,phrases,phrase,refuse,0,1,curated,4,1,card_0102|card_0152|card_0247|card_0231,curated+consensus4,4,24,7.93
card_0972,i feel,I feel,,phrases,phrase,statement,0,0,curated,2,1,card_0102|card_0069,curated+corpus57,2,57,9.89
card_0973,i feel dizzy,I feel dizzy,,health,noun,safety,0,1,curated,3,1,card_0102|card_0069|card_1597,curated,0,1,4.04
card_0974,i feel sick,I feel sick,,health,noun,safety,0,1,curated,3,1,card_0102|card_0069|card_0197,curated,0,3,5.08
card_0975,i like that,I like that,,phrases,phrase,affirm,0,0,curated,3,1,card_0102|card_0120|card_0220,curated,0,4,5.41
card_0976,i love you,I love you,,phrases,phrase,social,0,0,curated,3,1,card_0102|card_0128|card_0273,curated+consensus5,5,71,11.41
card_0977,i mean,I mean,,phrases,phrase,repair,0,1,curated,2,1,card_0102|card_2140,curated,0,13,6.96
card_0978,i need a quiet place,I need a quiet place,,phrases,phrase,safety,0,1,curated,5,1,card_0102|card_0145|card_0000|card_0178|card_2358,curated,0,0,1.5
card_0979,i need help,I need help,,phrases,phrase,request,0,1,curated,3,1,card_0102|card_0145|card_0092,curated,0,19,7.49
card_0980,i need help now,I need help now,,phrases,phrase,request,0,0,curated,4,1,card_0102|card_0145|card_0092|card_0154,curated,0,0,1.5
card_0981,i need my medicine,I need my medicine,,health,noun,request,0,0,curated,4,1,card_0102|card_0145|card_0143|card_0588,curated,0,1,2.54
card_0982,i need the toilet,I need the toilet,,phrases,phrase,request,0,0,curated,4,1,card_0102|card_0145|card_2799|card_2827,curated,0,1,2.54
card_0983,i need to lie down,I need to lie down,,phrases,phrase,safety,0,1,curated,5,1,card_0102|card_0145|card_0231|card_2073|card_0054,curated,0,0,1.5
card_0984,i think so,I think so,,phrases,phrase,statement,0,0,curated,3,1,card_0102|card_0225|card_0205,curated,0,3,5.08
card_0985,i want a break,I want a break,,phrases,phrase,request,0,0,curated,4,1,card_0102|card_0247|card_0000|card_0026,curated,0,0,1.5
card_0986,i want more,I want more,,phrases,phrase,request,0,0,curated,3,1,card_0102|card_0247|card_0139,curated,0,1,4.04
card_0987,i want something else,I want something else,,phrases,phrase,request,0,0,curated,4,1,card_0102|card_0247|card_2648|card_1657,curated,0,0,1.5
card_0988,i want to be alone,I want to be alone,,phrases,phrase,request,0,0,curated,5,1,card_0102|card_0247|card_0231|card_0017|card_1142,curated,0,0,1.5
card_0989,i want to drink,I want to drink,,drink,noun,request,0,0,curated,4,1,card_0102|card_0247|card_0231|card_0057,curated,0,1,2.54
card_0990,i want to eat,I want to eat,,phrases,phrase,request,0,0,curated,4,1,card_0102|card_0247|card_0231|card_0061,curated,0,2,3.15
card_0991,i want to go,I want to go,,phrases,phrase,request,0,0,curated,4,1,card_0102|card_0247|card_0231|card_0080,curated,1,26,6.84
card_0992,i want to go home,I want to go home,,phrases,phrase,request,0,0,curated,5,1,card_0102|card_0247|card_0231|card_0080|card_0958,curated,0,2,3.15
card_0993,i want to go outside,I want to go outside,,phrases,phrase,request,0,0,curated,5,1,card_0102|card_0247|card_0231|card_0080|card_0165,curated,0,4,3.91
card_0994,i want to listen,I want to listen,,phrases,phrase,request,0,0,curated,4,1,card_0102|card_0247|card_0231|card_0121,curated,0,1,2.54
card_0995,i want to play,I want to play,,phrases,phrase,request,0,0,curated,4,1,card_0102|card_0247|card_0231|card_0170,curated,0,0,1.5
card_0996,i want to stop,I want to stop,,phrases,phrase,request,0,0,curated,4,1,card_0102|card_0247|card_0231|card_0213,curated,0,0,1.5
card_0997,i want to watch,I want to watch,,phrases,phrase,request,0,0,curated,4,1,card_0102|card_0247|card_0231|card_0250,curated+consensus5,5,8,6.8
card_0998,i'll show you,I'll show you,,phrases,phrase,repair,0,1,curated,3,1,card_0102|card_0196|card_0273,curated,0,2,4.65
card_0999,i'm angry,I'm angry,,feelings,phrase,feeling,0,0,curated,2,1,card_0102|card_0282,curated,0,0,3.0
card_1000,i'm bored,I'm bored,,feelings,phrase,feeling,0,0,curated,2,1,card_0102|card_0025,curated,1,3,5.48
card_1001,i'm fine,I'm fine,,feelings,phrase,social,0,0,curated,2,1,card_0102|card_1732,curated,2,4,6.21
card_1002,i'm going to be sick,I'm going to be sick,,feelings,phrase,safety,0,1,curated,5,1,card_0102|card_0080|card_0231|card_0017|card_0197,curated,0,0,1.5
card_1003,i'm good,I'm good,,phrases,phrase,social,0,0,curated,2,1,card_0102|card_0081,curated,0,4,5.41
card_1004,i'm happy,I'm happy,,feelings,phrase,feeling,0,0,curated,2,1,card_0102|card_0086,curated,0,4,5.41
card_1005,i'm happy to see you,I'm happy to see you,,phrases,phrase,social,0,0,curated,5,1,card_0102|card_0086|card_0231|card_0191|card_0273,curated,0,0,1.5
card_1006,i'm hurt,I'm hurt,,feelings,phrase,safety,0,1,curated,2,1,card_0102|card_0101,curated,0,1,4.04
card_1007,i'm in pain,I'm in pain,,health,noun,safety,0,1,curated,3,1,card_0102|card_0104|card_2294,curated,0,2,4.65
card_1008,i'm listening,I'm listening,,phrases,phrase,social,0,0,curated,2,1,card_0102|card_0121,curated,0,0,3.0
card_1009,i'm not finished,I'm not finished,,phrases,phrase,refuse,0,1,curated,3,1,card_0102|card_0152|card_0071,curated,0,0,3.0
card_1010,i'm ok,I'm ok,,feelings,phrase,feeling,0,0,curated,2,1,card_0102|card_1043,curated,0,3,5.08
card_1011,i'm sad,I'm sad,,feelings,phrase,feeling,0,0,curated,2,1,card_0102|card_0186,curated,0,0,3.0
card_1012,i'm scared,I'm scared,,feelings,phrase,safety,0,1,curated,2,1,card_0102|card_0190,curated,0,0,3.0
card_1013,i'm thinking,I'm thinking,,phrases,phrase,repair,0,1,curated,2,1,card_0102|card_0225,curated,0,2,4.65
card_1014,i'm tired,I'm tired,,feelings,phrase,feeling,0,0,curated,2,1,card_0102|card_0230,curated+consensus4,4,5,7.29
card_1015,i'm too cold,I'm too cold,,feelings,phrase,safety,0,1,curated,3,1,card_0102|card_0235|card_0038,curated,1,0,3.4
card_1016,i'm too hot,I'm too hot,,feelings,phrase,safety,0,1,curated,3,1,card_0102|card_0235|card_0097,curated,0,1,4.04
card_1017,in pain,In pain,,feelings,phrase,feeling,0,0,curated,2,1,card_0104|card_2294,curated,0,6,5.92
card_1018,is it,Is it,,phrases,phrase,question,0,0,curated,2,1,card_0105|card_0106,curated+corpus104,2,104,10.78
card_1019,it depends,It depends,,phrases,phrase,statement,0,0,curated,2,1,card_0106|card_1563,curated,0,2,4.65
card_1020,it hurts,It hurts,,health,noun,safety,0,1,curated,2,1,card_0106|card_0101,curated,0,5,5.69
card_1021,it hurts here,It hurts here,,health,noun,safety,0,1,curated,3,1,card_0106|card_0101|card_0094,curated,0,0,3.0
card_1022,kind of,Kind of,,describing,phrase,content,0,0,curated,2,1,card_2033|card_0156,curated+consensus5,5,55,11.04
card_1023,leave me alone,Leave me alone,,phrases,phrase,refuse,0,1,curated,3,1,card_0117|card_0134|card_1142,curated,3,8,7.5
card_1024,let me finish,Let me finish,,phrases,phrase,repair,0,1,curated,3,1,card_2066|card_0134|card_1733,curated,0,2,4.65
card_1025,let's go,Let's go,,phrases,phrase,request,0,0,curated,2,1,card_2066|card_0080,curated,0,47,8.81
card_1026,lonely,Lonely,,feelings,adj,feeling,0,0,curated,1,0,,curated+consensus17,17,7,12.92
card_1027,look at my board,Look at my board,,phrases,phrase,repair,0,1,curated,4,0,,curated,0,0,1.5
card_1028,my name is,My name is,,phrases,phrase,social,0,0,curated,3,1,card_0143|card_2222|card_0105,curated+consensus8,8,20,10.77
card_1029,neither,Neither,,core,func,content,0,0,curated,1,0,,curated+consensus8,8,6,9.12
card_1030,nervous,Nervous,,feelings,adj,feeling,0,0,curated,1,0,,curated+consensus18,18,7,13.32
card_1031,never mind,Never mind,,phrases,phrase,repair,0,1,curated,2,1,card_0146|card_2169,curated+consensus9,9,3,8.68
card_1032,nice to meet you,Nice to meet you,,phrases,phrase,social,0,0,curated,4,1,card_0149|card_0231|card_0135|card_0273,curated+consensus13,13,16,10.95
card_1033,nineteen,Nineteen,,numbers,num,number,0,0,curated,1,0,,curated,1,0,3.4
card_1034,no thank you,No thank you,,phrases,phrase,refuse,0,1,curated,3,1,card_0151|card_2795|card_0273,curated,0,5,5.69
card_1035,none,None,,describing,noun,content,0,0,curated,1,0,,curated+consensus13,13,4,10.61
card_1036,not now,Not now,,phrases,phrase,refuse,0,1,curated,2,1,card_0152|card_0154,curated,0,1,4.04
card_1037,not really,Not really,,phrases,phrase,refuse,0,1,curated,2,1,card_0152|card_2466,curated,0,17,7.34
card_1038,not that,Not that,,phrases,phrase,repair,0,1,curated,2,1,card_0152|card_0220,curated,0,13,6.96
card_1039,not that one,Not that one,,phrases,phrase,refuse,0,1,curated,3,1,card_0152|card_0220|card_0618,curated,0,1,4.04
card_1040,not yet,Not yet,,phrases,phrase,refuse,0,1,curated,2,1,card_0152|card_3026,curated,0,16,7.25
card_1041,nothing,Nothing,,core,pron,content,0,0,curated,1,0,,curated+consensus12,12,28,12.85
card_1042,of course,Of course,,describing,phrase,content,0,0,curated,2,1,card_0156|card_1498,curated,1,61,9.59
card_1043,ok,Ok,,feelings,adj,affirm,0,0,curated,1,0,,curated+consensus6,6,162,13.04
card_1044,oops,Oops,,things,noun,repair,0,1,curated,1,0,,curated+consensus7,7,1,6.84
card_1045,open it,Open it,,phrases,phrase,request,0,0,curated,2,1,card_0161|card_0106,curated,0,4,5.41
card_1046,probably,Probably,,describing,adv,content,0,0,curated,1,0,,curated+consensus6,6,40,10.97
card_1047,proud,Proud,prouder|proudest,feelings,adj,feeling,0,0,curated,1,0,,curated+consensus18,18,4,12.61
card_1048,say it again,Say it again,,phrases,phrase,repair,0,1,curated,3,1,card_0189|card_0106|card_0004,curated,0,0,3.0
card_1049,see you later,See you later,,phrases,phrase,social,0,0,curated,3,1,card_0191|card_0273|card_0116,curated+consensus16,16,4,11.81
card_1050,seventeen,Seventeen,,numbers,num,number,0,0,curated,1,0,,curated,1,0,3.4
card_1051,show me,Show me,,phrases,phrase,request,0,0,curated,2,1,card_0196|card_0134,curated,0,6,5.92
card_1052,sixteen,Sixteen,,numbers,num,number,0,0,curated,1,0,,curated,1,1,4.44
card_1053,someone is hurting me,Someone is hurting me,,health,noun,safety,0,1,curated,4,1,card_2647|card_0105|card_0101|card_0134,curated,0,0,1.5
card_1054,something else,Something else,,phrases,phrase,repair,0,1,curated,2,1,card_2648|card_1657,curated,1,11,7.13
card_1055,soon,Soon,,describing,adv,content,0,0,curated,1,0,,curated+consensus13,13,108,15.24
card_1056,spell it,Spell it,,phrases,phrase,repair,0,1,curated,2,1,card_2672|card_0106,curated,0,0,3.0
card_1057,start over,Start over,,phrases,phrase,repair,0,1,curated,2,1,card_2696|card_0166,curated,1,2,5.05
card_1058,sure,Sure,surer|surest,describing,noun,affirm,0,0,curated,1,0,,curated+consensus13,13,365,17.05
card_1059,surprised,Surprised,,feelings,adj,feeling,0,0,curated,1,0,,curated+consensus7,7,23,10.57
card_1060,tell me more,Tell me more,,phrases,phrase,social,0,0,curated,3,1,card_0219|card_0134|card_0139,curated+consensus5,5,3,7.08
card_1061,ten,Ten,tens,numbers,num,number,0,0,curated,1,0,,curated+consensus4,4,15,8.76
card_1062,that's funny,That's funny,,phrases,phrase,social,0,0,curated,2,1,card_0220|card_0077,curated+consensus4,4,1,5.64
card_1063,that's not what i meant,That's not what I meant,,phrases,phrase,repair,0,1,curated,5,1,card_0220|card_0152|card_0256|card_0102|card_2140,curated+consensus8,8,0,4.7
card_1064,that's right,That's right,,phrases,phrase,affirm,0,0,curated,2,1,card_0220|card_0184,curated,0,1,4.04
card_1065,third,Third,,numbers,num,number,0,0,curated,1,0,,curated+consensus4,4,5,7.29
card_1066,thirteen,Thirteen,,numbers,num,number,0,0,curated,1,0,,curated,1,0,3.4
card_1067,thirty,Thirty,,numbers,num,number,0,0,curated,1,0,,curated,1,3,5.48
card_1068,turn it off,Turn it off,,phrases,phrase,request,0,0,curated,3,1,card_0240|card_0106|card_0157,curated,0,0,3.0
card_1069,turn it on,Turn it on,,phrases,phrase,request,0,0,curated,3,1,card_0240|card_0106|card_0160,curated,0,2,4.65
card_1070,twelve,Twelve,,numbers,num,number,0,0,curated,1,0,,curated,1,0,3.4
card_1071,twenty,Twenty,,numbers,num,number,0,0,curated,1,0,,curated,3,2,5.85
card_1072,uncomfortable,Uncomfortable,,feelings,adj,feeling,0,0,curated,1,0,,curated+consensus15,15,1,10.04
card_1073,what are we doing,What are we doing,,phrases,phrase,question,0,0,curated,4,1,card_0256|card_0011|card_0251|card_0052,curated,0,1,2.54
card_1074,what do you think,What do you think,,phrases,phrase,question,0,0,curated,4,1,card_0256|card_0052|card_0273|card_0225,curated,0,17,5.84
card_1075,what happened,What happened,,phrases,phrase,question,0,0,curated,2,1,card_0256|card_1872,curated,1,28,8.45
card_1076,what is it,What is it,,phrases,phrase,question,0,0,curated,3,1,card_0256|card_0105|card_0106,curated+consensus4,4,8,7.9
card_1077,what time is it,What time is it,,phrases,phrase,question,0,0,curated,4,1,card_0256|card_0790|card_0105|card_0106,curated+consensus10,10,22,10.2
card_1078,what's that,What's that,,phrases,phrase,question,0,0,curated,2,1,card_0256|card_0220,curated,0,0,3.0
card_1079,what's up,What's up,,phrases,phrase,social,0,0,curated,2,1,card_0256|card_0243,curated+consensus7,7,3,7.88
card_1080,what's your name,What's your name,,phrases,phrase,social,0,0,curated,3,1,card_0256|card_0274|card_2222,curated+consensus5,5,1,6.04
card_1081,when are we going,When are we going,,phrases,phrase,question,0,0,curated,4,1,card_0257|card_0011|card_0251|card_0080,curated,0,1,2.54
card_1082,where are we going,Where are we going,,phrases,phrase,question,0,0,curated,4,1,card_0258|card_0011|card_0251|card_0080,curated,0,5,4.19
card_1083,where is it,Where is it,,phrases,phrase,question,0,0,curated,3,1,card_0258|card_0105|card_0106,curated,0,1,4.04
card_1084,who is that,Who is that,,phrases,phrase,question,0,0,curated,3,1,card_0260|card_0105|card_0220,curated,0,0,3.0
card_1085,worried,Worried,,feelings,adj,feeling,0,0,curated,1,0,,curated+consensus15,15,44,14.71
card_1086,wrong one,Wrong one,,phrases,phrase,repair,0,1,curated,2,1,card_0269|card_0618,curated,0,0,3.0
card_1087,you didn't understand me,You didn't understand me,,phrases,phrase,repair,0,1,curated,4,1,card_0273|card_0152|card_2883|card_0134,curated,0,0,1.5
card_1088,you understood me,You understood me,,phrases,phrase,repair,0,1,curated,3,1,card_0273|card_2883|card_0134,curated,0,0,3.0
card_1089,you're welcome,You're welcome,,phrases,phrase,social,0,0,curated,2,1,card_0273|card_2954,curated+consensus16,16,14,13.46
card_1090,'s,'s,,things,other,content,0,0,fringe,1,0,,consensus8,8,2,4.85
card_1091,4th of july,4th of july,,time,noun,content,0,0,fringe,3,0,,consensus4,4,0,1.6
card_1092,ability,Ability,abilities,describing,noun,content,0,0,fringe,1,0,,consensus4,4,6,4.52
card_1093,able,Able,,describing,adj,content,0,0,fringe,1,0,,consensus15,15,42,11.64
card_1094,above,Above,,core,func,content,0,0,fringe,1,0,,consensus14,14,0,5.6
card_1095,absolute value,Absolute value,,quantity,noun,content,0,0,fringe,2,0,,consensus4,4,0,1.6
card_1096,accept,Accept,accepted|accepting|accepts,actions,noun,content,0,0,fringe,1,0,,consensus9,9,8,6.9
card_1097,accessible,Accessible,,describing,adj,content,0,0,fringe,1,0,,consensus11,11,2,6.05
card_1098,accident,Accident,,activities,noun,content,0,0,fringe,1,0,,consensus6,6,24,7.23
card_1099,according,According,,actions,verb,content,0,0,fringe,1,0,,consensus7,7,1,3.84
card_1100,account,Account,accounted|accounting|accounts,ideas,noun,content,0,0,fringe,1,0,,consensus7,7,4,5.21
card_1101,ache,Ache,ached|aches|aching,health,noun,content,0,0,fringe,1,0,,consensus14,14,3,7.68
card_1102,across,Across,,core,func,content,0,0,fringe,1,0,,consensus10,10,2,5.65
card_1103,action,Action,actions,activities,noun,content,0,0,fringe,1,0,,consensus8,8,8,6.5
card_1104,activity,Activity,,activities,noun,content,0,0,fringe,1,0,,consensus4,4,4,4.01
card_1105,actor,Actor,,people,noun,content,0,0,fringe,1,0,,consensus12,12,2,6.45
card_1106,actual,Actual,,describing,adj,content,0,0,fringe,1,0,,consensus10,10,2,5.65
card_1107,actually,Actually,,describing,adv,content,0,0,fringe,1,0,,consensus6,6,38,7.9
card_1108,add,Add,added|adding|adds,actions,verb,content,0,0,fringe,1,0,,consensus18,18,7,10.32
card_1109,address,Address,,ideas,noun,content,0,0,fringe,1,0,,consensus12,12,9,8.25
card_1110,adjust,Adjust,adjusted|adjusting|adjusts,actions,noun,content,0,0,fringe,1,0,,consensus6,6,2,4.05
card_1111,admire,Admire,admired|admires|admiring,actions,noun,content,0,0,fringe,1,0,,consensus8,8,2,4.85
card_1112,admit,Admit,,actions,noun,content,0,0,fringe,1,0,,consensus9,9,4,6.01
card_1113,adopt,Adopt,adopted|adopting|adopts,actions,noun,content,0,0,fringe,1,0,,consensus9,9,1,4.64
card_1114,adoption,Adoption,adoptions,activities,noun,content,0,0,fringe,1,0,,consensus4,4,0,1.6
card_1115,adorable,Adorable,,describing,adj,content,0,0,fringe,1,0,,consensus9,9,5,6.29
card_1116,adult,Adult,,people,noun,content,0,0,fringe,1,0,,consensus15,15,4,8.41
card_1117,advent calendar,Advent calendar,,time,noun,content,0,0,fringe,2,0,,consensus9,9,0,3.6
card_1118,affection,Affection,,feelings,noun,feeling,0,0,fringe,1,0,,consensus4,4,0,1.6
card_1119,afford,Afford,afforded|affording|affords,actions,noun,content,0,0,fringe,1,0,,consensus12,12,4,7.21
card_1120,age,Age,aged|ages|aging,describing,noun,content,0,0,fringe,1,0,,consensus5,5,8,5.3
card_1121,ago,Ago,,describing,adv,content,0,0,fringe,1,0,,consensus7,7,16,7.05
card_1122,agree,Agree,agreed|agreeing|agrees,actions,noun,content,0,0,fringe,1,0,,consensus15,15,18,10.42
card_1123,ah,Ah,,things,noun,content,0,0,fringe,1,0,,consensus4,4,6,4.52
card_1124,ahead,Ahead,,describing,adv,content,0,0,fringe,1,0,,consensus5,5,15,6.16
card_1125,aide,Aide,,people,noun,content,0,0,fringe,1,0,,consensus18,18,0,7.2
card_1126,air,Air,,things,noun,content,0,0,fringe,1,0,,consensus13,13,25,10.09
card_1127,air conditioner,Air conditioner,,things,noun,content,0,0,fringe,2,1,card_1126|card_1468,consensus8,8,8,6.5
card_1128,air hockey,Air hockey,,play,noun,content,0,0,fringe,2,1,card_1126|card_1903,consensus9,9,0,3.6
card_1129,aircraft carrier,Aircraft carrier,,transport,noun,content,0,0,fringe,2,0,,consensus4,4,0,1.6
card_1130,airplane,Airplane,,transport,noun,content,0,0,fringe,1,0,,consensus18,18,1,8.24
card_1131,airport,Airport,,things,noun,content,0,0,fringe,1,0,,consensus18,18,5,9.89
card_1132,alabama,Alabama,,places,noun,content,0,0,fringe,1,0,,consensus9,9,0,3.6
card_1133,alarm,Alarm,alarmed|alarming|alarms,feelings,noun,feeling,0,0,fringe,1,0,,consensus6,6,10,6.0
card_1134,album,Album,albums,ideas,noun,content,0,0,fringe,1,0,,consensus11,11,1,5.44
card_1135,alive,Alive,,describing,adj,content,0,0,fringe,1,0,,consensus18,18,5,9.89
card_1136,allergic,Allergic,,health,noun,content,0,0,fringe,1,0,,consensus5,5,12,5.85
card_1137,allergy,Allergy,,health,noun,content,0,0,fringe,1,0,,consensus4,4,6,4.52
card_1138,alligator,Alligator,,things,noun,content,0,0,fringe,1,0,,consensus18,18,2,8.85
card_1139,allow,Allow,allowed|allowing|allows,actions,verb,content,0,0,fringe,1,0,,consensus10,10,4,6.41
card_1140,almonds,Almonds,,nature,noun,content,0,0,fringe,1,0,,consensus7,7,1,3.84
card_1141,almost,Almost,,core,func,content,0,0,fringe,1,0,,consensus10,10,13,7.96
card_1142,alone,Alone,,describing,adv,content,0,0,fringe,1,0,,consensus16,16,22,11.1
card_1143,along,Along,,describing,func,content,0,0,fringe,1,0,,consensus6,6,8,5.7
card_1144,already,Already,,describing,adv,content,0,0,fringe,1,0,,consensus12,12,45,10.54
card_1145,alright,Alright,,describing,noun,content,0,0,fringe,1,0,,consensus4,4,31,6.8
card_1146,although,Although,,core,func,content,0,0,fringe,1,0,,consensus11,11,1,5.44
card_1147,am i,Am I,,phrases,phrase,statement,0,0,fringe,2,1,card_0008|card_0102,consensus5,5,16,6.25
card_1148,amaze,Amaze,amazed|amazes|amazing,actions,noun,content,0,0,fringe,1,0,,consensus18,18,19,11.69
card_1149,amphibian,Amphibian,,transport,adj,content,0,0,fringe,1,0,,consensus11,11,0,4.4
card_1150,amusement park,Amusement park,,places,noun,content,0,0,fringe,2,0,,consensus4,4,1,2.64
card_1151,an,An,,core,func,content,0,0,fringe,1,0,,consensus16,16,121,13.61
card_1152,angel,Angel,,things,noun,content,0,0,fringe,1,0,,consensus10,10,0,4.0
card_1153,angelfish,Angelfish,,animals,noun,content,0,0,fringe,1,0,,consensus4,4,0,1.6
card_1154,anger,Anger,,feelings,adj,feeling,0,0,fringe,1,0,,consensus8,8,1,4.24
card_1155,animal,Animal,animals,things,noun,content,0,0,fringe,1,0,,consensus21,21,6,11.32
card_1156,ankle,Ankle,,body,noun,content,0,0,fringe,1,0,,consensus10,10,1,5.04
card_1157,ankylosaurus,Ankylosaurus,,animals,noun,content,0,0,fringe,1,0,,consensus5,5,0,2.0
card_1158,anniversary,Anniversary,,time,noun,content,0,0,fringe,1,0,,consensus16,16,3,8.48
card_1159,annoy,Annoy,annoyed|annoying|annoys,actions,noun,content,0,0,fringe,1,0,,consensus8,8,6,6.12
card_1160,another,Another,,core,func,content,0,0,fringe,1,0,,consensus10,10,40,9.57
card_1161,answer,Answer,answered|answering|answers,actions,noun,content,0,0,fringe,1,0,,consensus18,18,26,12.14
card_1162,anxious,Anxious,,feelings,adj,feeling,0,0,fringe,1,0,,consensus11,11,0,4.4
card_1163,any,Any,,core,func,content,0,0,fringe,1,0,,consensus18,18,169,14.9
card_1164,anybody,Anybody,,things,noun,content,0,0,fringe,1,0,,consensus13,13,4,7.61
card_1165,anymore,Anymore,,describing,adv,content,0,0,fringe,1,0,,consensus6,6,16,6.65
card_1166,anyone,Anyone,,core,pron,content,0,0,fringe,1,0,,consensus9,9,26,8.54
card_1167,anything,Anything,,core,pron,content,0,0,fringe,1,0,,consensus9,9,89,10.35
card_1168,anytime,Anytime,,things,noun,content,0,0,fringe,1,0,,consensus4,4,6,4.52
card_1169,anyway,Anyway,,describing,adv,content,0,0,fringe,1,0,,consensus11,11,14,8.46
card_1170,anywhere,Anywhere,,describing,adv,content,0,0,fringe,1,0,,consensus12,12,9,8.25
card_1171,apartment,Apartment,,things,noun,content,0,0,fringe,1,0,,consensus12,12,2,6.45
card_1172,apologize,Apologize,apologized|apologizes|apologizing,actions,verb,content,0,0,fringe,1,0,,consensus11,11,2,6.05
card_1173,app,App,,technology,noun,content,0,0,fringe,1,0,,consensus10,10,2,5.65
card_1174,appear,Appear,appeared|appearing|appears,actions,verb,content,0,0,fringe,1,0,,consensus6,6,2,4.05
card_1175,applesauce,Applesauce,,food,noun,content,0,0,fringe,1,0,,consensus5,5,0,2.0
card_1176,appliance,Appliance,,things,noun,content,0,0,fringe,1,0,,consensus15,15,0,6.0
card_1177,apply,Apply,,actions,verb,content,0,0,fringe,1,0,,consensus5,5,4,4.41
card_1178,appointment,Appointment,,health,noun,content,0,0,fringe,1,0,,consensus14,14,30,10.75
card_1179,appreciate,Appreciate,,actions,noun,content,0,0,fringe,1,0,,consensus10,10,33,9.29
card_1180,arctic,Arctic,,places,adj,content,0,0,fringe,1,0,,consensus7,7,0,2.8
card_1181,are you kidding me,Are you kidding me,,phrases,phrase,question,0,0,fringe,4,1,card_0011|card_0273|card_2029|card_0134,consensus10,10,2,4.15
card_1182,area,Area,,places,noun,content,0,0,fringe,1,0,,consensus5,5,3,4.08
card_1183,aren't,Aren't,,core,aux,content,0,0,fringe,1,0,,consensus5,5,28,7.05
card_1184,argentina,Argentina,,places,noun,content,0,0,fringe,1,0,,consensus6,6,0,2.4
card_1185,argue,Argue,argued|argues|arguing,actions,noun,content,0,0,fringe,1,0,,consensus17,17,0,6.8
card_1186,arizona,Arizona,,places,noun,content,0,0,fringe,1,0,,consensus9,9,3,5.68
card_1187,arm,Arm,,body,noun,content,0,0,fringe,1,0,,consensus20,20,13,11.96
card_1188,arrange,Arrange,arranged|arranges|arranging,actions,noun,content,0,0,fringe,1,0,,consensus7,7,6,5.72
card_1189,arrival,Arrival,,activities,noun,content,0,0,fringe,1,0,,consensus4,4,1,2.64
card_1190,arrive,Arrive,arrived|arrives|arriving,actions,adj,content,0,0,fringe,1,0,,consensus12,12,18,9.22
card_1191,art,Art,,school,noun,content,0,0,fringe,1,0,,consensus13,13,7,8.32
card_1192,artist,Artist,artists,people,noun,content,0,0,fringe,1,0,,consensus15,15,2,7.65
card_1193,as,As,,core,func,content,0,0,fringe,1,0,,consensus17,17,1972,18.18
card_1194,ash wednesday,Ash wednesday,,time,noun,content,0,0,fringe,2,0,,consensus8,8,0,3.2
card_1195,ashamed,Ashamed,,describing,verb,content,0,0,fringe,1,0,,consensus6,6,4,4.81
card_1196,asia,Asia,,nature,noun,content,0,0,fringe,1,0,,consensus14,14,0,5.6
card_1197,ask,Ask,asked|asking|asks,actions,noun,content,0,0,fringe,1,0,,consensus19,19,112,14.69
card_1198,asleep,Asleep,,describing,noun,content,0,0,fringe,1,0,,consensus12,12,6,7.72
card_1199,assistant,Assistant,,people,noun,content,0,0,fringe,1,0,,consensus10,10,0,4.0
card_1200,assume,Assume,,actions,verb,content,0,0,fringe,1,0,,consensus5,5,6,4.92
card_1201,asteroid,Asteroid,,nature,noun,content,0,0,fringe,1,0,,consensus10,10,0,4.0
card_1202,astronaut,Astronaut,,people,noun,content,0,0,fringe,1,0,,consensus18,18,0,7.2
card_1203,athlete,Athlete,,people,noun,content,0,0,fringe,1,0,,consensus12,12,0,4.8
card_1204,attack,Attack,,actions,noun,content,0,0,fringe,1,0,,consensus4,4,5,4.29
card_1205,attend,Attend,,actions,noun,content,0,0,fringe,1,0,,consensus5,5,6,4.92
card_1206,attic,Attic,,things,adj,content,0,0,fringe,1,0,,consensus6,6,4,4.81
card_1207,attractive,Attractive,,describing,adj,content,0,0,fringe,1,0,,consensus8,8,4,5.61
card_1208,atv,Atv,,things,noun,content,0,0,fringe,1,0,,consensus11,11,0,4.4
card_1209,aunt,Aunt,,people,noun,content,0,0,fringe,1,0,,consensus15,15,3,8.08
card_1210,author,Author,,people,noun,content,0,0,fringe,1,0,,consensus12,12,4,7.21
card_1211,available,Available,,describing,adj,content,0,0,fringe,1,0,,consensus8,8,13,7.16
card_1212,avalanche,Avalanche,,activities,noun,content,0,0,fringe,1,0,,consensus5,5,0,2.0
card_1213,average,Average,,describing,adj,content,0,0,fringe,1,0,,consensus6,6,3,4.48
card_1214,avoid,Avoid,,actions,noun,content,0,0,fringe,1,0,,consensus8,8,2,4.85
card_1215,awake,Awake,,describing,noun,content,0,0,fringe,1,0,,consensus13,13,4,7.61
card_1216,aware,Aware,,describing,adj,content,0,0,fringe,1,0,,consensus8,8,2,4.85
card_1217,away,Away,,describing,adv,content,0,0,fringe,1,0,,consensus19,19,35,12.98
card_1218,awful,Awful,,feelings,adj,feeling,0,0,fringe,1,0,,consensus9,9,4,6.01
card_1219,ax,Ax,,things,noun,content,0,0,fringe,1,0,,consensus9,9,0,3.6
card_1220,baa baa,Baa baa,,activities,phrase,content,0,0,fringe,2,0,,consensus4,4,0,1.6
card_1221,backhoe,Backhoe,,things,noun,content,0,0,fringe,1,0,,consensus9,9,0,3.6
card_1222,backpack,Backpack,,school,noun,content,0,0,fringe,1,0,,consensus12,12,2,6.45
card_1223,bacon,Bacon,,food,noun,content,0,0,fringe,1,0,,consensus20,20,12,11.85
card_1224,bacteria,Bacteria,,animals,noun,content,0,0,fringe,1,0,,consensus4,4,0,1.6
card_1225,bag,Bag,,things,noun,content,0,0,fringe,1,0,,consensus19,19,21,12.24
card_1226,baker,Baker,,people,noun,content,0,0,fringe,1,0,,consensus5,5,2,3.65
card_1227,bakery,Bakery,,things,noun,content,0,0,fringe,1,0,,consensus6,6,3,4.48
card_1228,baking soda,Baking soda,,drink,noun,content,0,0,fringe,2,1,card_0016|card_2639,consensus7,7,0,2.8
card_1229,balloon,Balloon,,transport,noun,content,0,0,fringe,1,0,,consensus19,19,0,7.6
card_1230,bamboo,Bamboo,,nature,noun,content,0,0,fringe,1,0,,consensus9,9,0,3.6
card_1231,bandage,Bandage,,health,noun,content,0,0,fringe,1,0,,consensus8,8,2,4.85
card_1232,bar,Bar,,things,noun,content,0,0,fringe,1,0,,consensus7,7,11,6.53
card_1233,bar mitzveh,Bar mitzveh,,things,noun,content,0,0,fringe,2,0,,consensus9,9,0,3.6
card_1234,barbecue sauce,Barbecue sauce,,food,noun,content,0,0,fringe,2,0,,consensus6,6,0,2.4
card_1235,barber,Barber,,people,noun,content,0,0,fringe,1,0,,consensus9,9,1,4.64
card_1236,barn,Barn,,things,noun,content,0,0,fringe,1,0,,consensus9,9,0,3.6
card_1237,baseball,Baseball,,play,noun,content,0,0,fringe,1,0,,consensus19,19,15,11.76
card_1238,basement,Basement,,things,noun,content,0,0,fringe,1,0,,consensus10,10,0,4.0
card_1239,basket,Basket,,things,noun,content,0,0,fringe,1,0,,consensus19,19,2,9.25
card_1240,bath,Bath,,things,noun,content,0,0,fringe,1,0,,consensus11,11,10,8.0
card_1241,bathe,Bathe,bathed|bathes|bathing,actions,noun,content,0,0,fringe,1,0,,consensus13,13,3,7.28
card_1242,bathroom,Bathroom,,things,noun,content,0,0,fringe,1,0,,consensus23,23,60,15.37
card_1243,bay,Bay,,nature,noun,content,0,0,fringe,1,0,,consensus10,10,0,4.0
card_1244,beak,Beak,,animals,noun,content,0,0,fringe,1,0,,consensus5,5,0,2.0
card_1245,bean,Bean,beans,food,noun,content,0,0,fringe,1,0,,consensus18,18,5,9.89
card_1246,beard,Beard,bearded,body,noun,content,0,0,fringe,1,0,,consensus13,13,6,8.12
card_1247,beat,Beat,beaten|beating|beats,actions,noun,content,0,0,fringe,1,0,,consensus12,12,6,7.72
card_1248,beautiful,Beautiful,,describing,noun,content,0,0,fringe,1,0,,consensus16,16,23,11.17
card_1249,beaver,Beaver,,things,noun,content,0,0,fringe,1,0,,consensus9,9,1,4.64
card_1250,become,Become,became|becomes|becoming,actions,noun,content,0,0,fringe,1,0,,consensus8,8,3,5.28
card_1251,bed,Bed,,home,noun,content,0,0,fringe,1,0,,consensus21,21,37,13.86
card_1252,bedroom,Bedroom,,things,noun,content,0,0,fringe,1,0,,consensus19,19,6,10.52
card_1253,bedtime,Bedtime,,time,noun,content,0,0,fringe,1,0,,consensus8,8,0,3.2
card_1254,bee,Bee,,animals,noun,content,0,0,fringe,1,0,,consensus19,19,0,7.6
card_1255,been,Been,,core,aux,content,0,0,fringe,1,0,,consensus11,11,4364,16.97
card_1256,begin,Begin,began|beginning|begins|begun,actions,noun,content,0,0,fringe,1,0,,consensus13,13,8,8.5
card_1257,believe,Believe,believed|believing,actions,verb,content,0,0,fringe,1,0,,consensus19,19,31,12.8
card_1258,bell,Bell,bells,things,noun,content,0,0,fringe,1,0,,consensus17,17,4,9.21
card_1259,belong,Belong,belonged|belonging|belongs,actions,noun,content,0,0,fringe,1,0,,consensus10,10,3,6.08
card_1260,below,Below,,core,func,content,0,0,fringe,1,0,,consensus14,14,2,7.25
card_1261,belt,Belt,,things,noun,content,0,0,fringe,1,0,,consensus14,14,0,5.6
card_1262,bench,Bench,,home,noun,content,0,0,fringe,1,0,,consensus10,10,2,5.65
card_1263,bend,Bend,bending|bends|bent,actions,noun,content,0,0,fringe,1,0,,consensus16,16,0,6.4
card_1264,beside,Beside,,things,noun,content,0,0,fringe,1,0,,consensus11,11,0,4.4
card_1265,best,Best,,describing,adj,content,0,0,fringe,1,0,,consensus18,18,62,13.41
card_1266,best friend,Best friend,,people,noun,content,0,0,fringe,2,1,card_1265|card_1779,consensus11,11,4,6.81
card_1267,bet,Bet,bets|betting,actions,noun,content,0,0,fringe,1,0,,consensus9,9,22,8.3
card_1268,better,Better,,describing,other,content,0,0,fringe,1,0,,consensus16,16,109,13.45
card_1269,bible,Bible,,ideas,adj,content,0,0,fringe,1,0,,consensus13,13,0,5.2
card_1270,bike,Bike,biking,transport,noun,content,0,0,fringe,1,0,,consensus16,16,5,9.09
card_1271,bill,Bill,,ideas,noun,content,0,0,fringe,1,0,,consensus5,5,19,6.49
card_1272,bingo,Bingo,,play,noun,content,0,0,fringe,1,0,,consensus10,10,0,4.0
card_1273,bite,Bite,bit|bites|biting|bitten,actions,noun,content,0,0,fringe,1,0,,consensus19,19,59,13.74
card_1274,bitter,Bitter,,describing,noun,content,0,0,fringe,1,0,,consensus16,16,1,7.44
card_1275,bladder,Bladder,,body,noun,content,0,0,fringe,1,0,,consensus12,12,0,4.8
card_1276,bland,Bland,,describing,noun,content,0,0,fringe,1,0,,consensus9,9,1,4.64
card_1277,bleed,Bleed,bled|bleeding|bleeds,actions,noun,content,0,0,fringe,1,0,,consensus16,16,2,8.05
card_1278,blender,Blender,,home,noun,content,0,0,fringe,1,0,,consensus11,11,1,5.44
card_1279,blind,Blind,blinds,describing,noun,content,0,0,fringe,1,0,,consensus11,11,3,6.48
card_1280,blizzard,Blizzard,,weather,noun,content,0,0,fringe,1,0,,consensus6,6,0,2.4
card_1281,block,Block,blocks,things,noun,content,0,0,fringe,1,0,,consensus12,12,7,7.92
card_1282,blonde,Blonde,,people,noun,content,0,0,fringe,1,0,,consensus5,5,4,4.41
card_1283,blood,Blood,,body,noun,content,0,0,fringe,1,0,,consensus14,14,2,7.25
card_1284,blow,Blow,blew|blowing|blown|blows,activities,noun,content,0,0,fringe,1,0,,consensus14,14,0,5.6
card_1285,blue jay,Blue jay,,animals,noun,content,0,0,fringe,2,0,,consensus6,6,0,2.4
card_1286,blush,Blush,,actions,noun,content,0,0,fringe,1,0,,consensus11,11,2,6.05
card_1287,body,Body,,body,noun,content,0,0,fringe,1,0,,consensus20,20,3,10.08
card_1288,boil,Boil,boiled|boiling|boils,actions,noun,content,0,0,fringe,1,0,,consensus17,17,1,7.84
card_1289,bolivia,Bolivia,,places,noun,content,0,0,fringe,1,0,,consensus4,4,0,1.6
card_1290,book,Book,books,school,noun,content,0,0,fringe,1,0,,consensus20,20,94,14.83
card_1291,border,Border,,places,noun,content,0,0,fringe,1,0,,consensus5,5,0,2.0
card_1292,boring,Boring,,describing,noun,content,0,0,fringe,1,0,,consensus15,15,37,11.46
card_1293,borrow,Borrow,borrowed|borrowing|borrows,actions,noun,content,0,0,fringe,1,0,,consensus17,17,15,10.96
card_1294,boss,Boss,,people,noun,content,0,0,fringe,1,0,,consensus11,11,16,8.65
card_1295,bother,Bother,bothered|bothering|bothers,actions,noun,content,0,0,fringe,1,0,,consensus7,7,14,6.86
card_1296,bottle,Bottle,,things,noun,content,0,0,fringe,1,0,,consensus17,17,16,11.05
card_1297,bounce,Bounce,bounced|bounces|bouncing,actions,noun,content,0,0,fringe,1,0,,consensus13,13,1,6.24
card_1298,bow,Bow,,actions,noun,content,0,0,fringe,1,0,,consensus12,12,0,4.8
card_1299,bowling alley,Bowling alley,,things,noun,content,0,0,fringe,2,0,,consensus9,9,0,3.6
card_1300,box,Box,boxing,things,noun,content,0,0,fringe,1,0,,consensus19,19,21,12.24
card_1301,boy,Boy,,people,noun,content,0,0,fringe,1,0,,consensus22,22,10,12.4
card_1302,boyfriend,Boyfriend,,people,noun,content,0,0,fringe,1,0,,consensus14,14,1,6.64
card_1303,bracelet,Bracelet,,things,noun,content,0,0,fringe,1,0,,consensus12,12,1,5.84
card_1304,brachiosaurus,Brachiosaurus,,things,noun,content,0,0,fringe,1,0,,consensus10,10,0,4.0
card_1305,brain,Brain,,body,noun,content,0,0,fringe,1,0,,consensus14,14,5,8.29
card_1306,brave,Brave,,feelings,adj,feeling,0,0,fringe,1,0,,consensus15,15,2,7.65
card_1307,brazil,Brazil,,places,noun,content,0,0,fringe,1,0,,consensus6,6,0,2.4
card_1308,breadsticks,Breadsticks,,food,noun,content,0,0,fringe,1,0,,consensus4,4,0,1.6
card_1309,breakfast,Breakfast,,food,noun,content,0,0,fringe,1,0,,consensus20,20,24,12.83
card_1310,breast,Breast,breasts,body,noun,content,0,0,fringe,1,0,,consensus13,13,0,5.2
card_1311,breathe,Breathe,breathed|breathes|breathing,actions,noun,content,0,0,fringe,1,0,,consensus11,11,0,4.4
card_1312,brick,Brick,,things,noun,content,0,0,fringe,1,0,,consensus11,11,0,4.4
card_1313,bridge,Bridge,,things,noun,content,0,0,fringe,1,0,,consensus6,6,4,4.81
card_1314,bright,Bright,brighter|brightest,describing,noun,content,0,0,fringe,1,0,,consensus16,16,7,9.52
card_1315,bring,Bring,bringing|brings|brought,actions,noun,content,0,0,fringe,1,0,,consensus19,19,137,14.99
card_1316,brontosaurus,Brontosaurus,,animals,noun,content,0,0,fringe,1,0,,consensus9,9,0,3.6
card_1317,bronze,Bronze,,things,noun,content,0,0,fringe,1,0,,consensus11,11,0,4.4
card_1318,bronze age,Bronze age,,time,noun,content,0,0,fringe,2,1,card_1317|card_1120,consensus6,6,0,2.4
card_1319,broom,Broom,,things,noun,content,0,0,fringe,1,0,,consensus14,14,0,5.6
card_1320,brownie,Brownie,,people,noun,content,0,0,fringe,1,0,,consensus19,19,2,9.25
card_1321,brush teeth,Brush teeth,,body,noun,content,0,0,fringe,2,1,card_0028|card_0775,consensus7,7,0,2.8
card_1322,bucket,Bucket,,things,noun,content,0,0,fringe,1,0,,consensus10,10,0,4.0
card_1323,buffalo,Buffalo,,animals,noun,content,0,0,fringe,1,0,,consensus4,4,1,2.64
card_1324,bug,Bug,bugs,animals,noun,content,0,0,fringe,1,0,,consensus20,20,6,10.92
card_1325,bug spray,Bug spray,,things,noun,content,0,0,fringe,2,1,card_1324|card_2684,consensus9,9,1,4.64
card_1326,build,Build,building|builds|built,actions,noun,content,0,0,fringe,1,0,,consensus19,19,3,9.68
card_1327,bulldozer,Bulldozer,,transport,noun,content,0,0,fringe,1,0,,consensus12,12,0,4.8
card_1328,burger,Burger,,people,noun,content,0,0,fringe,1,0,,consensus4,4,15,5.76
card_1329,burn,Burn,burned|burning|burns|burnt,actions,noun,content,0,0,fringe,1,0,,consensus15,15,13,9.96
card_1330,burp,Burp,burped|burping|burps,activities,noun,content,0,0,fringe,1,0,,consensus5,5,0,2.0
card_1331,burrito,Burrito,,food,noun,content,0,0,fringe,1,0,,consensus21,21,1,9.44
card_1332,bus driver,Bus driver,,things,noun,content,0,0,fringe,2,1,card_0355|card_1622,consensus9,9,0,3.6
card_1333,bus stop,Bus stop,,places,noun,content,0,0,fringe,2,1,card_0355|card_0213,consensus10,10,3,6.08
card_1334,business,Business,,people,noun,content,0,0,fringe,1,0,,consensus10,10,10,7.6
card_1335,busy,Busy,busier|busiest,describing,adj,content,0,0,fringe,1,0,,consensus19,19,32,12.84
card_1336,butt,Butt,,actions,noun,content,0,0,fringe,1,0,,consensus4,4,10,5.2
card_1337,butter,Butter,,food,noun,content,0,0,fringe,1,0,,consensus19,19,11,11.33
card_1338,button,Button,buttoned|buttoning|buttons,technology,noun,content,0,0,fringe,1,0,,consensus12,12,9,8.25
card_1339,by,By,,core,func,content,0,0,fringe,1,0,,consensus18,18,109,14.25
card_1340,bye,Bye,,ideas,noun,social,0,0,fringe,1,0,,consensus8,8,15,7.36
card_1341,cake,Cake,,things,noun,content,0,0,fringe,1,0,,consensus20,20,15,12.16
card_1342,calendar,Calendar,,time,noun,content,0,0,fringe,1,0,,consensus7,7,0,2.8
card_1343,calf,Calf,,animals,noun,content,0,0,fringe,1,0,,consensus11,11,0,4.4
card_1344,call,Call,called|calling|calls,technology,noun,content,0,0,fringe,1,0,,consensus18,18,203,15.18
card_1345,camp,Camp,camped|camping|camps,things,noun,content,0,0,fringe,1,0,,consensus14,14,6,8.52
card_1346,campfire,Campfire,,activities,noun,content,0,0,fringe,1,0,,consensus4,4,0,1.6
card_1347,can i have a turn,Can I have a turn,,phrases,phrase,question,0,0,fringe,5,1,card_0031|card_0102|card_0089|card_0000|card_0240,consensus5,5,0,0.5
card_1348,candle,Candle,candles,things,noun,content,0,0,fringe,1,0,,consensus12,12,5,7.49
card_1349,candy,Candy,,food,noun,content,0,0,fringe,1,0,,consensus18,18,9,10.65
card_1350,candy apple,Candy apple,,food,noun,content,0,0,fringe,2,1,card_1349|card_0286,consensus9,9,0,3.6
card_1351,canoe,Canoe,canoeing,transport,noun,content,0,0,fringe,1,0,,consensus12,12,0,4.8
card_1352,canyon,Canyon,,nature,noun,content,0,0,fringe,1,0,,consensus11,11,0,4.4
card_1353,capital,Capital,,things,noun,content,0,0,fringe,1,0,,consensus7,7,1,3.84
card_1354,cappuccino,Cappuccino,,drink,noun,content,0,0,fringe,1,0,,consensus9,9,0,3.6
card_1355,caramel,Caramel,,food,noun,content,0,0,fringe,1,0,,consensus4,4,0,1.6
card_1356,card,Card,cards,things,noun,content,0,0,fringe,1,0,,consensus16,16,19,10.89
card_1357,care,Care,cared|cares|caring,actions,noun,content,0,0,fringe,1,0,,consensus15,15,68,12.35
card_1358,career,Career,,activities,noun,content,0,0,fringe,1,0,,consensus10,10,6,6.92
card_1359,careful,Careful,,describing,noun,content,0,0,fringe,1,0,,consensus18,18,7,10.32
card_1360,carolers,Carolers,,people,noun,content,0,0,fringe,1,0,,consensus9,9,0,3.6
card_1361,carriage,Carriage,,transport,noun,content,0,0,fringe,1,0,,consensus8,8,0,3.2
card_1362,carry,Carry,carried|carries|carrying,actions,noun,content,0,0,fringe,1,0,,consensus16,16,17,10.74
card_1363,cart,Cart,,transport,noun,content,0,0,fringe,1,0,,consensus4,4,1,2.64
card_1364,cartilage,Cartilage,,body,noun,content,0,0,fringe,1,0,,consensus9,9,0,3.6
card_1365,case,Case,,activities,noun,content,0,0,fringe,1,0,,consensus5,5,15,6.16
card_1366,cash,Cash,,things,noun,content,0,0,fringe,1,0,,consensus7,7,9,6.25
card_1367,cashier,Cashier,,people,noun,content,0,0,fringe,1,0,,consensus11,11,0,4.4
card_1368,catch,Catch,catches|catching|caught,actions,noun,content,0,0,fringe,1,0,,consensus18,18,22,11.9
card_1369,cause,Cause,caused|causes|causing,actions,noun,content,0,0,fringe,1,0,,consensus5,5,6,4.92
card_1370,cave,Cave,,nature,noun,content,0,0,fringe,1,0,,consensus14,14,0,5.6
card_1371,cd,Cd,,things,noun,content,0,0,fringe,1,0,,consensus8,8,2,4.85
card_1372,ceiling,Ceiling,,things,noun,content,0,0,fringe,1,0,,consensus12,12,2,6.45
card_1373,celebrate,Celebrate,,actions,noun,content,0,0,fringe,1,0,,consensus14,14,5,8.29
card_1374,celery,Celery,,nature,noun,content,0,0,fringe,1,0,,consensus17,17,0,6.8
card_1375,cell,Cell,,things,noun,content,0,0,fringe,1,0,,consensus6,6,18,6.82
card_1376,cello,Cello,,music,noun,content,0,0,fringe,1,0,,consensus8,8,0,3.2
card_1377,cemetery,Cemetery,,places,noun,content,0,0,fringe,1,0,,consensus9,9,0,3.6
card_1378,cenozoic,Cenozoic,,time,noun,content,0,0,fringe,1,0,,consensus6,6,0,2.4
card_1379,cent,Cent,cents,quantity,noun,content,0,0,fringe,1,0,,consensus6,6,3,4.48
card_1380,center,Center,,places,noun,content,0,0,fringe,1,0,,consensus11,11,1,5.44
card_1381,century,Century,,time,noun,content,0,0,fringe,1,0,,consensus5,5,1,3.04
card_1382,certain,Certain,,describing,adj,content,0,0,fringe,1,0,,consensus8,8,3,5.28
card_1383,certainly,Certainly,,describing,adv,content,0,0,fringe,1,0,,consensus4,4,7,4.72
card_1384,chalk,Chalk,,things,noun,content,0,0,fringe,1,0,,consensus13,13,0,5.2
card_1385,chance,Chance,,describing,noun,content,0,0,fringe,1,0,,consensus5,5,16,6.25
card_1386,channel,Channel,,ideas,noun,content,0,0,fringe,1,0,,consensus4,4,21,6.24
card_1387,charge,Charge,charged|charges|charging,actions,noun,content,0,0,fringe,1,0,,consensus14,14,5,8.29
card_1388,charger,Charger,,technology,noun,content,0,0,fringe,1,0,,consensus7,7,0,2.8
card_1389,chat,Chat,chats|chatted|chatting,actions,noun,content,0,0,fringe,1,0,,consensus13,13,4,7.61
card_1390,cheap,Cheap,cheaper|cheapest,describing,noun,content,0,0,fringe,1,0,,consensus15,15,5,8.69
card_1391,cheat,Cheat,cheated|cheating|cheats,actions,noun,content,0,0,fringe,1,0,,consensus17,17,0,6.8
card_1392,check,Check,checked|checking|checks,actions,noun,content,0,0,fringe,1,0,,consensus12,12,82,11.43
card_1393,checkers,Checkers,,play,noun,content,0,0,fringe,1,0,,consensus12,12,0,4.8
card_1394,cheerful,Cheerful,,feelings,adj,feeling,0,0,fringe,1,0,,consensus6,6,1,3.44
card_1395,cheese crackers,Cheese crackers,,food,noun,content,0,0,fringe,2,1,card_0377|card_1504,consensus7,7,0,2.8
card_1396,cheeseburger,Cheeseburger,,food,noun,content,0,0,fringe,1,0,,consensus8,8,7,6.32
card_1397,chef,Chef,,people,noun,content,0,0,fringe,1,0,,consensus7,7,1,3.84
card_1398,chess,Chess,,nature,noun,content,0,0,fringe,1,0,,consensus4,4,3,3.68
card_1399,chest,Chest,,body,noun,content,0,0,fringe,1,0,,consensus15,15,2,7.65
card_1400,chew,Chew,chewed|chewing|chews,actions,noun,content,0,0,fringe,1,0,,consensus11,11,4,6.81
card_1401,chicken,Chicken,,food,noun,content,0,0,fringe,1,0,,consensus20,20,20,12.57
card_1402,chicken parmesan,Chicken parmesan,,food,noun,content,0,0,fringe,2,0,,consensus4,4,1,2.64
card_1403,child,Child,,people,noun,content,0,0,fringe,1,0,,consensus20,20,22,12.7
card_1404,children,Children,,people,noun,content,0,0,fringe,1,0,,consensus11,11,22,9.1
card_1405,chile,Chile,,places,noun,content,0,0,fringe,1,0,,consensus5,5,1,3.04
card_1406,chill,Chill,,describing,noun,content,0,0,fringe,1,0,,consensus7,7,6,5.72
card_1407,china,China,,places,noun,content,0,0,fringe,1,0,,consensus11,11,0,4.4
card_1408,chinese,Chinese,,describing,adj,content,0,0,fringe,1,0,,consensus6,6,11,6.13
card_1409,chinese food,Chinese food,,things,noun,content,0,0,fringe,2,1,card_1408|card_1756,consensus7,7,5,5.49
card_1410,chipmunk,Chipmunk,,animals,noun,content,0,0,fringe,1,0,,consensus10,10,1,5.04
card_1411,chocolate milk,Chocolate milk,,drink,noun,content,0,0,fringe,2,1,card_0386|card_0590,consensus6,6,2,4.05
card_1412,choice,Choice,choices,ideas,noun,content,0,0,fringe,1,0,,consensus6,6,9,5.85
card_1413,choir,Choir,,people,noun,content,0,0,fringe,1,0,,consensus10,10,0,4.0
card_1414,chore,Chore,,activities,noun,content,0,0,fringe,1,0,,consensus7,7,1,3.84
card_1415,chow mein,Chow mein,,food,noun,content,0,0,fringe,2,0,,consensus9,9,0,3.6
card_1416,christmas,Christmas,,time,noun,content,0,0,fringe,1,0,,consensus18,18,10,10.8
card_1417,christmas tree,Christmas tree,,nature,noun,content,0,0,fringe,2,1,card_1416|card_0876,consensus11,11,0,4.4
card_1418,cider,Cider,,drink,noun,content,0,0,fringe,1,0,,consensus11,11,0,4.4
card_1419,cinnamon,Cinnamon,,nature,noun,content,0,0,fringe,1,0,,consensus9,9,0,3.6
card_1420,cinnamon roll,Cinnamon roll,,food,noun,content,0,0,fringe,2,1,card_1419|card_2518,consensus8,8,0,3.2
card_1421,city,City,cities,places,noun,content,0,0,fringe,1,0,,consensus16,16,13,10.36
card_1422,civil war,Civil war,,activities,phrase,content,0,0,fringe,2,0,,consensus4,4,0,1.6
card_1423,claim,Claim,,actions,noun,content,0,0,fringe,1,0,,consensus5,5,5,4.69
card_1424,clam,Clam,clams,animals,noun,content,0,0,fringe,1,0,,consensus10,10,0,4.0
card_1425,clamp,Clamp,,actions,noun,content,0,0,fringe,1,0,,consensus10,10,0,4.0
card_1426,clarinet,Clarinet,,music,noun,content,0,0,fringe,1,0,,consensus8,8,0,3.2
card_1427,class,Class,classes,school,noun,content,0,0,fringe,1,0,,consensus12,12,17,9.14
card_1428,classic,Classic,,describing,adj,content,0,0,fringe,1,0,,consensus5,5,5,4.69
card_1429,classroom,Classroom,,school,noun,content,0,0,fringe,1,0,,consensus9,9,0,3.6
card_1430,claw,Claw,claws,animals,noun,content,0,0,fringe,1,0,,consensus5,5,0,2.0
card_1431,clean up,Clean up,,actions,phrase,content,0,0,fringe,2,1,card_0036|card_0243,consensus6,6,6,5.32
card_1432,click,Click,,actions,noun,content,0,0,fringe,1,0,,consensus8,8,4,5.61
card_1433,cliff,Cliff,,nature,noun,content,0,0,fringe,1,0,,consensus11,11,0,4.4
card_1434,climb,Climb,climbed|climbing|climbs,actions,noun,content,0,0,fringe,1,0,,consensus19,19,2,9.25
card_1435,clippers,Clippers,,things,noun,content,0,0,fringe,1,0,,consensus8,8,4,5.61
card_1436,clock,Clock,,things,noun,content,0,0,fringe,1,0,,consensus19,19,7,10.72
card_1437,closet,Closet,,things,noun,content,0,0,fringe,1,0,,consensus17,17,5,9.49
card_1438,clothes,Clothes,,clothes,noun,content,0,0,fringe,1,0,,consensus21,21,35,13.78
card_1439,clothing,Clothing,,things,noun,content,0,0,fringe,1,0,,consensus4,4,35,6.98
card_1440,cloud,Cloud,clouds,weather,noun,content,0,0,fringe,1,0,,consensus15,15,0,6.0
card_1441,club,Club,,people,noun,content,0,0,fringe,1,0,,consensus5,5,12,5.85
card_1442,clue,Clue,,ideas,noun,content,0,0,fringe,1,0,,consensus10,10,2,5.65
card_1443,coach,Coach,,people,noun,content,0,0,fringe,1,0,,consensus14,14,3,7.68
card_1444,cockatoo,Cockatoo,,animals,noun,content,0,0,fringe,1,0,,consensus5,5,0,2.0
card_1445,cockroach,Cockroach,,animals,noun,content,0,0,fringe,1,0,,consensus5,5,0,2.0
card_1446,cocktail,Cocktail,,drink,noun,content,0,0,fringe,1,0,,consensus10,10,0,4.0
card_1447,cocoa,Cocoa,,drink,noun,content,0,0,fringe,1,0,,consensus9,9,1,4.64
card_1448,coconut,Coconut,,food,noun,content,0,0,fringe,1,0,,consensus8,8,0,3.2
card_1449,cocoon,Cocoon,,animals,noun,content,0,0,fringe,1,0,,consensus4,4,0,1.6
card_1450,cod,Cod,,nature,noun,content,0,0,fringe,1,0,,consensus7,7,1,3.84
card_1451,coffee maker,Coffee maker,,home,noun,content,0,0,fringe,2,0,,consensus7,7,0,2.8
card_1452,coke,Coke,,things,noun,content,0,0,fringe,1,0,,consensus18,18,10,10.8
card_1453,collar,Collar,,things,noun,content,0,0,fringe,1,0,,consensus12,12,1,5.84
card_1454,college,College,,people,noun,content,0,0,fringe,1,0,,consensus12,12,15,8.96
card_1455,colored pencil,Colored pencil,,things,noun,content,0,0,fringe,2,1,card_0039|card_0644,consensus10,10,0,4.0
card_1456,comet,Comet,,nature,noun,content,0,0,fringe,1,0,,consensus14,14,0,5.6
card_1457,common,Common,,describing,adj,content,0,0,fringe,1,0,,consensus7,7,2,4.45
card_1458,communicate,Communicate,communicated|communicates|communicating,actions,noun,content,0,0,fringe,1,0,,consensus9,9,11,7.33
card_1459,company,Company,,people,noun,content,0,0,fringe,1,0,,consensus9,9,20,8.17
card_1460,complain,Complain,,actions,noun,content,0,0,fringe,1,0,,consensus11,11,5,7.09
card_1461,complete,Complete,completes|completing,describing,adj,content,0,0,fringe,1,0,,consensus7,7,5,5.49
card_1462,concern,Concern,concerned|concerning,actions,noun,content,0,0,fringe,1,0,,consensus6,6,10,6.0
card_1463,concert,Concert,,ideas,noun,content,0,0,fringe,1,0,,consensus12,12,9,8.25
card_1464,concord,Concord,,places,noun,content,0,0,fringe,1,0,,consensus4,4,0,1.6
card_1465,concrete,Concrete,,things,noun,content,0,0,fringe,1,0,,consensus11,11,0,4.4
card_1466,condiment,Condiment,condiments,food,noun,content,0,0,fringe,1,0,,consensus6,6,2,4.05
card_1467,condition,Condition,,describing,noun,content,0,0,fringe,1,0,,consensus5,5,13,5.96
card_1468,conditioner,Conditioner,,activities,noun,content,0,0,fringe,1,0,,consensus10,10,8,7.3
card_1469,conductor,Conductor,,people,noun,content,0,0,fringe,1,0,,consensus9,9,0,3.6
card_1470,conference,Conference,,people,noun,content,0,0,fringe,1,0,,consensus8,8,1,4.24
card_1471,confident,Confident,,describing,noun,content,0,0,fringe,1,0,,consensus8,8,3,5.28
card_1472,congo,Congo,,places,noun,content,0,0,fringe,1,0,,consensus4,4,0,1.6
card_1473,consider,Consider,considered|considering|considers,actions,verb,content,0,0,fringe,1,0,,consensus9,9,10,7.2
card_1474,constipated,Constipated,,actions,verb,content,0,0,fringe,1,0,,consensus9,9,2,5.25
card_1475,contain,Contain,,actions,noun,content,0,0,fringe,1,0,,consensus6,6,4,4.81
card_1476,container,Container,containers,things,noun,content,0,0,fringe,1,0,,consensus11,11,0,4.4
card_1477,continent,Continent,,nature,noun,content,0,0,fringe,1,0,,consensus17,17,0,6.8
card_1478,continue,Continue,continued|continues|continuing,actions,noun,content,0,0,fringe,1,0,,consensus8,8,5,5.89
card_1479,control,Control,,describing,noun,content,0,0,fringe,1,0,,consensus6,6,7,5.52
card_1480,controller,Controller,,people,noun,content,0,0,fringe,1,0,,consensus14,14,1,6.64
card_1481,conversation,Conversation,,ideas,noun,content,0,0,fringe,1,0,,consensus5,5,7,5.12
card_1482,cookie,Cookie,cookies,food,noun,content,0,0,fringe,1,0,,consensus20,20,1,9.04
card_1483,cookout,Cookout,,food,noun,content,0,0,fringe,1,0,,consensus6,6,1,3.44
card_1484,copy,Copy,copied|copies|copying,school,noun,content,0,0,fringe,1,0,,consensus11,11,2,6.05
card_1485,corn,Corn,,nature,noun,content,0,0,fringe,1,0,,consensus20,20,0,8.0
card_1486,corner,Corner,,places,noun,content,0,0,fringe,1,0,,consensus9,9,21,8.24
card_1487,correct,Correct,corrected|correcting|corrects,actions,noun,content,0,0,fringe,1,0,,consensus7,7,4,5.21
card_1488,cost,Cost,costing|costs,things,noun,content,0,0,fringe,1,0,,consensus10,10,24,8.83
card_1489,costume,Costume,,clothes,noun,content,0,0,fringe,1,0,,consensus13,13,1,6.24
card_1490,cotton candy,Cotton candy,,food,noun,content,0,0,fringe,2,0,,consensus9,9,0,3.6
card_1491,couch,Couch,,home,noun,content,0,0,fringe,1,0,,consensus19,19,11,11.33
card_1492,cough,Cough,coughed|coughing|coughs,health,noun,content,0,0,fringe,1,0,,consensus10,10,3,6.08
card_1493,couldn't,Couldn't,,core,aux,content,0,0,fringe,1,0,,consensus7,7,19,7.29
card_1494,counselor,Counselor,,people,noun,content,0,0,fringe,1,0,,consensus7,7,1,3.84
card_1495,count,Count,counted|counting|counts,actions,noun,content,0,0,fringe,1,0,,consensus18,18,7,10.32
card_1496,country,Country,,people,noun,content,0,0,fringe,1,0,,consensus18,18,9,10.65
card_1497,couple,Couple,,people,noun,content,0,0,fringe,1,0,,consensus5,5,13,5.96
card_1498,course,Course,,activities,noun,content,0,0,fringe,1,0,,corpus65,3,65,7.48
card_1499,court,Court,,people,noun,content,0,0,fringe,1,0,,consensus8,8,2,4.85
card_1500,cousin,Cousin,,people,noun,content,0,0,fringe,1,0,,consensus15,15,5,8.69
card_1501,cover,Cover,covered|covering|covers,actions,noun,content,0,0,fringe,1,0,,consensus10,10,11,7.73
card_1502,cowboy,Cowboy,,people,noun,content,0,0,fringe,1,0,,consensus11,11,0,4.4
card_1503,coyote,Coyote,coyotes,animals,noun,content,0,0,fringe,1,0,,consensus5,5,0,2.0
card_1504,cracker,Cracker,crackers,food,noun,content,0,0,fringe,1,0,,consensus15,15,1,7.04
card_1505,cramp,Cramp,cramps,health,noun,content,0,0,fringe,1,0,,consensus6,6,2,4.05
card_1506,crane,Crane,,actions,noun,content,0,0,fringe,1,0,,consensus12,12,0,4.8
card_1507,crawl,Crawl,crawled|crawling|crawls,actions,noun,content,0,0,fringe,1,0,,consensus18,18,2,8.85
card_1508,crayfish,Crayfish,,food,noun,content,0,0,fringe,1,0,,consensus4,4,0,1.6
card_1509,crazy,Crazy,,describing,noun,content,0,0,fringe,1,0,,consensus19,19,16,11.85
card_1510,cream,Cream,,people,noun,content,0,0,fringe,1,0,,consensus15,15,33,11.29
card_1511,creamer,Creamer,,things,noun,content,0,0,fringe,1,0,,consensus9,9,0,3.6
card_1512,create,Create,,actions,noun,content,0,0,fringe,1,0,,consensus9,9,1,4.64
card_1513,creature,Creature,,things,noun,content,0,0,fringe,1,0,,consensus10,10,1,5.04
card_1514,credit,Credit,,ideas,noun,content,0,0,fringe,1,0,,consensus4,4,9,5.05
card_1515,credit card,Credit card,,things,noun,content,0,0,fringe,2,1,card_1514|card_1356,consensus9,9,3,5.68
card_1516,cretaceous,Cretaceous,,time,adj,content,0,0,fringe,1,0,,consensus4,4,0,1.6
card_1517,crib,Crib,,home,noun,content,0,0,fringe,1,0,,consensus6,6,0,2.4
card_1518,crooked,Crooked,,describing,noun,content,0,0,fringe,1,0,,consensus15,15,0,6.0
card_1519,crop rotation,Crop rotation,,activities,phrase,content,0,0,fringe,2,0,,consensus4,4,0,1.6
card_1520,croquet,Croquet,,play,noun,content,0,0,fringe,1,0,,consensus7,7,0,2.8
card_1521,cross,Cross,crossed|crosser|crosses|crossest|crossing,actions,noun,content,0,0,fringe,1,0,,consensus10,10,5,6.69
card_1522,crosswalk,Crosswalk,,things,noun,content,0,0,fringe,1,0,,consensus13,13,0,5.2
card_1523,crow,Crow,,actions,noun,content,0,0,fringe,1,0,,consensus11,11,0,4.4
card_1524,crunchy,Crunchy,,things,noun,content,0,0,fringe,1,0,,consensus9,9,0,3.6
card_1525,crush,Crush,,actions,noun,content,0,0,fringe,1,0,,consensus5,5,3,4.08
card_1526,cry,Cry,cried|cries|crying,actions,noun,content,0,0,fringe,1,0,,consensus17,17,14,10.86
card_1527,cub,Cub,,people,noun,content,0,0,fringe,1,0,,consensus10,10,3,6.08
card_1528,cube,Cube,,describing,noun,content,0,0,fringe,1,0,,consensus12,12,0,4.8
card_1529,cup,Cup,cups,things,noun,content,0,0,fringe,1,0,,consensus21,21,18,12.82
card_1530,cupboard,Cupboard,,things,noun,content,0,0,fringe,1,0,,consensus14,14,1,6.64
card_1531,cupcake,Cupcake,,food,noun,content,0,0,fringe,1,0,,consensus16,16,0,6.4
card_1532,curious,Curious,,feelings,adj,feeling,0,0,fringe,1,0,,consensus12,12,1,5.84
card_1533,current,Current,,weather,adj,content,0,0,fringe,1,0,,consensus9,9,2,5.25
card_1534,customer,Customer,,people,noun,content,0,0,fringe,1,0,,consensus8,8,4,5.61
card_1535,cute,Cute,,describing,noun,content,0,0,fringe,1,0,,consensus18,18,15,11.36
card_1536,cuttlefish,Cuttlefish,,animals,noun,content,0,0,fringe,1,0,,consensus4,4,0,1.6
card_1537,cycle,Cycle,cycling,time,noun,content,0,0,fringe,1,0,,consensus4,4,0,1.6
card_1538,cylinder,Cylinder,,describing,noun,content,0,0,fringe,1,0,,consensus12,12,0,4.8
card_1539,cymbal,Cymbal,cymbals,music,noun,content,0,0,fringe,1,0,,consensus7,7,0,2.8
card_1540,dance,Dance,danced|dances|dancing,actions,noun,content,0,0,fringe,1,0,,consensus18,18,14,11.26
card_1541,dangerous,Dangerous,,describing,adj,content,0,0,fringe,1,0,,consensus16,16,5,9.09
card_1542,dare,Dare,dared|dares|daring,actions,noun,content,0,0,fringe,1,0,,consensus7,7,3,4.88
card_1543,date,Date,dated|dates|dating,time,noun,content,0,0,fringe,1,0,,consensus17,17,32,12.04
card_1544,daycare,Daycare,,activities,noun,content,0,0,fringe,1,0,,consensus6,6,0,2.4
card_1545,days,Days,,time,noun,content,0,0,fringe,1,0,,corpus196,2,196,8.72
card_1546,dead,Dead,deader|deadest,describing,adj,content,0,0,fringe,1,0,,consensus18,18,12,11.05
card_1547,deaf,Deaf,,describing,noun,content,0,0,fringe,1,0,,consensus15,15,1,7.04
card_1548,deal,Deal,dealing|deals|dealt,actions,noun,content,0,0,fringe,1,0,,consensus13,13,12,9.05
card_1549,dear,Dear,,describing,noun,content,0,0,fringe,1,0,,consensus10,10,11,7.73
card_1550,death,Death,deaths,activities,noun,content,0,0,fringe,1,0,,consensus5,5,7,5.12
card_1551,decade,Decade,,time,noun,content,0,0,fringe,1,0,,consensus5,5,0,2.0
card_1552,decide,Decide,decided|decides|deciding,actions,noun,content,0,0,fringe,1,0,,consensus15,15,18,10.42
card_1553,decimal,Decimal,,quantity,noun,content,0,0,fringe,1,0,,consensus4,4,0,1.6
card_1554,decision,Decision,,activities,noun,content,0,0,fringe,1,0,,consensus4,4,3,3.68
card_1555,deck,Deck,,things,noun,content,0,0,fringe,1,0,,consensus8,8,1,4.24
card_1556,decorate,Decorate,decorated|decorates|decorating,actions,noun,content,0,0,fringe,1,0,,consensus14,14,1,6.64
card_1557,defense,Defense,,activities,noun,content,0,0,fringe,1,0,,consensus6,6,0,2.4
card_1558,definitely,Definitely,,describing,adv,content,0,0,fringe,1,0,,consensus6,6,19,6.89
card_1559,delaware,Delaware,,nature,noun,content,0,0,fringe,1,0,,consensus9,9,0,3.6
card_1560,delay,Delay,delayed|delaying|delays,actions,noun,content,0,0,fringe,1,0,,consensus7,7,3,4.88
card_1561,delicious,Delicious,,describing,adj,content,0,0,fringe,1,0,,consensus16,16,20,10.97
card_1562,deliver,Deliver,,actions,noun,content,0,0,fringe,1,0,,consensus5,5,6,4.92
card_1563,depend,Depend,,actions,noun,content,0,0,fringe,1,0,,consensus5,5,13,5.96
card_1564,depressed,Depressed,,describing,adj,content,0,0,fringe,1,0,,consensus13,13,0,5.2
card_1565,describe,Describe,described|describes|describing,actions,noun,content,0,0,fringe,1,0,,consensus14,14,0,5.6
card_1566,desert,Desert,,actions,noun,content,0,0,fringe,1,0,,consensus8,8,1,4.24
card_1567,desire,Desire,desired|desires|desiring,feelings,noun,feeling,0,0,fringe,1,0,,consensus8,8,1,4.24
card_1568,desk,Desk,,school,noun,content,0,0,fringe,1,0,,consensus16,16,7,9.52
card_1569,dessert,Dessert,,food,noun,content,0,0,fringe,1,0,,consensus20,20,8,11.3
card_1570,detective,Detective,,people,noun,content,0,0,fringe,1,0,,consensus9,9,0,3.6
card_1571,detour,Detour,,things,noun,content,0,0,fringe,1,0,,consensus10,10,0,4.0
card_1572,device,Device,,technology,noun,content,0,0,fringe,1,0,,consensus5,5,23,6.77
card_1573,diaper,Diaper,,clothes,noun,content,0,0,fringe,1,0,,consensus7,7,7,5.92
card_1574,didn't,Didn't,,core,aux,content,0,0,fringe,1,0,,consensus4,4,87,8.32
card_1575,die,Die,died|dies|dying,actions,noun,content,0,0,fringe,1,0,,consensus14,14,27,10.6
card_1576,diet,Diet,,food,noun,content,0,0,fringe,1,0,,consensus13,13,9,8.65
card_1577,difference,Difference,,describing,noun,content,0,0,fringe,1,0,,consensus6,6,3,4.48
card_1578,dig,Dig,digging|digs|dug,actions,noun,content,0,0,fringe,1,0,,consensus19,19,1,8.64
card_1579,dime,Dime,,things,noun,content,0,0,fringe,1,0,,consensus12,12,0,4.8
card_1580,dining room,Dining room,,things,noun,content,0,0,fringe,2,0,,consensus12,12,1,5.84
card_1581,dinner,Dinner,,food,noun,content,0,0,fringe,1,0,,consensus21,21,127,15.68
card_1582,diplodocus,Diplodocus,,animals,noun,content,0,0,fringe,1,0,,consensus8,8,0,3.2
card_1583,direction,Direction,directions,places,noun,content,0,0,fringe,1,0,,consensus7,7,6,5.72
card_1584,dirt,Dirt,,things,noun,content,0,0,fringe,1,0,,consensus18,18,3,9.28
card_1585,disagree,Disagree,disagreed|disagreeing|disagrees,actions,noun,content,0,0,fringe,1,0,,consensus12,12,2,6.45
card_1586,disappointed,Disappointed,,feelings,adj,feeling,0,0,fringe,1,0,,consensus11,11,2,6.05
card_1587,disaster,Disaster,,describing,noun,content,0,0,fringe,1,0,,consensus10,10,1,5.04
card_1588,discover,Discover,,actions,noun,content,0,0,fringe,1,0,,consensus14,14,0,5.6
card_1589,discuss,Discuss,discussed|discusses|discussing,actions,noun,content,0,0,fringe,1,0,,consensus15,15,8,9.3
card_1590,disgust,Disgust,disgusting,feelings,noun,feeling,0,0,fringe,1,0,,consensus4,4,6,4.52
card_1591,dish,Dish,dishes,things,noun,content,0,0,fringe,1,0,,consensus8,8,19,7.69
card_1592,dishwasher,Dishwasher,,home,noun,content,0,0,fringe,1,0,,consensus18,18,4,9.61
card_1593,dislike,Dislike,,actions,noun,content,0,0,fringe,1,0,,consensus5,5,3,4.08
card_1594,dive,Dive,diving,things,noun,content,0,0,fringe,1,0,,consensus11,11,2,6.05
card_1595,divide,Divide,divided|divides|dividing,actions,noun,content,0,0,fringe,1,0,,consensus10,10,0,4.0
card_1596,divorce,Divorce,divorced|divorces|divorcing,activities,noun,content,0,0,fringe,1,0,,consensus11,11,4,6.81
card_1597,dizzy,Dizzy,,health,noun,content,0,0,fringe,1,0,,consensus19,19,2,9.25
card_1598,do hair,Do hair,,phrases,phrase,question,0,0,fringe,2,1,card_0052|card_1861,consensus5,5,0,2.0
card_1599,do my homework,Do my homework,,phrases,phrase,question,0,0,fringe,3,1,card_0052|card_0143|card_1907,consensus4,4,2,3.25
card_1600,do you have any pets,Do you have any pets,,phrases,phrase,question,0,0,fringe,5,1,card_0052|card_0273|card_0089|card_1163|card_2340,consensus5,5,4,2.91
card_1601,do you like,Do you like,,phrases,phrase,question,0,0,fringe,3,1,card_0052|card_0273|card_0120,corpus69,2,69,7.17
card_1602,do you want to play,Do you want to play,,phrases,phrase,question,0,0,fringe,5,1,card_0052|card_0273|card_0247|card_0231|card_0170,consensus4,4,0,0.1
card_1603,doctor's office,Doctor's office,,things,noun,content,0,0,fringe,2,1,card_3075|card_2264,consensus13,13,1,6.24
card_1604,does,Does,,core,aux,content,0,0,fringe,1,0,,consensus15,15,2026,17.42
card_1605,doesn't,Doesn't,,core,aux,content,0,0,fringe,1,0,,consensus7,7,43,8.48
card_1606,dollar,Dollar,,quantity,noun,content,0,0,fringe,1,0,,consensus13,13,20,9.77
card_1607,dominoes,Dominoes,,play,noun,content,0,0,fringe,1,0,,consensus4,4,0,1.6
card_1608,dominos,Dominos,,play,noun,content,0,0,fringe,1,0,,consensus6,6,0,2.4
card_1609,done,Done,,describing,verb,content,0,0,fringe,1,0,,consensus18,18,2026,18.62
card_1610,donut,Donut,,food,noun,content,0,0,fringe,1,0,,consensus11,11,2,6.05
card_1611,doritos,Doritos,,things,noun,content,0,0,fringe,1,0,,consensus9,9,0,3.6
card_1612,double,Double,,actions,adv,content,0,0,fringe,1,0,,consensus8,8,8,6.5
card_1613,doubt,Doubt,doubted|doubting|doubts,ideas,noun,content,0,0,fringe,1,0,,consensus7,7,8,6.1
card_1614,download,Download,,actions,noun,content,0,0,fringe,1,0,,consensus10,10,2,5.65
card_1615,downstairs,Downstairs,,describing,noun,content,0,0,fringe,1,0,,consensus15,15,1,7.04
card_1616,dozen,Dozen,,quantity,noun,content,0,0,fringe,1,0,,consensus5,5,1,3.04
card_1617,dragon,Dragon,,things,noun,content,0,0,fringe,1,0,,consensus7,7,5,5.49
card_1618,dream,Dream,dreamed|dreaming|dreams|dreamt,ideas,noun,content,0,0,fringe,1,0,,consensus19,19,9,11.05
card_1619,dress up,Dress up,,actions,phrase,content,0,0,fringe,2,1,card_0056|card_0243,consensus11,11,1,5.44
card_1620,drill,Drill,,actions,noun,content,0,0,fringe,1,0,,consensus12,12,0,4.8
card_1621,drinking fountain,Drinking fountain,,things,noun,content,0,0,fringe,2,0,,consensus9,9,0,3.6
card_1622,driver,Driver,,things,noun,content,0,0,fringe,1,0,,consensus7,7,4,5.21
card_1623,drizzle,Drizzle,,weather,noun,content,0,0,fringe,1,0,,consensus5,5,0,2.0
card_1624,drop,Drop,dropped|dropping|drops,actions,noun,content,0,0,fringe,1,0,,consensus17,17,15,10.96
card_1625,drug,Drug,drugs,things,noun,content,0,0,fringe,1,0,,consensus7,7,4,5.21
card_1626,drum,Drum,drums,music,noun,content,0,0,fringe,1,0,,consensus13,13,0,5.2
card_1627,ds,Ds,,things,noun,content,0,0,fringe,1,0,,consensus5,5,5,4.69
card_1628,duckling,Duckling,,food,verb,content,0,0,fringe,1,0,,consensus9,9,0,3.6
card_1629,due,Due,,describing,adj,content,0,0,fringe,1,0,,consensus5,5,10,5.6
card_1630,dull,Dull,,describing,noun,content,0,0,fringe,1,0,,consensus16,16,1,7.44
card_1631,dumb,Dumb,dumber|dumbest,describing,noun,content,0,0,fringe,1,0,,consensus13,13,5,7.89
card_1632,dump truck,Dump truck,,transport,noun,content,0,0,fringe,2,0,,consensus9,9,0,3.6
card_1633,dumplings,Dumplings,,food,noun,content,0,0,fringe,1,0,,consensus4,4,1,2.64
card_1634,during,During,,things,func,content,0,0,fringe,1,0,,consensus4,4,9,5.05
card_1635,dust pan,Dust pan,,home,noun,content,0,0,fringe,2,0,,consensus4,4,0,1.6
card_1636,each,Each,,core,func,content,0,0,fringe,1,0,,consensus9,9,9,7.05
card_1637,eagle,Eagle,,animals,noun,content,0,0,fringe,1,0,,consensus12,12,0,4.8
card_1638,earlier,Earlier,,describing,other,content,0,0,fringe,1,0,,consensus4,4,12,5.45
card_1639,early,Early,,describing,adv,content,0,0,fringe,1,0,,consensus18,18,30,12.35
card_1640,earn,Earn,earned|earning|earns,actions,noun,content,0,0,fringe,1,0,,consensus11,11,0,4.4
card_1641,earring,Earring,earrings,things,verb,content,0,0,fringe,1,0,,consensus9,9,0,3.6
card_1642,earth,Earth,,nature,noun,content,0,0,fringe,1,0,,consensus18,18,7,10.32
card_1643,earth day,Earth day,,time,noun,content,0,0,fringe,2,1,card_1642|card_0046,consensus13,13,0,5.2
card_1644,earthquake,Earthquake,,activities,noun,content,0,0,fringe,1,0,,consensus13,13,1,6.24
card_1645,east,East,,ideas,noun,content,0,0,fringe,1,0,,consensus14,14,1,6.64
card_1646,easter,Easter,,time,noun,content,0,0,fringe,1,0,,consensus19,19,0,7.6
card_1647,eclipse,Eclipse,,activities,noun,content,0,0,fringe,1,0,,consensus13,13,0,5.2
card_1648,edge,Edge,,places,noun,content,0,0,fringe,1,0,,consensus7,7,1,3.84
card_1649,edit,Edit,,actions,noun,content,0,0,fringe,1,0,,consensus5,5,2,3.65
card_1650,egg,Egg,eggs,animals,noun,content,0,0,fringe,1,0,,consensus14,14,17,9.94
card_1651,eggplant parmesan,Eggplant parmesan,,food,noun,content,0,0,fringe,2,0,,consensus5,5,0,2.0
card_1652,either,Either,,core,func,content,0,0,fringe,1,0,,consensus11,11,22,9.1
card_1653,election,Election,,activities,noun,content,0,0,fringe,1,0,,consensus4,4,3,3.68
card_1654,electrician,Electrician,,people,adj,content,0,0,fringe,1,0,,consensus12,12,0,4.8
card_1655,electricity,Electricity,,weather,noun,content,0,0,fringe,1,0,,consensus7,7,0,2.8
card_1656,elevator,Elevator,,things,noun,content,0,0,fringe,1,0,,consensus15,15,4,8.41
card_1657,else,Else,,describing,adv,content,0,0,fringe,1,0,,consensus13,13,57,11.29
card_1658,email,Email,emailing,technology,noun,content,0,0,fringe,1,0,,consensus19,19,25,12.49
card_1659,embarrassed,Embarrassed,,feelings,adj,feeling,0,0,fringe,1,0,,consensus18,18,2,8.85
card_1660,empire,Empire,,places,noun,content,0,0,fringe,1,0,,consensus4,4,0,1.6
card_1661,employee,Employee,,people,noun,content,0,0,fringe,1,0,,consensus11,11,0,4.4
card_1662,enchilada,Enchilada,enchiladas,food,noun,content,0,0,fringe,1,0,,consensus13,13,0,5.2
card_1663,end,End,ended|ending|ends,places,noun,content,0,0,fringe,1,0,,consensus16,16,22,11.1
card_1664,engage,Engage,engaged|engages|engaging,actions,noun,content,0,0,fringe,1,0,,consensus8,8,2,4.85
card_1665,engine,Engine,,things,noun,content,0,0,fringe,1,0,,consensus13,13,3,7.28
card_1666,english muffin,English muffin,,food,noun,content,0,0,fringe,2,0,,consensus9,9,0,3.6
card_1667,enjoy,Enjoy,enjoyed|enjoying|enjoys,actions,noun,content,0,0,fringe,1,0,,consensus14,14,61,11.79
card_1668,enter,Enter,entered|entering|enters,actions,noun,content,0,0,fringe,1,0,,consensus13,13,3,7.28
card_1669,entire,Entire,,describing,adj,content,0,0,fringe,1,0,,consensus7,7,4,5.21
card_1670,entrance,Entrance,,things,noun,content,0,0,fringe,1,0,,consensus6,6,2,4.05
card_1671,equator,Equator,,places,noun,content,0,0,fringe,1,0,,consensus5,5,0,2.0
card_1672,erase,Erase,,actions,noun,content,0,0,fringe,1,0,,consensus7,7,1,3.84
card_1673,eraser,Eraser,,things,noun,content,0,0,fringe,1,0,,consensus16,16,0,6.4
card_1674,eruption,Eruption,,activities,noun,content,0,0,fringe,1,0,,consensus5,5,0,2.0
card_1675,europe,Europe,,nature,noun,content,0,0,fringe,1,0,,consensus14,14,0,5.6
card_1676,even,Even,,describing,adv,content,0,0,fringe,1,0,,consensus19,19,56,13.66
card_1677,event,Event,,things,noun,content,0,0,fringe,1,0,,consensus4,4,4,4.01
card_1678,ever,Ever,,describing,adv,content,0,0,fringe,1,0,,consensus11,11,46,10.18
card_1679,every,Every,,core,func,content,0,0,fringe,1,0,,consensus19,19,20,12.17
card_1680,everybody,Everybody,,things,noun,content,0,0,fringe,1,0,,consensus13,13,3,7.28
card_1681,everyone,Everyone,,core,pron,content,0,0,fringe,1,0,,consensus9,9,26,8.54
card_1682,everywhere,Everywhere,,describing,adv,content,0,0,fringe,1,0,,consensus12,12,5,7.49
card_1683,exactly,Exactly,,describing,adv,content,0,0,fringe,1,0,,consensus4,4,15,5.76
card_1684,exam,Exam,,school,noun,content,0,0,fringe,1,0,,consensus6,6,8,5.7
card_1685,examine,Examine,,actions,noun,content,0,0,fringe,1,0,,consensus10,10,0,4.0
card_1686,excellent,Excellent,,describing,noun,content,0,0,fringe,1,0,,consensus16,16,6,9.32
card_1687,excite,Excite,excites|exciting,actions,noun,content,0,0,fringe,1,0,,consensus15,15,28,11.05
card_1688,excuse,Excuse,excused|excuses|excusing,ideas,noun,content,0,0,fringe,1,0,,consensus10,10,12,7.85
card_1689,exercise,Exercise,,activities,noun,content,0,0,fringe,1,0,,consensus11,11,7,7.52
card_1690,exhaust,Exhaust,exhausted,actions,noun,content,0,0,fringe,1,0,,consensus10,10,3,6.08
card_1691,exit,Exit,,things,noun,content,0,0,fringe,1,0,,consensus12,12,1,5.84
card_1692,expand,Expand,,actions,noun,content,0,0,fringe,1,0,,consensus7,7,1,3.84
card_1693,expect,Expect,expected|expecting|expects,actions,verb,content,0,0,fringe,1,0,,consensus8,8,11,6.93
card_1694,expensive,Expensive,,describing,adj,content,0,0,fringe,1,0,,consensus17,17,10,10.4
card_1695,experiment,Experiment,,activities,noun,content,0,0,fringe,1,0,,consensus8,8,0,3.2
card_1696,explain,Explain,explained|explaining|explains,actions,noun,content,0,0,fringe,1,0,,consensus15,15,5,8.69
card_1697,explore,Explore,,actions,noun,content,0,0,fringe,1,0,,consensus11,11,1,5.44
card_1698,extra,Extra,,describing,adj,content,0,0,fringe,1,0,,consensus9,9,22,8.3
card_1699,fabric,Fabric,,things,noun,content,0,0,fringe,1,0,,consensus10,10,1,5.04
card_1700,facebook,Facebook,,things,noun,content,0,0,fringe,1,0,,consensus15,15,2,7.65
card_1701,fact,Fact,,ideas,noun,content,0,0,fringe,1,0,,consensus8,8,7,6.32
card_1702,factor,Factor,,activities,noun,content,0,0,fringe,1,0,,consensus4,4,0,1.6
card_1703,fail,Fail,failed|failing|fails,actions,noun,content,0,0,fringe,1,0,,consensus9,9,3,5.68
card_1704,fair,Fair,,describing,noun,content,0,0,fringe,1,0,,consensus12,12,3,6.88
card_1705,false,False,falser|falsest,describing,adj,content,0,0,fringe,1,0,,consensus17,17,1,7.84
card_1706,famous,Famous,,describing,adj,content,0,0,fringe,1,0,,consensus15,15,1,7.04
card_1707,fan,Fan,fans,things,noun,content,0,0,fringe,1,0,,consensus17,17,11,10.53
card_1708,fantastic,Fantastic,,describing,adj,content,0,0,fringe,1,0,,consensus9,9,4,6.01
card_1709,farm,Farm,,things,noun,content,0,0,fringe,1,0,,consensus20,20,1,9.04
card_1710,farmer,Farmer,,people,noun,content,0,0,fringe,1,0,,consensus11,11,0,4.4
card_1711,fart,Fart,farted|farting|farts,activities,noun,content,0,0,fringe,1,0,,consensus11,11,0,4.4
card_1712,fast food,Fast food,,food,noun,content,0,0,fringe,2,1,card_0067|card_1756,consensus8,8,0,3.2
card_1713,father,Father,,people,noun,content,0,0,fringe,1,0,,consensus6,6,20,6.97
card_1714,father's day,Father's day,,time,noun,content,0,0,fringe,2,0,,consensus16,16,1,7.44
card_1715,favorite,Favorite,,ideas,noun,content,0,0,fringe,1,0,,consensus19,19,93,14.41
card_1716,fear,Fear,,feelings,adj,feeling,0,0,fringe,1,0,,consensus5,5,1,3.04
card_1717,feather,Feather,,animals,noun,content,0,0,fringe,1,0,,consensus5,5,1,3.04
card_1718,feed,Feed,fed|feeding|feeds,actions,noun,content,0,0,fringe,1,0,,consensus17,17,18,11.22
card_1719,feelings,Feelings,,feelings,adj,feeling,0,0,fringe,1,0,,consensus7,7,1,3.84
card_1720,feet,Feet,,body,noun,content,0,0,fringe,1,0,,consensus4,4,19,6.09
card_1721,felt,Felt,,things,noun,content,0,0,fringe,1,0,,consensus7,7,6,5.72
card_1722,female,Female,,animals,noun,content,0,0,fringe,1,0,,consensus5,5,1,3.04
card_1723,fever,Fever,,health,noun,content,0,0,fringe,1,0,,consensus12,12,1,5.84
card_1724,few,Few,,describing,adj,content,0,0,fringe,1,0,,consensus17,17,31,12.0
card_1725,fiction,Fiction,,ideas,noun,content,0,0,fringe,1,0,,consensus8,8,2,4.85
card_1726,fight,Fight,fighting|fights|fought,actions,noun,content,0,0,fringe,1,0,,consensus15,15,9,9.45
card_1727,figure,Figure,figured|figures|figuring,ideas,noun,content,0,0,fringe,1,0,,consensus7,7,6,5.72
card_1728,file,File,files,actions,noun,content,0,0,fringe,1,0,,consensus5,5,3,4.08
card_1729,fill,Fill,filled|filling|fills,actions,noun,content,0,0,fringe,1,0,,consensus5,5,15,6.16
card_1730,final,Final,,describing,adj,content,0,0,fringe,1,0,,consensus6,6,5,5.09
card_1731,finally,Finally,,describing,adv,content,0,0,fringe,1,0,,consensus5,5,10,5.6
card_1732,fine,Fine,finest,feelings,adj,feeling,0,0,fringe,1,0,,consensus16,16,111,13.48
card_1733,finish,Finish,finishes|finishing,school,noun,content,0,0,fringe,1,0,,consensus18,18,33,12.49
card_1734,fire,Fire,fired|fires|firing,activities,noun,content,0,0,fringe,1,0,,consensus19,19,20,12.17
card_1735,fire station,Fire station,,things,noun,content,0,0,fringe,2,1,card_1734|card_2698,consensus10,10,0,4.0
card_1736,fire truck,Fire truck,,transport,noun,content,0,0,fringe,2,1,card_1734|card_2865,consensus10,10,0,4.0
card_1737,firefighter,Firefighter,,people,noun,content,0,0,fringe,1,0,,consensus5,5,3,4.08
card_1738,fireman,Fireman,,activities,noun,content,0,0,fringe,1,0,,consensus12,12,0,4.8
card_1739,fireworks,Fireworks,,things,noun,content,0,0,fringe,1,0,,consensus14,14,0,5.6
card_1740,fit,Fit,fits|fitted|fitting,actions,noun,content,0,0,fringe,1,0,,consensus16,16,5,9.09
card_1741,flash flood,Flash flood,,weather,noun,content,0,0,fringe,2,0,,consensus4,4,0,1.6
card_1742,flashlight,Flashlight,,things,noun,content,0,0,fringe,1,0,,consensus13,13,1,6.24
card_1743,flat,Flat,flatter|flattest,describing,adj,content,0,0,fringe,1,0,,consensus14,14,4,8.01
card_1744,flavor,Flavor,,describing,noun,content,0,0,fringe,1,0,,consensus11,11,4,6.81
card_1745,flight,Flight,,things,noun,content,0,0,fringe,1,0,,consensus8,8,4,5.61
card_1746,flood,Flood,,weather,noun,content,0,0,fringe,1,0,,consensus15,15,0,6.0
card_1747,floor,Floor,,things,noun,content,0,0,fringe,1,0,,consensus17,17,12,10.65
card_1748,flour,Flour,,food,noun,content,0,0,fringe,1,0,,consensus16,16,0,6.4
card_1749,flu,Flu,,health,noun,content,0,0,fringe,1,0,,consensus7,7,1,3.84
card_1750,flush,Flush,flushed|flushes|flushing,actions,noun,content,0,0,fringe,1,0,,consensus10,10,0,4.0
card_1751,flute,Flute,,music,noun,content,0,0,fringe,1,0,,consensus13,13,0,5.2
card_1752,foal,Foal,,animals,noun,content,0,0,fringe,1,0,,consensus10,10,0,4.0
card_1753,fog,Fog,,weather,noun,content,0,0,fringe,1,0,,consensus8,8,0,3.2
card_1754,fold,Fold,folded|folding|folds,actions,noun,content,0,0,fringe,1,0,,consensus19,19,2,9.25
card_1755,follow,Follow,followed|following|follows,actions,verb,content,0,0,fringe,1,0,,consensus18,18,6,10.12
card_1756,food,Food,foods,things,noun,content,0,0,fringe,1,0,,consensus22,22,93,15.61
card_1757,food processor,Food processor,,home,noun,content,0,0,fringe,2,0,,consensus5,5,0,2.0
card_1758,football,Football,soccer,play,noun,content,0,0,fringe,1,0,,consensus19,19,20,12.17
card_1759,forecast,Forecast,,actions,noun,content,0,0,fringe,1,0,,consensus5,5,5,4.69
card_1760,forehead,Forehead,,body,noun,content,0,0,fringe,1,0,,consensus4,4,1,2.64
card_1761,forest,Forest,,things,noun,content,0,0,fringe,1,0,,consensus19,19,0,7.6
card_1762,forever,Forever,,describing,adv,content,0,0,fringe,1,0,,consensus4,4,6,4.52
card_1763,forget,Forget,forgets|forgetting|forgot|forgotten,actions,noun,content,0,0,fringe,1,0,,consensus16,16,65,12.68
card_1764,forgive,Forgive,,actions,adj,content,0,0,fringe,1,0,,consensus7,7,4,5.21
card_1765,forklift,Forklift,,transport,noun,content,0,0,fringe,1,0,,consensus10,10,0,4.0
card_1766,form,Form,formed|forming|forms,ideas,noun,content,0,0,fringe,1,0,,consensus8,8,2,4.85
card_1767,fortune cookie,Fortune cookie,,food,noun,content,0,0,fringe,2,0,,consensus6,6,0,2.4
card_1768,forward,Forward,forwarded|forwarding,describing,adv,content,0,0,fringe,1,0,,consensus14,14,19,10.09
card_1769,found,Found,,actions,noun,content,0,0,fringe,1,0,,corpus127,2,127,8.08
card_1770,fourth of july,Fourth of july,,time,noun,content,0,0,fringe,3,0,,consensus10,10,1,5.04
card_1771,fraction,Fraction,,things,noun,content,0,0,fringe,1,0,,consensus9,9,0,3.6
card_1772,free,Free,freed|freeing|frees,describing,adj,content,0,0,fringe,1,0,,consensus15,15,32,11.24
card_1773,freeze,Freeze,freezes|freezing|froze|frozen,actions,noun,content,0,0,fringe,1,0,,consensus16,16,1,7.44
card_1774,freezer,Freezer,,home,noun,content,0,0,fringe,1,0,,consensus4,4,3,3.68
card_1775,french fries,French fries,,food,noun,content,0,0,fringe,2,0,,consensus17,17,3,8.88
card_1776,french toast,French toast,,food,noun,content,0,0,fringe,2,0,,consensus15,15,1,7.04
card_1777,fresh,Fresh,,describing,adj,content,0,0,fringe,1,0,,consensus15,15,12,9.85
card_1778,fried rice,Fried rice,,food,noun,content,0,0,fringe,2,1,card_1786|card_0689,consensus6,6,0,2.4
card_1779,friend,Friend,friends,people,noun,content,0,0,fringe,1,0,,consensus23,23,63,15.44
card_1780,friendly,Friendly,,describing,adv,content,0,0,fringe,1,0,,consensus15,15,6,8.92
card_1781,from,From,,core,func,content,0,0,fringe,1,0,,consensus19,19,210,15.63
card_1782,front,Front,fronted|fronting|fronts,places,noun,content,0,0,fringe,1,0,,consensus18,18,6,10.12
card_1783,fruit,Fruit,,nature,noun,content,0,0,fringe,1,0,,consensus21,21,16,12.65
card_1784,fruit punch,Fruit punch,,drink,noun,content,0,0,fringe,2,1,card_1783|card_2434,consensus10,10,0,4.0
card_1785,frustrate,Frustrate,,actions,noun,content,0,0,fringe,1,0,,consensus5,5,3,4.08
card_1786,fry,Fry,fried|fries|frying,actions,noun,content,0,0,fringe,1,0,,consensus10,10,14,8.06
card_1787,fun,Fun,,activities,noun,content,0,0,fringe,1,0,,consensus21,21,53,14.38
card_1788,fur,Fur,,things,noun,content,0,0,fringe,1,0,,consensus5,5,7,5.12
card_1789,furious,Furious,,feelings,adj,feeling,0,0,fringe,1,0,,consensus6,6,0,2.4
card_1790,furniture,Furniture,,things,noun,content,0,0,fringe,1,0,,consensus17,17,0,6.8
card_1791,future,Future,,time,noun,content,0,0,fringe,1,0,,consensus12,12,9,8.25
card_1792,galaxy,Galaxy,galaxies,things,noun,content,0,0,fringe,1,0,,consensus16,16,1,7.44
card_1793,gallon,Gallon,,quantity,noun,content,0,0,fringe,1,0,,consensus4,4,2,3.25
card_1794,game,Game,games,technology,noun,content,0,0,fringe,1,0,,consensus21,21,80,14.99
card_1795,garbage can,Garbage can,,things,noun,content,0,0,fringe,2,1,card_3047|card_0031,consensus9,9,0,3.6
card_1796,garbage truck,Garbage truck,,transport,noun,content,0,0,fringe,2,1,card_3047|card_2865,consensus14,14,0,5.6
card_1797,garden,Garden,yard,things,noun,content,0,0,fringe,1,0,,consensus15,15,10,9.6
card_1798,garlic,Garlic,,nature,noun,content,0,0,fringe,1,0,,consensus13,13,1,6.24
card_1799,gas,Gas,,describing,noun,content,0,0,fringe,1,0,,consensus6,6,13,6.36
card_1800,gas pedal,Gas pedal,,things,noun,content,0,0,fringe,2,0,,consensus9,9,0,3.6
card_1801,gas station,Gas station,,things,noun,content,0,0,fringe,2,1,card_1799|card_2698,consensus13,13,4,7.61
card_1802,gate,Gate,,things,noun,content,0,0,fringe,1,0,,consensus12,12,2,6.45
card_1803,gatorade,Gatorade,,things,noun,content,0,0,fringe,1,0,,consensus9,9,1,4.64
card_1804,gay,Gay,,describing,noun,content,0,0,fringe,1,0,,consensus6,6,4,4.81
card_1805,generous,Generous,,describing,adj,content,0,0,fringe,1,0,,consensus6,6,3,4.48
card_1806,geography,Geography,,school,noun,content,0,0,fringe,1,0,,consensus12,12,0,4.8
card_1807,gerbil,Gerbil,,animals,noun,content,0,0,fringe,1,0,,consensus10,10,0,4.0
card_1808,get dressed,Get dressed,,actions,phrase,content,0,0,fringe,2,1,card_0078|card_0056,consensus14,14,5,8.29
card_1809,get ready,Get ready,,describing,phrase,content,0,0,fringe,2,1,card_0078|card_0180,consensus6,6,7,5.52
card_1810,giant,Giant,,animals,noun,content,0,0,fringe,1,0,,consensus9,9,3,5.68
card_1811,gift,Gift,gifts,things,noun,content,0,0,fringe,1,0,,consensus7,7,26,7.74
card_1812,ginger ale,Ginger ale,,drink,noun,content,0,0,fringe,2,0,,consensus10,10,0,4.0
card_1813,girl,Girl,,people,noun,content,0,0,fringe,1,0,,consensus22,22,12,12.65
card_1814,girlfriend,Girlfriend,,people,noun,content,0,0,fringe,1,0,,consensus15,15,7,9.12
card_1815,glad,Glad,,feelings,adj,feeling,0,0,fringe,1,0,,consensus8,8,36,8.62
card_1816,glass,Glass,,things,noun,content,0,0,fringe,1,0,,consensus21,21,50,14.3
card_1817,glove,Glove,,things,noun,content,0,0,fringe,1,0,,consensus5,5,2,3.65
card_1818,goal,Goal,,ideas,noun,content,0,0,fringe,1,0,,consensus14,14,2,7.25
card_1819,goat,Goat,,animals,noun,content,0,0,fringe,1,0,,consensus17,17,0,6.8
card_1820,god,God,,things,noun,content,0,0,fringe,1,0,,consensus14,14,14,9.66
card_1821,gold,Gold,,colours,adj,content,0,0,fringe,1,0,,consensus19,19,0,7.6
card_1822,goldfish crackers,Goldfish crackers,,food,noun,content,0,0,fringe,2,1,card_0490|card_1504,consensus13,13,0,5.2
card_1823,gone,Gone,,describing,verb,content,0,0,fringe,1,0,,consensus10,10,1034,14.41
card_1824,goodnight,Goodnight,,things,noun,content,0,0,fringe,1,0,,consensus4,4,4,4.01
card_1825,grade,Grade,graded|grades|grading,school,noun,content,0,0,fringe,1,0,,consensus8,8,7,6.32
card_1826,graduate,Graduate,graduated|graduates|graduating,actions,noun,content,0,0,fringe,1,0,,consensus8,8,4,5.61
card_1827,graham crackers,Graham crackers,,food,noun,content,0,0,fringe,2,0,,consensus9,9,0,3.6
card_1828,grandchild,Grandchild,grandchildren,people,noun,content,0,0,fringe,1,0,,consensus10,10,0,4.0
card_1829,grandma,Grandma,,people,noun,content,0,0,fringe,1,0,,consensus19,19,6,10.52
card_1830,grandpa,Grandpa,,people,noun,content,0,0,fringe,1,0,,consensus19,19,5,10.29
card_1831,granola bar,Granola bar,,food,noun,content,0,0,fringe,2,0,,consensus11,11,0,4.4
card_1832,grasshopper,Grasshopper,,animals,noun,content,0,0,fringe,1,0,,consensus16,16,0,6.4
card_1833,grateful,Grateful,,describing,noun,content,0,0,fringe,1,0,,consensus11,11,3,6.48
card_1834,grater,Grater,,home,noun,content,0,0,fringe,1,0,,consensus4,4,0,1.6
card_1835,gravity,Gravity,,weather,noun,content,0,0,fringe,1,0,,consensus7,7,0,2.8
card_1836,gravy,Gravy,,food,noun,content,0,0,fringe,1,0,,consensus13,13,1,6.24
card_1837,gray,Gray,,colours,adj,content,0,0,fringe,1,0,,consensus15,15,3,8.08
card_1838,great,Great,,feelings,adj,feeling,0,0,fringe,1,0,,consensus19,19,204,15.58
card_1839,greece,Greece,,places,noun,content,0,0,fringe,1,0,,consensus7,7,0,2.8
card_1840,grey,Grey,,colours,adj,content,0,0,fringe,1,0,,consensus6,6,2,4.05
card_1841,grill,Grill,grilled,things,noun,content,0,0,fringe,1,0,,consensus11,11,5,7.09
card_1842,grilled cheese,Grilled cheese,,food,noun,content,0,0,fringe,2,1,card_1841|card_0377,consensus16,16,2,8.05
card_1843,grocery,Grocery,groceries,things,noun,content,0,0,fringe,1,0,,consensus9,9,22,8.3
card_1844,grocery store,Grocery store,,things,noun,content,0,0,fringe,2,1,card_1843|card_2713,consensus16,16,11,10.13
card_1845,ground,Ground,,nature,noun,content,0,0,fringe,1,0,,consensus15,15,2,7.65
card_1846,groundhog,Groundhog,,animals,noun,content,0,0,fringe,1,0,,consensus6,6,0,2.4
card_1847,groundhog day,Groundhog day,,time,noun,content,0,0,fringe,2,1,card_1846|card_0046,consensus14,14,0,5.6
card_1848,group,Group,grouped|grouping|groups,things,noun,content,0,0,fringe,1,0,,consensus8,8,2,4.85
card_1849,grow up,Grow up,,actions,phrase,content,0,0,fringe,2,1,card_0083|card_0243,consensus9,9,1,4.64
card_1850,grumpy,Grumpy,,feelings,adj,feeling,0,0,fringe,1,0,,consensus10,10,1,5.04
card_1851,guacamole,Guacamole,,food,noun,content,0,0,fringe,1,0,,consensus6,6,0,2.4
card_1852,guess what,Guess what,,things,noun,content,0,0,fringe,2,1,card_0084|card_0256,consensus8,8,1,4.24
card_1853,guilty,Guilty,,feelings,adj,feeling,0,0,fringe,1,0,,consensus12,12,2,6.45
card_1854,guinea pig,Guinea pig,,people,noun,content,0,0,fringe,2,0,,consensus9,9,0,3.6
card_1855,guitar,Guitar,,music,noun,content,0,0,fringe,1,0,,consensus17,17,0,6.8
card_1856,gummy worm,Gummy worm,,animals,noun,content,0,0,fringe,2,0,,consensus6,6,0,2.4
card_1857,guppy,Guppy,,animals,adj,content,0,0,fringe,1,0,,consensus4,4,0,1.6
card_1858,guy,Guy,,people,noun,content,0,0,fringe,1,0,,consensus5,5,28,7.05
card_1859,gymnastics,Gymnastics,,play,noun,content,0,0,fringe,1,0,,consensus19,19,0,7.6
card_1860,hail,Hail,,actions,noun,content,0,0,fringe,1,0,,consensus8,8,1,4.24
card_1861,hair,Hair,,body,noun,content,0,0,fringe,1,0,,consensus22,22,27,13.8
card_1862,hall,Hall,,things,noun,content,0,0,fringe,1,0,,consensus8,8,7,6.32
card_1863,halloween,Halloween,,time,noun,content,0,0,fringe,1,0,,consensus18,18,1,8.24
card_1864,ham,Ham,,food,noun,content,0,0,fringe,1,0,,consensus17,17,0,6.8
card_1865,hammer,Hammer,hammered|hammering|hammers,things,noun,content,0,0,fringe,1,0,,consensus20,20,2,9.65
card_1866,hand,Hand,hands,body,noun,content,0,0,fringe,1,0,,consensus21,21,53,14.38
card_1867,handle,Handle,,actions,noun,content,0,0,fringe,1,0,,consensus7,7,3,4.88
card_1868,handsome,Handsome,,describing,noun,content,0,0,fringe,1,0,,consensus18,18,2,8.85
card_1869,hang,Hang,hanging|hangs|hung,actions,noun,content,0,0,fringe,1,0,,consensus16,16,10,10.0
card_1870,hannukah,Hannukah,,time,noun,content,0,0,fringe,1,0,,consensus10,10,0,4.0
card_1871,hanukkah,Hanukkah,,time,noun,content,0,0,fringe,1,0,,consensus8,8,0,3.2
card_1872,happen,Happen,happened|happening|happens,actions,verb,content,0,0,fringe,1,0,,consensus18,18,69,13.57
card_1873,harmonica,Harmonica,,music,noun,content,0,0,fringe,1,0,,consensus10,10,0,4.0
card_1874,harp,Harp,,music,noun,content,0,0,fringe,1,0,,consensus10,10,0,4.0
card_1875,hat,Hat,,clothes,noun,content,0,0,fringe,1,0,,consensus18,18,15,11.36
card_1876,hatchling,Hatchling,,animals,verb,content,0,0,fringe,1,0,,consensus6,6,0,2.4
card_1877,hate,Hate,hated|hates|hating,feelings,adj,feeling,0,0,fringe,1,0,,consensus15,15,43,11.68
card_1878,have a good day,Have a good day,,phrases,phrase,statement,0,0,fringe,4,1,card_0089|card_0000|card_0081|card_0046,consensus13,13,3,5.78
card_1879,haven't,Haven't,,core,aux,content,0,0,fringe,1,0,,consensus4,4,35,6.98
card_1880,health,Health,,describing,noun,content,0,0,fringe,1,0,,consensus12,12,13,8.76
card_1881,healthy,Healthy,healthiest,describing,adj,content,0,0,fringe,1,0,,consensus16,16,2,8.05
card_1882,hearing aid,Hearing aid,,things,noun,backlog,0,0,curated,2,1,card_0091|card_3041,curated+consensus8,8,1,7.24
card_1883,heart,Heart,,ideas,noun,content,0,0,fringe,1,0,,consensus18,18,6,10.12
card_1884,heat,Heat,heated|heating|heats,weather,noun,content,0,0,fringe,1,0,,consensus6,6,16,6.65
card_1885,heater,Heater,,things,noun,content,0,0,fringe,1,0,,consensus10,10,6,6.92
card_1886,heaven,Heaven,,places,noun,content,0,0,fringe,1,0,,consensus5,5,0,2.0
card_1887,hell,Hell,,places,noun,content,0,0,fringe,1,0,,consensus4,4,9,5.05
card_1888,helpful,Helpful,,describing,noun,content,0,0,fringe,1,0,,consensus12,12,6,7.72
card_1889,hermit crab,Hermit crab,,animals,noun,content,0,0,fringe,2,0,,consensus9,9,0,3.6
card_1890,hers,Hers,,core,pron,content,0,0,fringe,1,0,,consensus16,16,0,6.4
card_1891,hesitate,Hesitate,,actions,noun,content,0,0,fringe,1,0,,consensus5,5,2,3.65
card_1892,hey,Hey,,things,noun,content,0,0,fringe,1,0,,corpus35,2,35,6.18
card_1893,hi,Hi,,ideas,noun,social,0,0,fringe,1,0,,consensus8,8,39,8.73
card_1894,hide,Hide,hid|hidden|hides|hiding,actions,noun,content,0,0,fringe,1,0,,consensus19,19,12,11.45
card_1895,high,High,highest,describing,adj,content,0,0,fringe,1,0,,consensus19,19,22,12.3
card_1896,hilarious,Hilarious,,describing,adj,content,0,0,fringe,1,0,,consensus6,6,3,4.48
card_1897,hill,Hill,hills,nature,noun,content,0,0,fringe,1,0,,consensus18,18,1,8.24
card_1898,hippo,Hippo,,places,noun,content,0,0,fringe,1,0,,consensus19,19,0,7.6
card_1899,hire,Hire,hired|hires|hiring,actions,noun,content,0,0,fringe,1,0,,consensus15,15,2,7.65
card_1900,his,His,,core,pron,content,0,0,fringe,1,0,,consensus19,19,66,13.91
card_1901,history,History,,school,noun,content,0,0,fringe,1,0,,consensus18,18,2,8.85
card_1902,hit,Hit,hits|hitting,actions,noun,content,0,0,fringe,1,0,,consensus17,17,16,11.05
card_1903,hockey,Hockey,,play,noun,content,0,0,fringe,1,0,,consensus8,8,4,5.61
card_1904,hoe,Hoe,,things,noun,content,0,0,fringe,1,0,,consensus10,10,0,4.0
card_1905,holiday,Holiday,vacation|holidays,time,noun,content,0,0,fringe,1,0,,consensus19,19,14,11.66
card_1906,holy,Holy,holier|holiest,places,noun,content,0,0,fringe,1,0,,consensus6,6,1,3.44
card_1907,homework,Homework,,school,noun,content,0,0,fringe,1,0,,consensus17,17,15,10.96
card_1908,honest,Honest,,describing,noun,content,0,0,fringe,1,0,,consensus11,11,8,7.7
card_1909,honey,Honey,,food,noun,content,0,0,fringe,1,0,,consensus20,20,5,10.69
card_1910,hood,Hood,,people,noun,content,0,0,fringe,1,0,,consensus13,13,0,5.2
card_1911,hooves,Hooves,,animals,noun,content,0,0,fringe,1,0,,consensus4,4,0,1.6
card_1912,hop,Hop,,actions,noun,content,0,0,fringe,1,0,,consensus12,12,12,8.65
card_1913,hope,Hope,hoped|hopes|hoping,feelings,adj,feeling,0,0,fringe,1,0,,consensus16,16,102,13.35
card_1914,horn,Horn,,things,noun,content,0,0,fringe,1,0,,consensus10,10,0,4.0
card_1915,horseback riding,Horseback riding,,play,noun,content,0,0,fringe,2,0,,consensus7,7,0,2.8
card_1916,hose,Hose,,clothes,noun,content,0,0,fringe,1,0,,consensus14,14,0,5.6
card_1917,hospital,Hospital,,health,noun,content,0,0,fringe,1,0,,consensus19,19,21,12.24
card_1918,hot sauce,Hot sauce,,food,noun,content,0,0,fringe,2,1,card_0097|card_2544,consensus7,7,0,2.8
card_1919,hotel,Hotel,,things,noun,content,0,0,fringe,1,0,,consensus13,13,10,8.8
card_1920,hour,Hour,,time,noun,content,0,0,fringe,1,0,,consensus17,17,44,12.51
card_1921,hours,Hours,,time,noun,content,0,0,fringe,1,0,,corpus44,2,44,6.51
card_1922,how 'bout you,How 'bout you,,phrases,phrase,question,0,0,fringe,3,0,,consensus5,5,0,2.0
card_1923,how old are you,How old are you,,phrases,phrase,question,0,0,fringe,4,1,card_0098|card_0159|card_0011|card_0273,consensus5,5,13,4.46
card_1924,however,However,,describing,adv,content,0,0,fringe,1,0,,consensus10,10,2,5.65
card_1925,huge,Huge,,describing,adj,content,0,0,fringe,1,0,,consensus13,13,6,8.12
card_1926,hummingbird,Hummingbird,,animals,noun,content,0,0,fringe,1,0,,consensus6,6,0,2.4
card_1927,hunt,Hunt,hunted|hunting|hunts,actions,noun,content,0,0,fringe,1,0,,consensus4,4,7,4.72
card_1928,hurricane,Hurricane,,weather,noun,content,0,0,fringe,1,0,,consensus13,13,0,5.2
card_1929,hurry,Hurry,hurried|hurries|hurrying,actions,noun,content,0,0,fringe,1,0,,consensus17,17,13,10.76
card_1930,husband,Husband,,people,noun,content,0,0,fringe,1,0,,consensus13,13,16,9.45
card_1931,i am years old,I am years old,,phrases,phrase,feeling,0,0,fringe,4,1,card_0102|card_0008|card_3024|card_0159,consensus4,4,0,0.1
card_1932,i didn't know that,I didn't know that,,phrases,phrase,statement,0,0,fringe,4,1,card_0102|card_0152|card_0113|card_0220,consensus5,5,0,0.5
card_1933,i don't want,I don't want,,phrases,phrase,refuse,0,1,fringe,3,1,card_0102|card_0152|card_0247,corpus30,2,30,5.95
card_1934,i go to school at,I go to school at,,phrases,phrase,statement,0,0,fringe,5,1,card_0102|card_0080|card_0231|card_0704|card_0012,consensus6,6,0,0.9
card_1935,i have a,I have a,,phrases,phrase,statement,0,0,fringe,3,1,card_0102|card_0089|card_0000,consensus5,5,76,8.52
card_1936,i have a problem,I have a problem,,phrases,phrase,statement,0,0,fringe,4,1,card_0102|card_0089|card_0000|card_2420,consensus5,5,0,0.5
card_1937,i have a question,I have a question,,phrases,phrase,statement,0,0,fringe,4,1,card_0102|card_0089|card_0000|card_2443,consensus5,5,0,0.5
card_1938,i have to get going,I have to get going,,phrases,phrase,statement,0,0,fringe,5,1,card_0102|card_0089|card_0231|card_0078|card_0080,consensus5,5,0,0.5
card_1939,i like,I like,,phrases,phrase,statement,0,0,fringe,2,1,card_0102|card_0120,corpus74,3,74,7.68
card_1940,i like to,I like to,,phrases,phrase,statement,0,0,fringe,3,1,card_0102|card_0120|card_0231,consensus5,5,10,5.6
card_1941,i live at,I live at,,phrases,phrase,statement,0,0,fringe,3,1,card_0102|card_0123|card_0012,consensus5,5,0,2.0
card_1942,i live in,I live in,,phrases,phrase,statement,0,0,fringe,3,1,card_0102|card_0123|card_0104,consensus4,4,4,4.01
card_1943,i love it,I love it,,phrases,phrase,statement,0,0,fringe,3,1,card_0102|card_0128|card_0106,consensus4,4,6,4.52
card_1944,i need a break,I need a break,,phrases,phrase,request,0,0,fringe,4,1,card_0102|card_0145|card_0000|card_0026,consensus10,10,2,4.15
card_1945,i need to use the bathroom,I need to use the bathroom,,phrases,phrase,request,0,0,fringe,6,1,card_0102|card_0145|card_0231|card_2898|card_2799|card_1242,consensus5,5,7,3.62
card_1946,i play outside everyday,I play outside everyday,,phrases,phrase,statement,0,0,fringe,4,1,card_0102|card_0170|card_0165|card_3046,consensus4,4,0,0.1
card_1947,i want to add a button,I want to add a button,,phrases,phrase,request,0,0,fringe,6,1,card_0102|card_0247|card_0231|card_1108|card_0000|card_1338,consensus4,4,0,0.1
card_1948,i want to read,I want to read,,phrases,phrase,request,0,0,fringe,4,1,card_0102|card_0247|card_0231|card_0179,consensus5,5,1,1.54
card_1949,i work at,I work at,,phrases,phrase,statement,0,0,fringe,3,1,card_0102|card_0267|card_0012,consensus4,4,2,3.25
card_1950,i'd,I'd,,things,noun,content,0,0,fringe,1,0,,consensus9,9,70,9.99
card_1951,i'll,I'll,,things,noun,content,0,0,fringe,1,0,,consensus10,10,239,12.22
card_1952,i'm,I'm,,things,noun,content,0,0,fringe,1,0,,consensus17,17,529,16.21
card_1953,i'm looking at you,I'm looking at you,,phrases,phrase,feeling,0,0,fringe,4,1,card_0102|card_0125|card_0012|card_0273,consensus4,4,0,0.1
card_1954,i'm sorry,I'm sorry,,phrases,phrase,feeling,0,0,fringe,2,1,card_0102|card_0209,corpus54,2,54,6.81
card_1955,i've,I've,,things,noun,content,0,0,fringe,1,0,,consensus6,6,84,9.06
card_1956,ibuprofen,Ibuprofen,,things,noun,content,0,0,fringe,1,0,,consensus5,5,2,3.65
card_1957,ice,Ice,iced|icing,things,noun,content,0,0,fringe,1,0,,consensus19,19,35,12.98
card_1958,ice age,Ice age,,time,noun,content,0,0,fringe,2,1,card_1957|card_1120,consensus6,6,0,2.4
card_1959,iced tea,Iced tea,,drink,noun,content,0,0,fringe,2,1,card_1957|card_0772,consensus14,14,4,8.01
card_1960,idea,Idea,ideas,ideas,noun,content,0,0,fringe,1,0,,consensus19,19,43,13.28
card_1961,ignore,Ignore,ignored|ignores|ignoring,actions,noun,content,0,0,fringe,1,0,,consensus9,9,5,6.29
card_1962,iguana,Iguana,,animals,noun,content,0,0,fringe,1,0,,consensus8,8,0,3.2
card_1963,ill,Ill,,health,noun,content,0,0,fringe,1,0,,consensus12,12,17,9.14
card_1964,illinois,Illinois,,places,noun,content,0,0,fringe,1,0,,consensus9,9,0,3.6
card_1965,imagine,Imagine,imagined|imagines|imagining,actions,noun,content,0,0,fringe,1,0,,consensus18,18,6,10.12
card_1966,important,Important,,describing,adj,content,0,0,fringe,1,0,,consensus17,17,9,10.25
card_1967,impossible,Impossible,,describing,adj,content,0,0,fringe,1,0,,consensus8,8,3,5.28
card_1968,improve,Improve,,actions,verb,content,0,0,fringe,1,0,,consensus7,7,6,5.72
card_1969,indiana,Indiana,,places,noun,content,0,0,fringe,1,0,,consensus9,9,0,3.6
card_1970,inform,Inform,,actions,noun,content,0,0,fringe,1,0,,consensus5,5,8,5.3
card_1971,ingredient,Ingredient,ingredients,things,noun,content,0,0,fringe,1,0,,consensus10,10,5,6.69
card_1972,insect,Insect,,animals,noun,content,0,0,fringe,1,0,,consensus6,6,0,2.4
card_1973,inside,Inside,,core,func,content,0,0,fringe,1,0,,consensus16,16,6,9.32
card_1974,insist,Insist,,actions,noun,content,0,0,fringe,1,0,,consensus5,5,2,3.65
card_1975,instagram,Instagram,,things,noun,content,0,0,fringe,1,0,,consensus6,6,2,4.05
card_1976,instead,Instead,,describing,adv,content,0,0,fringe,1,0,,consensus6,6,30,7.55
card_1977,instrument,Instrument,instruments,things,noun,content,0,0,fringe,1,0,,consensus10,10,3,6.08
card_1978,interest,Interest,interested|interesting|interests,ideas,noun,content,0,0,fringe,1,0,,consensus17,17,29,11.9
card_1979,internet,Internet,,technology,noun,content,0,0,fringe,1,0,,consensus17,17,6,9.72
card_1980,interview,Interview,interviewed|interviewing|interviews,actions,noun,content,0,0,fringe,1,0,,consensus13,13,3,7.28
card_1981,intestines,Intestines,,body,noun,content,0,0,fringe,1,0,,consensus8,8,0,3.2
card_1982,into,Into,,core,func,content,0,0,fringe,1,0,,consensus4,4,43,7.28
card_1983,invitation,Invitation,,ideas,noun,content,0,0,fringe,1,0,,consensus12,12,1,5.84
card_1984,invite,Invite,,actions,noun,content,0,0,fringe,1,0,,consensus12,12,16,9.05
card_1985,involve,Involve,,actions,noun,content,0,0,fringe,1,0,,consensus7,7,3,4.88
card_1986,iowa,Iowa,,people,noun,content,0,0,fringe,1,0,,consensus9,9,0,3.6
card_1987,ipad,Ipad,,technology,noun,content,0,0,fringe,1,0,,consensus9,9,0,3.6
card_1988,iron,Iron,ironed|ironing|irons,things,noun,content,0,0,fringe,1,0,,consensus19,19,2,9.25
card_1989,iron age,Iron age,,time,noun,content,0,0,fringe,2,1,card_1988|card_1120,consensus6,6,0,2.4
card_1990,is finished,Is finished,,phrases,phrase,question,0,0,fringe,2,1,card_0105|card_0071,consensus5,5,1,3.04
card_1991,island,Island,,nature,noun,content,0,0,fringe,1,0,,consensus18,18,4,9.61
card_1992,isn't,Isn't,,core,aux,content,0,0,fringe,1,0,,consensus5,5,43,7.68
card_1993,it was nice to see you,It was nice to see you,,phrases,phrase,statement,0,0,fringe,6,1,card_0106|card_0248|card_0149|card_0231|card_0191|card_0273,consensus4,4,1,1.14
card_1994,it's,It's,,things,noun,content,0,0,fringe,1,0,,consensus8,8,357,12.02
card_1995,itchy,Itchy,,health,noun,content,0,0,fringe,1,0,,consensus15,15,4,8.41
card_1996,itself,Itself,,things,pron,content,0,0,fringe,1,0,,consensus6,6,3,4.48
card_1997,jack-o-lantern,Jack-o-lantern,,nature,adj,content,0,0,fringe,1,0,,consensus10,10,0,4.0
card_1998,jail,Jail,,things,noun,content,0,0,fringe,1,0,,consensus14,14,2,7.25
card_1999,janitor,Janitor,,people,noun,content,0,0,fringe,1,0,,consensus9,9,0,3.6
card_2000,japan,Japan,,places,noun,content,0,0,fringe,1,0,,consensus7,7,0,2.8
card_2001,jar,Jar,,things,noun,content,0,0,fringe,1,0,,consensus16,16,3,8.48
card_2002,jaw,Jaw,jaws,body,noun,content,0,0,fringe,1,0,,consensus6,6,0,2.4
card_2003,jealous,Jealous,,feelings,adj,feeling,0,0,fringe,1,0,,consensus13,13,0,5.2
card_2004,jeans,Jeans,,clothes,noun,content,0,0,fringe,1,0,,consensus11,11,4,6.81
card_2005,jello,Jello,,food,noun,content,0,0,fringe,1,0,,consensus9,9,0,3.6
card_2006,jelly,Jelly,,food,adv,content,0,0,fringe,1,0,,consensus20,20,2,9.65
card_2007,jet,Jet,,transport,noun,content,0,0,fringe,1,0,,consensus4,4,0,1.6
card_2008,jewish holiday,Jewish holiday,,time,noun,content,0,0,fringe,2,0,,consensus4,4,0,1.6
card_2009,job,Job,jobs,activities,noun,content,0,0,fringe,1,0,,consensus21,21,54,14.41
card_2010,jog,Jog,,actions,noun,content,0,0,fringe,1,0,,consensus10,10,6,6.92
card_2011,join,Join,joined|joining|joins,actions,noun,content,0,0,fringe,1,0,,consensus9,9,20,8.17
card_2012,joke,Joke,joked|jokes|joking,ideas,noun,content,0,0,fringe,1,0,,consensus13,13,20,9.77
card_2013,journalist,Journalist,,people,noun,content,0,0,fringe,1,0,,consensus9,9,0,3.6
card_2014,joy,Joy,,feelings,adj,feeling,0,0,fringe,1,0,,consensus5,5,2,3.65
card_2015,judge,Judge,judged|judges|judging,actions,noun,content,0,0,fringe,1,0,,consensus15,15,8,9.3
card_2016,juice,Juice,,drink,noun,content,0,0,fringe,1,0,,consensus22,22,10,12.4
card_2017,jungle,Jungle,,places,noun,content,0,0,fringe,1,0,,consensus10,10,1,5.04
card_2018,junior,Junior,,people,noun,content,0,0,fringe,1,0,,consensus9,9,0,3.6
card_2019,junk food,Junk food,,food,noun,content,0,0,fringe,2,0,,consensus5,5,1,3.04
card_2020,jurassic,Jurassic,,time,noun,content,0,0,fringe,1,0,,consensus6,6,0,2.4
card_2021,just,Just,,core,func,content,0,0,fringe,1,0,,consensus16,16,386,15.34
card_2022,kansas,Kansas,,places,noun,content,0,0,fringe,1,0,,consensus9,9,0,3.6
card_2023,karaoke,Karaoke,,activities,noun,content,0,0,fringe,1,0,,consensus8,8,0,3.2
card_2024,kayak,Kayak,,transport,noun,content,0,0,fringe,1,0,,consensus6,6,0,2.4
card_2025,kennel,Kennel,,things,noun,content,0,0,fringe,1,0,,consensus10,10,0,4.0
card_2026,ketchup,Ketchup,,food,noun,content,0,0,fringe,1,0,,consensus18,18,4,9.61
card_2027,key,Key,keys,things,noun,content,0,0,fringe,1,0,,consensus16,16,25,11.29
card_2028,kick,Kick,kicked|kicking|kicks,actions,noun,content,0,0,fringe,1,0,,consensus16,16,5,9.09
card_2029,kid,Kid,kidding|kids,people,noun,content,0,0,fringe,1,0,,consensus16,16,66,12.71
card_2030,kidney,Kidney,kidneys,body,noun,content,0,0,fringe,1,0,,consensus11,11,0,4.4
card_2031,kill,Kill,,actions,noun,content,0,0,fringe,1,0,,consensus14,14,11,9.33
card_2032,kilogram,Kilogram,,quantity,noun,content,0,0,fringe,1,0,,consensus4,4,0,1.6
card_2033,kind,Kind,kinder|kindest,ideas,noun,content,0,0,fringe,1,0,,consensus17,17,74,13.28
card_2034,king,King,,people,noun,content,0,0,fringe,1,0,,consensus7,7,7,5.92
card_2035,kitchen,Kitchen,,things,noun,content,0,0,fringe,1,0,,consensus21,21,21,13.04
card_2036,kitten,Kitten,kittens,animals,verb,content,0,0,fringe,1,0,,consensus11,11,0,4.4
card_2037,knit,Knit,,actions,noun,content,0,0,fringe,1,0,,consensus10,10,3,6.08
card_2038,knock,Knock,,actions,noun,content,0,0,fringe,1,0,,consensus8,8,8,6.5
card_2039,kwanzaa,Kwanzaa,,activities,noun,content,0,0,fringe,1,0,,consensus4,4,0,1.6
card_2040,labor day,Labor day,,time,noun,content,0,0,fringe,2,0,,consensus8,8,0,3.2
card_2041,ladder,Ladder,,things,noun,content,0,0,fringe,1,0,,consensus18,18,3,9.28
card_2042,lady,Lady,,people,noun,content,0,0,fringe,1,0,,consensus4,4,7,4.72
card_2043,ladybug,Ladybug,,animals,noun,content,0,0,fringe,1,0,,consensus17,17,0,6.8
card_2044,lake,Lake,,nature,noun,content,0,0,fringe,1,0,,consensus20,20,7,11.12
card_2045,lamb,Lamb,,animals,noun,content,0,0,fringe,1,0,,consensus16,16,0,6.4
card_2046,landmark,Landmark,,places,noun,content,0,0,fringe,1,0,,consensus5,5,0,2.0
card_2047,landscape,Landscape,,places,noun,content,0,0,fringe,1,0,,consensus4,4,0,1.6
card_2048,lane,Lane,,things,noun,content,0,0,fringe,1,0,,consensus10,10,0,4.0
card_2049,lasagna,Lasagna,,food,noun,content,0,0,fringe,1,0,,consensus19,19,2,9.25
card_2050,lately,Lately,,describing,adv,content,0,0,fringe,1,0,,consensus6,6,16,6.65
card_2051,laugh,Laugh,laughed|laughing|laughs,actions,noun,content,0,0,fringe,1,0,,consensus18,18,2,8.85
card_2052,laundry,Laundry,,clothes,noun,content,0,0,fringe,1,0,,consensus12,12,10,8.4
card_2053,laundry basket,Laundry basket,,things,noun,content,0,0,fringe,2,1,card_2052|card_1239,consensus13,13,0,5.2
card_2054,law,Law,,things,noun,content,0,0,fringe,1,0,,consensus5,5,3,4.08
card_2055,lawn mower,Lawn mower,,things,noun,content,0,0,fringe,2,0,,consensus13,13,0,5.2
card_2056,lawyer,Lawyer,,people,noun,content,0,0,fringe,1,0,,consensus17,17,14,10.86
card_2057,lay,Lay,laid|laying|lays,actions,noun,content,0,0,fringe,1,0,,consensus9,9,5,6.29
card_2058,lazy,Lazy,,describing,noun,content,0,0,fringe,1,0,,consensus10,10,10,7.6
card_2059,learn,Learn,learned|learning|learns,school,noun,content,0,0,fringe,1,0,,consensus19,19,20,12.17
card_2060,least,Least,,describing,adj,content,0,0,fringe,1,0,,consensus14,14,24,10.43
card_2061,leftovers,Leftovers,,food,noun,content,0,0,fringe,1,0,,consensus9,9,0,3.6
card_2062,leggings,Leggings,,clothes,noun,content,0,0,fringe,1,0,,consensus4,4,0,1.6
card_2063,lemon,Lemon,,food,noun,content,0,0,fringe,1,0,,consensus19,19,9,11.05
card_2064,lend,Lend,,actions,noun,content,0,0,fringe,1,0,,consensus9,9,8,6.9
card_2065,lesson,Lesson,lessons,school,noun,content,0,0,fringe,1,0,,consensus10,10,2,5.65
card_2066,let,Let,lets|letting,actions,verb,content,0,0,fringe,1,0,,consensus17,17,169,14.5
card_2067,let's,Let's,,things,noun,request,0,0,fringe,1,0,,consensus20,20,111,15.08
card_2068,letter,Letter,letters,ideas,noun,content,0,0,fringe,1,0,,consensus13,13,18,9.62
card_2069,level,Level,leveled|leveling|levels,describing,noun,content,0,0,fringe,1,0,,consensus11,11,4,6.81
card_2070,librarian,Librarian,,people,adj,content,0,0,fringe,1,0,,consensus15,15,0,6.0
card_2071,library,Library,,school,noun,content,0,0,fringe,1,0,,consensus20,20,14,12.06
card_2072,license plate,License plate,,things,noun,content,0,0,fringe,2,0,,consensus10,10,0,4.0
card_2073,lie,Lie,lain|lied|lies|lying,actions,noun,content,0,0,fringe,1,0,,consensus16,16,16,10.65
card_2074,life,Life,lives,describing,noun,content,0,0,fringe,1,0,,consensus6,6,29,7.5
card_2075,lift,Lift,lifted|lifting|lifts,actions,noun,content,0,0,fringe,1,0,,consensus19,19,12,11.45
card_2076,lightning,Lightning,,weather,verb,content,0,0,fringe,1,0,,consensus19,19,1,8.64
card_2077,lily,Lily,,nature,adv,content,0,0,fringe,1,0,,consensus11,11,0,4.4
card_2078,lip,Lip,,body,noun,content,0,0,fringe,1,0,,consensus8,8,2,4.85
card_2079,lipstick,Lipstick,,things,noun,content,0,0,fringe,1,0,,consensus12,12,0,4.8
card_2080,list,List,,ideas,noun,content,0,0,fringe,1,0,,consensus6,6,11,6.13
card_2081,liver,Liver,,body,noun,content,0,0,fringe,1,0,,consensus9,9,0,3.6
card_2082,living room,Living room,,things,noun,content,0,0,fringe,2,1,card_0123|card_2521,consensus16,16,4,8.81
card_2083,lizard,Lizard,,animals,noun,content,0,0,fringe,1,0,,consensus14,14,0,5.6
card_2084,llama,Llama,,animals,noun,content,0,0,fringe,1,0,,consensus9,9,0,3.6
card_2085,lobster,Lobster,,food,noun,content,0,0,fringe,1,0,,consensus14,14,0,5.6
card_2086,local,Local,,describing,adj,content,0,0,fringe,1,0,,consensus7,7,4,5.21
card_2087,lock,Lock,locked|locking|locks,actions,noun,content,0,0,fringe,1,0,,consensus12,12,7,7.92
card_2088,lollipop,Lollipop,,food,noun,content,0,0,fringe,1,0,,consensus17,17,0,6.8
card_2089,loose,Loose,looser|loosest,describing,adj,content,0,0,fringe,1,0,,consensus9,9,3,5.68
card_2090,lot,Lot,lots,quantity,noun,content,0,0,fringe,1,0,,consensus6,6,84,9.06
card_2091,lotion,Lotion,,things,noun,content,0,0,fringe,1,0,,consensus15,15,1,7.04
card_2092,lovely,Lovely,,describing,adv,content,0,0,fringe,1,0,,consensus8,8,11,6.93
card_2093,low,Low,lower,describing,adj,content,0,0,fringe,1,0,,consensus19,19,2,9.25
card_2094,lucky,Lucky,,describing,adj,content,0,0,fringe,1,0,,consensus12,12,6,7.72
card_2095,luggage,Luggage,,things,noun,content,0,0,fringe,1,0,,consensus13,13,0,5.2
card_2096,lunch,Lunch,,school,noun,content,0,0,fringe,1,0,,consensus21,21,70,14.79
card_2097,lung,Lung,lungs,body,noun,content,0,0,fringe,1,0,,consensus11,11,0,4.4
card_2098,macaroni and cheese,Macaroni and cheese,,food,noun,content,0,0,fringe,3,0,,consensus5,5,2,3.65
card_2099,mad,Mad,,feelings,adj,feeling,0,0,fringe,1,0,,consensus19,19,9,11.05
card_2100,magazine,Magazine,,ideas,noun,content,0,0,fringe,1,0,,consensus13,13,10,8.8
card_2101,magic school bus,Magic school bus,,transport,noun,content,0,0,fringe,3,0,,consensus4,4,0,1.6
card_2102,mail,Mail,mailed|mailing|mails,actions,noun,content,0,0,fringe,1,0,,consensus7,7,34,8.13
card_2103,mail carrier,Mail carrier,,people,noun,content,0,0,fringe,2,0,,consensus15,15,0,6.0
card_2104,mail truck,Mail truck,,transport,noun,content,0,0,fringe,2,1,card_2102|card_2865,consensus7,7,0,2.8
card_2105,mailbox,Mailbox,,things,noun,content,0,0,fringe,1,0,,consensus7,7,3,4.88
card_2106,main,Main,,describing,adj,content,0,0,fringe,1,0,,consensus9,9,5,6.29
card_2107,major,Major,,describing,adj,content,0,0,fringe,1,0,,consensus10,10,2,5.65
card_2108,make-up,Make-up,,activities,noun,content,0,0,fringe,1,0,,consensus6,6,0,2.4
card_2109,makeup,Makeup,,things,noun,content,0,0,fringe,1,0,,consensus12,12,3,6.88
card_2110,male,Male,,animals,noun,content,0,0,fringe,1,0,,consensus5,5,0,2.0
card_2111,mall,Mall,,things,noun,content,0,0,fringe,1,0,,consensus16,16,23,11.17
card_2112,mammal,Mammal,mammals,animals,noun,content,0,0,fringe,1,0,,consensus10,10,0,4.0
card_2113,man,Man,,people,noun,content,0,0,fringe,1,0,,consensus19,19,23,12.37
card_2114,manage,Manage,,actions,noun,content,0,0,fringe,1,0,,consensus7,7,13,6.76
card_2115,manager,Manager,,people,noun,content,0,0,fringe,1,0,,consensus10,10,8,7.3
card_2116,manatee,Manatee,,animals,noun,content,0,0,fringe,1,0,,consensus5,5,0,2.0
card_2117,map,Map,,things,noun,content,0,0,fringe,1,0,,consensus13,13,3,7.28
card_2118,maple,Maple,,nature,noun,content,0,0,fringe,1,0,,consensus11,11,1,5.44
card_2119,mardi gras,Mardi gras,,time,noun,content,0,0,fringe,2,0,,consensus8,8,0,3.2
card_2120,margarita,Margarita,,drink,noun,content,0,0,fringe,1,0,,consensus7,7,0,2.8
card_2121,marinara sauce,Marinara sauce,,food,noun,content,0,0,fringe,2,0,,consensus7,7,0,2.8
card_2122,marker,Marker,markers,things,noun,content,0,0,fringe,1,0,,consensus13,13,0,5.2
card_2123,marry,Marry,married|marries|marrying,actions,noun,content,0,0,fringe,1,0,,consensus11,11,15,8.56
card_2124,mars,Mars,,nature,noun,content,0,0,fringe,1,0,,consensus18,18,0,7.2
card_2125,marshmallow,Marshmallow,,food,noun,content,0,0,fringe,1,0,,consensus11,11,0,4.4
card_2126,martini,Martini,,drink,noun,content,0,0,fringe,1,0,,consensus7,7,0,2.8
card_2127,mascara,Mascara,,things,noun,content,0,0,fringe,1,0,,consensus7,7,1,3.84
card_2128,mashed potatoes,Mashed potatoes,,food,noun,content,0,0,fringe,2,0,,consensus5,5,3,4.08
card_2129,mask,Mask,,clothes,noun,content,0,0,fringe,1,0,,consensus5,5,0,2.0
card_2130,massachusetts,Massachusetts,,places,noun,content,0,0,fringe,1,0,,consensus9,9,0,3.6
card_2131,match,Match,matched|matches|matching,actions,noun,content,0,0,fringe,1,0,,consensus19,19,24,12.43
card_2132,material,Material,,things,noun,content,0,0,fringe,1,0,,consensus9,9,3,5.68
card_2133,math,Math,,school,noun,content,0,0,fringe,1,0,,consensus19,19,5,10.29
card_2134,matter,Matter,mattered|matters,ideas,noun,content,0,0,fringe,1,0,,consensus8,8,9,6.65
card_2135,mayo,Mayo,,food,noun,content,0,0,fringe,1,0,,consensus6,6,1,3.44
card_2136,mayonnaise,Mayonnaise,,food,noun,content,0,0,fringe,1,0,,consensus14,14,0,5.6
card_2137,mcdonald's,Mcdonald's,,things,noun,content,0,0,fringe,1,0,,consensus5,5,4,4.41
card_2138,meadow,Meadow,,places,noun,content,0,0,fringe,1,0,,consensus10,10,0,4.0
card_2139,meal,Meal,meals,food,noun,content,0,0,fringe,1,0,,consensus12,12,16,9.05
card_2140,mean,Mean,meaner|meanest|meaning|means|meant,actions,noun,content,0,0,fringe,1,0,,consensus17,17,91,13.58
card_2141,measure,Measure,measured|measures|measuring,actions,noun,content,0,0,fringe,1,0,,consensus18,18,0,7.2
card_2142,measuring cup,Measuring cup,,things,noun,content,0,0,fringe,2,1,card_2141|card_1529,consensus11,11,0,4.4
card_2143,meat,Meat,,food,noun,content,0,0,fringe,1,0,,consensus19,19,7,10.72
card_2144,meatballs,Meatballs,,food,noun,content,0,0,fringe,1,0,,consensus4,4,0,1.6
card_2145,mechanic,Mechanic,,people,noun,content,0,0,fringe,1,0,,consensus12,12,0,4.8
card_2146,medical,Medical,,describing,adj,content,0,0,fringe,1,0,,consensus9,9,3,5.68
card_2147,mediterranean,Mediterranean,,nature,noun,content,0,0,fringe,1,0,,consensus7,7,2,4.45
card_2148,meerkat,Meerkat,,animals,noun,content,0,0,fringe,1,0,,consensus4,4,0,1.6
card_2149,melt,Melt,,actions,noun,content,0,0,fringe,1,0,,consensus7,7,3,4.88
card_2150,memorial day,Memorial day,,time,noun,content,0,0,fringe,2,0,,consensus6,6,0,2.4
card_2151,mention,Mention,mentioned|mentioning|mentions,actions,noun,content,0,0,fringe,1,0,,consensus8,8,2,4.85
card_2152,menu,Menu,,ideas,noun,content,0,0,fringe,1,0,,consensus13,13,11,8.93
card_2153,meow,Meow,,activities,noun,content,0,0,fringe,1,0,,consensus8,8,1,4.24
card_2154,mercury,Mercury,,things,noun,content,0,0,fringe,1,0,,consensus18,18,0,7.2
card_2155,mesozoic,Mesozoic,,time,noun,content,0,0,fringe,1,0,,consensus6,6,0,2.4
card_2156,message,Message,messaged|messaging,technology,noun,content,0,0,fringe,1,0,,consensus9,9,33,8.89
card_2157,messy,Messy,messier|messiest,describing,noun,content,0,0,fringe,1,0,,consensus12,12,4,7.21
card_2158,metal,Metal,,things,noun,content,0,0,fringe,1,0,,consensus13,13,3,7.28
card_2159,meteor,Meteor,,nature,noun,content,0,0,fringe,1,0,,consensus12,12,0,4.8
card_2160,meter,Meter,,quantity,noun,content,0,0,fringe,1,0,,consensus4,4,0,1.6
card_2161,michigan,Michigan,,places,noun,content,0,0,fringe,1,0,,consensus9,9,1,4.64
card_2162,microwave,Microwave,,weather,noun,content,0,0,fringe,1,0,,consensus19,19,3,9.68
card_2163,middle,Middle,,places,noun,content,0,0,fringe,1,0,,consensus19,19,2,9.25
card_2164,middle ages,Middle ages,,time,noun,content,0,0,fringe,2,1,card_2163|card_1120,consensus6,6,0,2.4
card_2165,midnight,Midnight,,time,noun,content,0,0,fringe,1,0,,consensus8,8,6,6.12
card_2166,might,Might,,core,aux,content,0,0,fringe,1,0,,consensus18,18,52,13.16
card_2167,mile,Mile,,quantity,noun,content,0,0,fringe,1,0,,consensus4,4,10,5.2
card_2168,million,Million,,numbers,num,content,0,0,fringe,1,0,,consensus6,6,4,4.81
card_2169,mind,Mind,minded|minding|minds,ideas,noun,content,0,0,fringe,1,0,,consensus15,15,46,11.78
card_2170,mineral water,Mineral water,,drink,noun,content,0,0,fringe,2,0,,consensus9,9,0,3.6
card_2171,mini golf,Mini golf,,play,noun,content,0,0,fringe,2,0,,consensus9,9,0,3.6
card_2172,minnow,Minnow,,animals,noun,content,0,0,fringe,1,0,,consensus4,4,0,1.6
card_2173,mint,Mint,,quantity,noun,content,0,0,fringe,1,0,,consensus9,9,0,3.6
card_2174,minutes,Minutes,,ideas,noun,content,0,0,fringe,1,0,,corpus65,2,65,7.08
card_2175,mirror,Mirror,,things,noun,content,0,0,fringe,1,0,,consensus19,19,3,9.68
card_2176,miss,Miss,missed|misses|missing,actions,noun,content,0,0,fringe,1,0,,consensus18,18,68,13.55
card_2177,missouri,Missouri,,places,noun,content,0,0,fringe,1,0,,consensus9,9,0,3.6
card_2178,mittens,Mittens,,clothes,noun,content,0,0,fringe,1,0,,consensus11,11,1,5.44
card_2179,mix,Mix,mixed|mixes|mixing,actions,noun,content,0,0,fringe,1,0,,consensus17,17,2,8.45
card_2180,mixer,Mixer,,people,noun,content,0,0,fringe,1,0,,consensus17,17,0,6.8
card_2181,mobile,Mobile,cell phone,technology,noun,content,0,0,fringe,1,0,,consensus5,5,3,4.08
card_2182,mom,Mom,,people,noun,content,0,0,fringe,1,0,,consensus20,20,71,14.41
card_2183,money,Money,,things,noun,content,0,0,fringe,1,0,,consensus21,21,39,13.93
card_2184,monitor,Monitor,,actions,noun,content,0,0,fringe,1,0,,consensus8,8,1,4.24
card_2185,monkey,Monkey,,animals,noun,content,0,0,fringe,1,0,,consensus12,12,0,4.8
card_2186,moon,Moon,,nature,noun,content,0,0,fringe,1,0,,consensus19,19,2,9.25
card_2187,moose,Moose,,animals,noun,content,0,0,fringe,1,0,,consensus4,4,3,3.68
card_2188,mop,Mop,mopped|mopping|mops,actions,noun,content,0,0,fringe,1,0,,consensus13,13,0,5.2
card_2189,mosquito,Mosquito,,animals,noun,content,0,0,fringe,1,0,,consensus10,10,2,5.65
card_2190,most,Most,,describing,adj,content,0,0,fringe,1,0,,consensus14,14,24,10.43
card_2191,mother,Mother,,people,noun,content,0,0,fringe,1,0,,consensus6,6,32,7.64
card_2192,mother's day,Mother's day,,time,noun,content,0,0,fringe,2,0,,consensus15,15,1,7.04
card_2193,motorboat,Motorboat,,transport,noun,content,0,0,fringe,1,0,,consensus4,4,0,1.6
card_2194,mountain,Mountain,mountains,nature,noun,content,0,0,fringe,1,0,,consensus20,20,5,10.69
card_2195,mouth,Mouth,,body,noun,content,0,0,fringe,1,0,,consensus21,21,5,11.09
card_2196,movement,Movement,,activities,noun,content,0,0,fringe,1,0,,consensus5,5,1,3.04
card_2197,movie,Movie,movies,ideas,noun,content,0,0,fringe,1,0,,consensus16,16,132,13.74
card_2198,mow,Mow,,actions,noun,content,0,0,fringe,1,0,,consensus10,10,9,7.45
card_2199,mr,Mr,,ideas,noun,content,0,0,fringe,1,0,,consensus8,8,7,6.32
card_2200,mrs,Mrs,,ideas,noun,content,0,0,fringe,1,0,,consensus8,8,7,6.32
card_2201,mud,Mud,,things,noun,content,0,0,fringe,1,0,,consensus11,11,3,6.48
card_2202,muffin,Muffin,,food,noun,content,0,0,fringe,1,0,,consensus12,12,3,6.88
card_2203,multiplication,Multiplication,,activities,noun,content,0,0,fringe,1,0,,consensus6,6,0,2.4
card_2204,multiply,Multiply,multiplied|multiplies|multiplying,actions,noun,content,0,0,fringe,1,0,,consensus11,11,0,4.4
card_2205,muscle,Muscle,,body,noun,content,0,0,fringe,1,0,,consensus11,11,4,6.81
card_2206,museum,Museum,,things,noun,content,0,0,fringe,1,0,,consensus9,9,4,6.01
card_2207,mushroom,Mushroom,mushrooms,nature,noun,content,0,0,fringe,1,0,,consensus17,17,2,8.45
card_2208,music,Music,,technology,noun,content,0,0,fringe,1,0,,consensus22,22,41,14.41
card_2209,must,Must,,core,aux,content,0,0,fringe,1,0,,consensus17,17,40,12.37
card_2210,mustache,Mustache,,body,noun,content,0,0,fringe,1,0,,consensus10,10,0,4.0
card_2211,mustard,Mustard,,nature,noun,content,0,0,fringe,1,0,,consensus19,19,1,8.64
card_2212,mute,Mute,,describing,noun,content,0,0,fringe,1,0,,consensus6,6,3,4.48
card_2213,my birthday is,My birthday is,,phrases,phrase,statement,0,0,fringe,3,1,card_0143|card_0022|card_0105,consensus5,5,1,3.04
card_2214,my email address is,My email address is,,phrases,phrase,statement,0,0,fringe,4,1,card_0143|card_1658|card_1109|card_0105,consensus4,4,0,0.1
card_2215,my favorite tv show is,My favorite tv show is,,phrases,phrase,statement,0,0,fringe,5,1,card_0143|card_1715|card_2873|card_0196|card_0105,consensus5,5,0,0.5
card_2216,my name is sebastian,My name is sebastian,,phrases,phrase,statement,0,0,fringe,4,0,,consensus4,4,0,0.1
card_2217,my phone number is,My phone number is,,phrases,phrase,statement,0,0,fringe,4,1,card_0143|card_2342|card_2256|card_0105,consensus7,7,0,1.3
card_2218,my room,My room,,phrases,phrase,statement,0,0,fringe,2,1,card_0143|card_2521,consensus10,10,9,7.45
card_2219,my turn,My turn,,phrases,phrase,statement,0,0,fringe,2,1,card_0143|card_0240,consensus11,11,0,4.4
card_2220,myself,Myself,,core,pron,content,0,0,fringe,1,0,,consensus13,13,30,10.35
card_2221,nail,Nail,nails,actions,noun,content,0,0,fringe,1,0,,consensus19,19,7,10.72
card_2222,name,Name,named|names|naming,ideas,noun,content,0,0,fringe,1,0,,consensus18,18,62,13.41
card_2223,nap,Nap,napped|napping|naps,time,noun,content,0,0,fringe,1,0,,consensus10,10,7,7.12
card_2224,napkin,Napkin,,things,noun,content,0,0,fringe,1,0,,consensus19,19,3,9.68
card_2225,nasty,Nasty,,describing,adj,content,0,0,fringe,1,0,,consensus9,9,5,6.29
card_2226,nation,Nation,,people,noun,content,0,0,fringe,1,0,,consensus9,9,0,3.6
card_2227,national,National,,describing,adj,content,0,0,fringe,1,0,,consensus7,7,3,4.88
card_2228,nature,Nature,natures,describing,noun,content,0,0,fringe,1,0,,consensus14,14,2,7.25
card_2229,nearby,Nearby,,describing,adv,content,0,0,fringe,1,0,,consensus5,5,5,4.69
card_2230,necklace,Necklace,,things,noun,content,0,0,fringe,1,0,,consensus13,13,1,6.24
card_2231,needle,Needle,,nature,noun,content,0,0,fringe,1,0,,consensus16,16,2,8.05
card_2232,negative,Negative,negatives,describing,adj,content,0,0,fringe,1,0,,consensus9,9,1,4.64
card_2233,neigh,Neigh,,activities,adj,content,0,0,fringe,1,0,,consensus7,7,0,2.8
card_2234,neighbor,Neighbor,,people,noun,content,0,0,fringe,1,0,,consensus11,11,6,7.32
card_2235,netflix,Netflix,,technology,noun,content,0,0,fringe,1,0,,consensus6,6,8,5.7
card_2236,new year's,New year's,,time,noun,content,0,0,fringe,2,0,,consensus9,9,0,3.6
card_2237,new year's day,New year's day,,time,noun,content,0,0,fringe,3,0,,consensus6,6,0,2.4
card_2238,news,News,,ideas,noun,content,0,0,fringe,1,0,,consensus18,18,41,12.81
card_2239,newspaper,Newspaper,,ideas,noun,content,0,0,fringe,1,0,,consensus11,11,12,8.25
card_2240,next to,Next to,,things,noun,content,0,0,fringe,2,1,card_0148|card_0231,consensus8,8,10,6.8
card_2241,nickel,Nickel,,things,noun,content,0,0,fringe,1,0,,consensus12,12,1,5.84
card_2242,no one,No one,,phrases,phrase,refuse,0,1,fringe,2,1,card_0151|card_0618,consensus6,6,14,6.46
card_2243,no way,No way,,phrases,phrase,refuse,0,1,fringe,2,1,card_0151|card_2942,consensus12,12,10,8.4
card_2244,nobody,Nobody,,core,pron,content,0,0,fringe,1,0,,consensus11,11,1,5.44
card_2245,noon,Noon,,time,noun,content,0,0,fringe,1,0,,consensus7,7,16,7.05
card_2246,normal,Normal,,describing,adj,content,0,0,fringe,1,0,,consensus8,8,10,6.8
card_2247,north,North,,places,noun,content,0,0,fringe,1,0,,consensus14,14,4,8.01
card_2248,nose,Nose,,body,adv,content,0,0,fringe,1,0,,consensus20,20,3,10.08
card_2249,not so good,Not so good,,phrases,phrase,refuse,0,1,fringe,3,1,card_0152|card_0205|card_0081,consensus5,5,1,3.04
card_2250,note,Note,noted|notes|noting,actions,noun,content,0,0,fringe,1,0,,consensus6,6,3,4.48
card_2251,notice,Notice,,actions,noun,content,0,0,fringe,1,0,,consensus5,5,8,5.3
card_2252,novel,Novel,,ideas,noun,content,0,0,fringe,1,0,,consensus8,8,5,5.89
card_2253,nowhere,Nowhere,,describing,adv,content,0,0,fringe,1,0,,consensus12,12,2,6.45
card_2254,nuggets,Nuggets,,nature,noun,content,0,0,fringe,1,0,,consensus11,11,0,4.4
card_2255,numb,Numb,,describing,noun,content,0,0,fringe,1,0,,consensus8,8,4,5.61
card_2256,number,Number,numbers,describing,noun,content,0,0,fringe,1,0,,consensus7,7,45,8.54
card_2257,nut,Nut,,nature,noun,content,0,0,fringe,1,0,,consensus4,4,3,3.68
card_2258,o'clock,O'clock,,describing,noun,content,0,0,fringe,1,0,,consensus14,14,8,8.9
card_2259,oatmeal,Oatmeal,,food,noun,content,0,0,fringe,1,0,,consensus17,17,1,7.84
card_2260,ocean,Ocean,,nature,noun,content,0,0,fringe,1,0,,consensus21,21,2,10.05
card_2261,octopus,Octopus,,food,noun,content,0,0,fringe,1,0,,consensus15,15,0,6.0
card_2262,odd,Odd,,describing,noun,content,0,0,fringe,1,0,,consensus12,12,3,6.88
card_2263,offer,Offer,offered|offering|offers,actions,noun,content,0,0,fringe,1,0,,consensus13,13,13,9.16
card_2264,office,Office,,things,noun,content,0,0,fringe,1,0,,consensus18,18,19,11.69
card_2265,often,Often,,describing,adv,content,0,0,fringe,1,0,,consensus6,6,17,6.74
card_2267,oil,Oil,,things,noun,content,0,0,fringe,1,0,,consensus12,12,6,7.72
card_2268,oink oink,Oink oink,,activities,phrase,content,0,0,fringe,2,0,,consensus4,4,0,1.6
card_2269,older,Older,,describing,adj,content,0,0,fringe,1,0,,consensus6,6,3,4.48
card_2270,once,Once,,describing,adv,content,0,0,fringe,1,0,,consensus7,7,29,7.9
card_2271,only,Only,,core,func,content,0,0,fringe,1,0,,consensus18,18,71,13.61
card_2272,order,Order,ordered|ordering|orders,ideas,noun,content,0,0,fringe,1,0,,consensus17,17,39,12.33
card_2273,organ,Organ,,body,noun,content,0,0,fringe,1,0,,consensus9,9,0,3.6
card_2274,organize,Organize,organized|organizes|organizing,actions,verb,content,0,0,fringe,1,0,,consensus8,8,1,4.24
card_2275,orioles,Orioles,,animals,noun,content,0,0,fringe,1,0,,consensus4,4,0,1.6
card_2276,other,Other,,describing,adj,content,0,0,fringe,1,0,,consensus18,18,47,13.01
card_2277,others,Others,,things,noun,content,0,0,fringe,1,0,,consensus4,4,4,4.01
card_2278,otherwise,Otherwise,,describing,adv,content,0,0,fringe,1,0,,consensus8,8,2,4.85
card_2279,ounce,Ounce,,quantity,noun,content,0,0,fringe,1,0,,consensus4,4,0,1.6
card_2280,our,Our,,core,pron,content,0,0,fringe,1,0,,consensus13,13,42,10.84
card_2281,our schedule,Our schedule,,phrases,phrase,statement,0,0,fringe,2,1,card_2280|card_2550,consensus5,5,0,2.0
card_2282,ours,Ours,,core,pron,content,0,0,fringe,1,0,,consensus11,11,0,4.4
card_2283,ourselves,Ourselves,,things,noun,content,0,0,fringe,1,0,,consensus8,8,1,4.24
card_2284,outdoors,Outdoors,,describing,noun,content,0,0,fringe,1,0,,consensus12,12,2,6.45
card_2285,outer space,Outer space,,places,noun,content,0,0,fringe,2,0,,consensus6,6,0,2.4
card_2286,oven,Oven,,home,adv,content,0,0,fringe,1,0,,consensus11,11,3,6.48
card_2287,owe,Owe,,actions,noun,content,0,0,fringe,1,0,,consensus5,5,5,4.69
card_2288,own,Own,owned|owning|owns,describing,adj,content,0,0,fringe,1,0,,consensus16,16,31,11.6
card_2289,ox,Ox,,animals,noun,content,0,0,fringe,1,0,,consensus7,7,0,2.8
card_2290,oxygen,Oxygen,,things,noun,content,0,0,fringe,1,0,,consensus10,10,0,4.0
card_2291,pack,Pack,packed|packing|packs,actions,noun,content,0,0,fringe,1,0,,consensus13,13,6,8.12
card_2292,package,Package,,things,noun,content,0,0,fringe,1,0,,consensus8,8,7,6.32
card_2293,pad,Pad,,things,noun,content,0,0,fringe,1,0,,consensus11,11,5,7.09
card_2294,pain,Pain,,health,noun,content,0,0,fringe,1,0,,consensus6,6,31,7.6
card_2295,paintbrush,Paintbrush,,things,noun,content,0,0,fringe,1,0,,consensus18,18,0,7.2
card_2296,pair,Pair,,things,noun,content,0,0,fringe,1,0,,consensus5,5,8,5.3
card_2297,pajamas,Pajamas,,clothes,noun,content,0,0,fringe,1,0,,consensus20,20,0,8.0
card_2298,paleozoic,Paleozoic,,time,noun,content,0,0,fringe,1,0,,consensus6,6,0,2.4
card_2299,pan,Pan,,home,noun,content,0,0,fringe,1,0,,consensus18,18,0,7.2
card_2300,pancake,Pancake,,food,noun,content,0,0,fringe,1,0,,consensus13,13,5,7.89
card_2301,panties,Panties,,clothes,noun,content,0,0,fringe,1,0,,consensus6,6,2,4.05
card_2302,paper,Paper,,school,noun,content,0,0,fringe,1,0,,consensus22,22,22,13.5
card_2303,paper towel,Paper towel,,things,noun,content,0,0,fringe,2,1,card_2302|card_0866,consensus10,10,0,4.0
card_2304,parent,Parent,parents,people,noun,content,0,0,fringe,1,0,,consensus15,15,6,8.92
card_2305,park,Park,parking,places,noun,content,0,0,fringe,1,0,,consensus20,20,48,13.84
card_2306,parmesan cheese,Parmesan cheese,,food,noun,content,0,0,fringe,2,0,,consensus5,5,0,2.0
card_2307,part,Part,parts,ideas,noun,content,0,0,fringe,1,0,,consensus11,11,19,8.89
card_2308,particular,Particular,,describing,adj,content,0,0,fringe,1,0,,consensus6,6,8,5.7
card_2309,partner,Partner,,people,noun,content,0,0,fringe,1,0,,consensus12,12,1,5.84
card_2310,party,Party,parties|partying,people,noun,content,0,0,fringe,1,0,,consensus21,21,51,14.33
card_2311,pass,Pass,passed|passes|passing,actions,noun,content,0,0,fringe,1,0,,consensus13,13,35,10.58
card_2312,passion,Passion,,feelings,noun,feeling,0,0,fringe,1,0,,consensus4,4,0,1.6
card_2313,password,Password,,technology,noun,content,0,0,fringe,1,0,,consensus8,8,8,6.5
card_2314,past,Past,,time,noun,content,0,0,fringe,1,0,,consensus13,13,4,7.61
card_2315,pasta sauce,Pasta sauce,,food,noun,content,0,0,fringe,2,1,card_0636|card_2544,consensus7,7,0,2.8
card_2316,pastor,Pastor,,people,noun,content,0,0,fringe,1,0,,consensus7,7,1,3.84
card_2317,pastry,Pastry,,food,noun,content,0,0,fringe,1,0,,consensus8,8,2,4.85
card_2318,path,Path,,activities,noun,content,0,0,fringe,1,0,,consensus5,5,1,3.04
card_2319,patient,Patient,,people,noun,content,0,0,fringe,1,0,,consensus8,8,5,5.89
card_2320,paw,Paw,,animals,noun,content,0,0,fringe,1,0,,consensus4,4,2,3.25
card_2321,pay,Pay,paid|paying|pays,actions,noun,content,0,0,fringe,1,0,,consensus18,18,50,13.1
card_2322,peak,Peak,,quantity,noun,content,0,0,fringe,1,0,,consensus9,9,0,3.6
card_2323,peanut butter,Peanut butter,,food,noun,content,0,0,fringe,2,1,card_0640|card_1337,consensus17,17,7,9.92
card_2324,peanuts,Peanuts,,things,noun,content,0,0,fringe,1,0,,consensus8,8,13,7.16
card_2325,pee,Pee,peed|peeing|pees,things,noun,content,0,0,fringe,1,0,,consensus14,14,7,8.72
card_2326,peel,Peel,peeled|peeling|peels,actions,noun,content,0,0,fringe,1,0,,consensus12,12,0,4.8
card_2327,pelican,Pelican,,animals,adj,content,0,0,fringe,1,0,,consensus5,5,1,3.04
card_2328,penis,Penis,,body,noun,content,0,0,fringe,1,0,,consensus15,15,0,6.0
card_2329,penny,Penny,,quantity,noun,content,0,0,fringe,1,0,,consensus12,12,3,6.88
card_2330,people,People,,things,noun,content,0,0,fringe,1,0,,consensus21,21,58,14.52
card_2331,pepsi,Pepsi,,drink,noun,content,0,0,fringe,1,0,,consensus13,13,0,5.2
card_2332,percussion,Percussion,,activities,noun,content,0,0,fringe,1,0,,consensus4,4,0,1.6
card_2333,perfect,Perfect,,describing,noun,content,0,0,fringe,1,0,,consensus15,15,20,10.57
card_2334,perform,Perform,,actions,noun,content,0,0,fringe,1,0,,consensus7,7,2,4.45
card_2335,perfume,Perfume,,ideas,noun,content,0,0,fringe,1,0,,consensus11,11,1,5.44
card_2336,perhaps,Perhaps,,describing,adv,content,0,0,fringe,1,0,,consensus5,5,8,5.3
card_2337,period,Period,,health,noun,content,0,0,fringe,1,0,,consensus11,11,0,4.4
card_2338,person,Person,,things,noun,content,0,0,fringe,1,0,,consensus17,17,26,11.74
card_2339,personal,Personal,,describing,adj,content,0,0,fringe,1,0,,consensus7,7,6,5.72
card_2340,pet,Pet,pets,animals,noun,content,0,0,fringe,1,0,,consensus21,21,13,12.36
card_2341,phoenix,Phoenix,,places,noun,content,0,0,fringe,1,0,,consensus5,5,0,2.0
card_2342,phone,Phone,phones,technology,noun,content,0,0,fringe,1,0,,consensus20,20,78,14.55
card_2343,photo,Photo,,technology,noun,content,0,0,fringe,1,0,,consensus4,4,3,3.68
card_2344,photographer,Photographer,,people,noun,content,0,0,fringe,1,0,,consensus10,10,1,5.04
card_2345,physical,Physical,,describing,adj,content,0,0,fringe,1,0,,consensus10,10,3,6.08
card_2346,piano,Piano,,music,noun,content,0,0,fringe,1,0,,consensus18,18,3,9.28
card_2347,pick,Pick,picked|picking|picks,actions,noun,content,0,0,fringe,1,0,,consensus18,18,64,13.46
card_2348,pickle,Pickle,pickles,food,noun,content,0,0,fringe,1,0,,consensus6,6,6,5.32
card_2349,picnic,Picnic,,time,noun,content,0,0,fringe,1,0,,consensus4,4,1,2.64
card_2350,piece,Piece,,things,noun,content,0,0,fringe,1,0,,consensus9,9,7,6.72
card_2351,pig,Pig,,animals,noun,content,0,0,fringe,1,0,,consensus20,20,1,9.04
card_2352,pigeon,Pigeon,,animals,noun,content,0,0,fringe,1,0,,consensus4,4,0,1.6
card_2353,pill,Pill,pills,health,noun,content,0,0,fringe,1,0,,consensus4,4,11,5.33
card_2354,pillow,Pillow,,things,noun,content,0,0,fringe,1,0,,consensus20,20,12,11.85
card_2355,pilot,Pilot,,people,noun,content,0,0,fringe,1,0,,consensus17,17,0,6.8
card_2356,pint,Pint,,quantity,noun,content,0,0,fringe,1,0,,consensus6,6,0,2.4
card_2357,pirate,Pirate,,people,noun,content,0,0,fringe,1,0,,consensus11,11,1,5.44
card_2358,place,Place,placed|places|placing,places,noun,content,0,0,fringe,1,0,,consensus19,19,70,13.99
card_2359,plain,Plain,plains,describing,noun,content,0,0,fringe,1,0,,consensus8,8,3,5.28
card_2360,plan,Plan,planned|planning|plans,actions,noun,content,0,0,fringe,1,0,,consensus9,9,62,9.81
card_2361,planet,Planet,planets,nature,noun,content,0,0,fringe,1,0,,consensus18,18,1,8.24
card_2362,plant,Plant,planted|planting|plants,things,noun,content,0,0,fringe,1,0,,consensus21,21,15,12.56
card_2363,plastic,Plastic,,things,noun,content,0,0,fringe,1,0,,consensus12,12,2,6.45
card_2364,player,Player,,people,noun,content,0,0,fringe,1,0,,consensus11,11,3,6.48
card_2365,playground,Playground,,school,noun,content,0,0,fringe,1,0,,consensus11,11,0,4.4
card_2366,please ask yes no questions,Please ask yes no questions,,phrases,phrase,social,0,0,fringe,5,1,card_0171|card_1197|card_0908|card_0151|card_2443,consensus4,4,0,0.1
card_2367,please rub my,Please rub my,,phrases,phrase,social,0,0,fringe,3,1,card_0171|card_2528|card_0143,consensus5,5,0,2.0
card_2368,please say that again,Please say that again,,phrases,phrase,social,0,0,fringe,4,1,card_0171|card_0189|card_0220|card_0004,consensus10,10,0,2.5
card_2369,pliers,Pliers,,things,noun,content,0,0,fringe,1,0,,consensus10,10,0,4.0
card_2370,plug,Plug,plugged|plugging|plugs,things,noun,content,0,0,fringe,1,0,,consensus10,10,0,4.0
card_2371,plumber,Plumber,,people,noun,content,0,0,fringe,1,0,,consensus17,17,6,9.72
card_2372,plus,Plus,,core,func,content,0,0,fringe,1,0,,consensus8,8,1,4.24
card_2373,pm,Pm,,activities,noun,content,0,0,fringe,1,0,,consensus5,5,29,7.1
card_2374,pms,Pms,,describing,noun,content,0,0,fringe,1,0,,corpus29,2,29,5.9
card_2375,poached egg,Poached egg,,food,noun,content,0,0,fringe,2,0,,consensus6,6,1,3.44
card_2376,pocket,Pocket,pocketed|pocketing|pockets,things,noun,content,0,0,fringe,1,0,,consensus5,5,2,3.65
card_2377,point,Point,pointed|pointing|points,ideas,noun,content,0,0,fringe,1,0,,consensus17,17,15,10.96
card_2378,police officer,Police officer,,people,noun,content,0,0,fringe,2,0,,consensus16,16,0,6.4
card_2379,police station,Police station,,things,noun,content,0,0,fringe,2,1,card_0664|card_2698,consensus10,10,0,4.0
card_2380,polish my nails,Polish my nails,,body,noun,content,0,0,fringe,3,0,,consensus5,5,0,2.0
card_2381,pond,Pond,,nature,noun,content,0,0,fringe,1,0,,consensus19,19,0,7.6
card_2382,pool,Pool,,things,noun,content,0,0,fringe,1,0,,consensus17,17,3,8.88
card_2383,poop,Poop,poops,things,noun,content,0,0,fringe,1,0,,consensus11,11,1,5.44
card_2384,poor,Poor,poorer|poorest,describing,adj,content,0,0,fringe,1,0,,consensus16,16,1,7.44
card_2385,pop,Pop,,actions,noun,content,0,0,fringe,1,0,,consensus8,8,3,5.28
card_2386,popcorn,Popcorn,,nature,noun,content,0,0,fringe,1,0,,consensus18,18,5,9.89
card_2387,popsicle,Popsicle,,food,noun,content,0,0,fringe,1,0,,consensus18,18,0,7.2
card_2388,popular,Popular,,describing,adj,content,0,0,fringe,1,0,,consensus10,10,1,5.04
card_2389,porcupine,Porcupine,,animals,noun,content,0,0,fringe,1,0,,consensus4,4,0,1.6
card_2390,pork,Pork,,food,noun,content,0,0,fringe,1,0,,consensus18,18,2,8.85
card_2391,position,Position,,places,noun,content,0,0,fringe,1,0,,consensus5,5,4,4.41
card_2392,positive,Positive,,describing,adj,content,0,0,fringe,1,0,,consensus6,6,9,5.85
card_2393,possible,Possible,,describing,adj,content,0,0,fringe,1,0,,consensus8,8,9,6.65
card_2394,post office,Post office,,people,noun,content,0,0,fringe,2,0,,consensus10,10,3,6.08
card_2395,pot,Pot,,home,noun,content,0,0,fringe,1,0,,consensus13,13,4,7.61
card_2396,pound,Pound,,quantity,noun,content,0,0,fringe,1,0,,consensus7,7,3,4.88
card_2397,powder,Powder,powdered,things,noun,content,0,0,fringe,1,0,,consensus8,8,1,4.24
card_2398,powdered sugar,Powdered sugar,,food,noun,content,0,0,fringe,2,1,card_2397|card_2736,consensus6,6,0,2.4
card_2399,power,Power,,describing,noun,content,0,0,fringe,1,0,,consensus7,7,4,5.21
card_2400,power wheelchair,Power wheelchair,,health,noun,content,0,0,fringe,2,1,card_2399|card_0899,consensus4,4,0,1.6
card_2401,powerful,Powerful,,describing,adj,content,0,0,fringe,1,0,,consensus9,9,1,4.64
card_2402,practice,Practice,practiced|practices|practicing,activities,noun,content,0,0,fringe,1,0,,consensus11,11,4,6.81
card_2403,pray,Pray,prayed|praying|prays,actions,noun,content,0,0,fringe,1,0,,consensus19,19,9,11.05
card_2404,prayer,Prayer,prayers,activities,noun,content,0,0,fringe,1,0,,consensus8,8,1,4.24
card_2405,prefer,Prefer,,actions,noun,content,0,0,fringe,1,0,,consensus4,4,37,7.06
card_2406,pregnant,Pregnant,,describing,noun,content,0,0,fringe,1,0,,consensus12,12,0,4.8
card_2407,prepare,Prepare,prepared|prepares|preparing,actions,noun,content,0,0,fringe,1,0,,consensus9,9,11,7.33
card_2408,prescription,Prescription,,ideas,noun,content,0,0,fringe,1,0,,consensus4,4,8,4.9
card_2409,president,President,,people,noun,content,0,0,fringe,1,0,,consensus8,8,3,5.28
card_2410,president's day,President's day,,time,noun,content,0,0,fringe,2,0,,consensus8,8,0,3.2
card_2411,pressure,Pressure,,weather,noun,content,0,0,fringe,1,0,,consensus6,6,1,3.44
card_2412,pretend,Pretend,pretended|pretending|pretends,actions,noun,content,0,0,fringe,1,0,,consensus18,18,1,8.24
card_2413,previous,Previous,,describing,adj,content,0,0,fringe,1,0,,consensus14,14,0,5.6
card_2414,price,Price,,describing,noun,content,0,0,fringe,1,0,,consensus4,4,8,4.9
card_2415,princess,Princess,,people,noun,content,0,0,fringe,1,0,,consensus7,7,1,3.84
card_2416,principal,Principal,,school,noun,content,0,0,fringe,1,0,,consensus14,14,1,6.64
card_2417,print,Print,printed|printing|prints,actions,noun,content,0,0,fringe,1,0,,consensus17,17,2,8.45
card_2418,private parts,Private parts,,body,noun,content,0,0,fringe,2,0,,consensus11,11,0,4.4
card_2419,private time,Private time,,activities,phrase,content,0,0,fringe,2,0,,consensus5,5,0,2.0
card_2420,problem,Problem,,describing,noun,content,0,0,fringe,1,0,,consensus15,15,63,12.24
card_2421,professor,Professor,,people,noun,content,0,0,fringe,1,0,,consensus4,4,3,3.68
card_2422,program,Program,,ideas,noun,content,0,0,fringe,1,0,,consensus6,6,6,5.32
card_2423,project,Project,,activities,noun,content,0,0,fringe,1,0,,consensus8,8,7,6.32
card_2424,promise,Promise,promised|promises|promising,actions,noun,content,0,0,fringe,1,0,,consensus10,10,10,7.6
card_2425,propose,Propose,proposed|proposes|proposing,actions,noun,content,0,0,fringe,1,0,,consensus8,8,1,4.24
card_2426,protect,Protect,,actions,noun,content,0,0,fringe,1,0,,consensus7,7,1,3.84
card_2427,prove,Prove,,actions,noun,content,0,0,fringe,1,0,,consensus7,7,3,4.88
card_2428,province,Province,,places,noun,content,0,0,fringe,1,0,,consensus4,4,0,1.6
card_2429,psychologist,Psychologist,,people,noun,content,0,0,fringe,1,0,,consensus10,10,0,4.0
card_2430,pterodactyl,Pterodactyl,,animals,noun,content,0,0,fringe,1,0,,consensus8,8,0,3.2
card_2431,public,Public,,describing,noun,content,0,0,fringe,1,0,,consensus9,9,4,6.01
card_2432,pudding,Pudding,,food,verb,content,0,0,fringe,1,0,,consensus12,12,1,5.84
card_2433,pull,Pull,pulled|pulling|pulls,actions,noun,content,0,0,fringe,1,0,,consensus19,19,11,11.33
card_2434,punch,Punch,,actions,noun,content,0,0,fringe,1,0,,consensus7,7,1,3.84
card_2435,puppy,Puppy,,animals,adj,content,0,0,fringe,1,0,,consensus10,10,5,6.69
card_2436,pus,Pus,,time,noun,content,0,0,fringe,1,0,,consensus7,7,2,4.45
card_2437,put on,Put on,,actions,phrase,content,0,0,fringe,2,1,card_0177|card_0160,consensus11,11,12,8.25
card_2438,puzzle,Puzzle,,actions,noun,content,0,0,fringe,1,0,,consensus18,18,12,11.05
card_2439,pyramid,Pyramid,,actions,noun,content,0,0,fringe,1,0,,consensus16,16,0,6.4
card_2440,quarter,Quarter,,numbers,num,content,0,0,fringe,1,0,,consensus13,13,6,8.12
card_2441,queen,Queen,,animals,noun,content,0,0,fringe,1,0,,consensus7,7,5,5.49
card_2442,quesadilla,Quesadilla,quesadillas,food,noun,content,0,0,fringe,1,0,,consensus16,16,0,6.4
card_2443,question,Question,questions,ideas,noun,content,0,0,fringe,1,0,,consensus19,19,12,11.45
card_2444,quickly,Quickly,,describing,adv,content,0,0,fringe,1,0,,consensus5,5,12,5.85
card_2445,quit,Quit,quits|quitting,actions,noun,content,0,0,fringe,1,0,,consensus16,16,7,9.52
card_2446,quite,Quite,,describing,adv,content,0,0,fringe,1,0,,consensus4,4,13,5.56
card_2447,quiz,Quiz,,school,noun,content,0,0,fringe,1,0,,consensus7,7,0,2.8
card_2448,rabbi,Rabbi,,people,noun,content,0,0,fringe,1,0,,consensus13,13,0,5.2
card_2449,race,Race,raced|races|racing,activities,noun,content,0,0,fringe,1,0,,consensus16,16,2,8.05
card_2450,radio,Radio,,technology,noun,content,0,0,fringe,1,0,,consensus17,17,6,9.72
card_2451,rainbow,Rainbow,,nature,noun,content,0,0,fringe,1,0,,consensus18,18,1,8.24
card_2452,raincoat,Raincoat,,clothes,noun,content,0,0,fringe,1,0,,consensus11,11,0,4.4
card_2453,rainy,Rainy,rainier|rainiest,describing,noun,content,0,0,fringe,1,0,,consensus12,12,4,7.21
card_2454,raise,Raise,raised|raises|raising,actions,noun,content,0,0,fringe,1,0,,consensus6,6,5,5.09
card_2455,rake,Rake,raked|rakes|raking,actions,noun,content,0,0,fringe,1,0,,consensus18,18,0,7.2
card_2456,ramadan,Ramadan,,time,noun,content,0,0,fringe,1,0,,consensus11,11,1,5.44
card_2457,ramp,Ramp,,things,noun,content,0,0,fringe,1,0,,consensus8,8,1,4.24
card_2458,raspberry,Raspberry,raspberries,nature,noun,content,0,0,fringe,1,0,,consensus18,18,1,8.24
card_2459,rate,Rate,,time,noun,content,0,0,fringe,1,0,,consensus4,4,0,1.6
card_2460,rather,Rather,,describing,adv,content,0,0,fringe,1,0,,consensus5,5,21,6.64
card_2461,rattlesnake,Rattlesnake,,animals,noun,content,0,0,fringe,1,0,,consensus4,4,0,1.6
card_2462,ravioli,Ravioli,,food,noun,content,0,0,fringe,1,0,,consensus10,10,0,4.0
card_2463,reach,Reach,reached|reaches|reaching,actions,noun,content,0,0,fringe,1,0,,consensus11,11,10,8.0
card_2464,real,Real,,describing,adj,content,0,0,fringe,1,0,,consensus18,18,20,11.77
card_2465,realize,Realize,,actions,verb,content,0,0,fringe,1,0,,consensus8,8,6,6.12
card_2466,really,Really,,core,func,content,0,0,fringe,1,0,,consensus18,18,285,15.68
card_2467,reason,Reason,reasoned|reasoning|reasons,feelings,noun,feeling,0,0,fringe,1,0,,consensus9,9,10,7.2
card_2468,rebellion,Rebellion,,activities,noun,content,0,0,fringe,1,0,,consensus4,4,0,1.6
card_2469,receipt,Receipt,,activities,noun,content,0,0,fringe,1,0,,consensus5,5,4,4.41
card_2470,receive,Receive,received|receives|receiving,actions,noun,content,0,0,fringe,1,0,,consensus14,14,6,8.52
card_2471,recent,Recent,,describing,adj,content,0,0,fringe,1,0,,consensus9,9,2,5.25
card_2472,recess,Recess,,school,noun,content,0,0,fringe,1,0,,consensus12,12,0,4.8
card_2473,recipe,Recipe,,ideas,noun,content,0,0,fringe,1,0,,consensus6,6,9,5.85
card_2474,recliner,Recliner,,home,noun,content,0,0,fringe,1,0,,consensus9,9,0,3.6
card_2475,recognize,Recognize,,actions,verb,content,0,0,fringe,1,0,,consensus6,6,4,4.81
card_2476,recommend,Recommend,recommended,actions,noun,content,0,0,fringe,1,0,,consensus5,5,11,5.73
card_2477,reduce,Reduce,,actions,verb,content,0,0,fringe,1,0,,consensus8,8,3,5.28
card_2478,referee,Referee,,people,noun,content,0,0,fringe,1,0,,consensus12,12,1,5.84
card_2479,refried beans,Refried beans,,food,noun,content,0,0,fringe,2,0,,consensus6,6,0,2.4
card_2480,refrigerator,Refrigerator,,home,noun,content,0,0,fringe,1,0,,consensus6,6,4,4.81
card_2481,refuse,Refuse,,actions,noun,content,0,0,fringe,1,0,,consensus5,5,3,4.08
card_2482,region,Region,,places,noun,content,0,0,fringe,1,0,,consensus9,9,1,4.64
card_2483,reindeer,Reindeer,,animals,noun,content,0,0,fringe,1,0,,consensus6,6,0,2.4
card_2484,relax,Relax,relaxes|relaxing,actions,noun,content,0,0,fringe,1,0,,consensus18,18,9,10.65
card_2485,relieve,Relieve,,actions,noun,content,0,0,fringe,1,0,,consensus5,5,4,4.41
card_2486,remain,Remain,remained|remaining|remains,actions,noun,content,0,0,fringe,1,0,,consensus8,8,2,4.85
card_2487,remind,Remind,,actions,noun,content,0,0,fringe,1,0,,consensus5,5,8,5.3
card_2488,remote,Remote,,technology,noun,content,0,0,fringe,1,0,,consensus14,14,12,9.45
card_2489,renaissance,Renaissance,,time,noun,content,0,0,fringe,1,0,,consensus6,6,0,2.4
card_2490,repeat,Repeat,repeated|repeating|repeats,actions,noun,content,0,0,fringe,1,0,,consensus4,4,11,5.33
card_2491,replace,Replace,replaced|replaces|replacing,actions,verb,content,0,0,fringe,1,0,,consensus9,9,1,4.64
card_2492,reply,Reply,replied|replies|replying,actions,noun,content,0,0,fringe,1,0,,consensus4,4,4,4.01
card_2493,report,Report,,actions,noun,content,0,0,fringe,1,0,,consensus8,8,9,6.65
card_2494,reporter,Reporter,,people,noun,content,0,0,fringe,1,0,,consensus9,9,0,3.6
card_2495,reptile,Reptile,,animals,noun,content,0,0,fringe,1,0,,consensus10,10,0,4.0
card_2496,require,Require,,actions,noun,content,0,0,fringe,1,0,,consensus6,6,4,4.81
card_2497,research,Research,,activities,noun,content,0,0,fringe,1,0,,consensus7,7,2,4.45
card_2498,respond,Respond,,actions,noun,content,0,0,fringe,1,0,,consensus4,4,5,4.29
card_2499,responsible,Responsible,,describing,adj,content,0,0,fringe,1,0,,consensus7,7,3,4.88
card_2500,rest,Rest,rested|resting|rests,ideas,noun,content,0,0,fringe,1,0,,consensus12,12,35,10.18
card_2501,restaurant,Restaurant,,things,noun,content,0,0,fringe,1,0,,consensus19,19,25,12.49
card_2502,resume,Resume,,actions,noun,content,0,0,fringe,1,0,,consensus7,7,1,3.84
card_2503,return,Return,returned|returning|returns,actions,noun,content,0,0,fringe,1,0,,consensus12,12,9,8.25
card_2504,revolutionary war,Revolutionary war,,activities,phrase,content,0,0,fringe,2,0,,consensus4,4,0,1.6
card_2505,rich,Rich,richer|richest,describing,adj,content,0,0,fringe,1,0,,consensus16,16,0,6.4
card_2506,ride,Ride,ridden|rides|riding|rode,actions,noun,content,0,0,fringe,1,0,,consensus19,19,32,12.84
card_2507,ring,Ring,rang|ringing|rings,actions,noun,content,0,0,fringe,1,0,,consensus16,16,16,10.65
card_2508,rise,Rise,risen|rises|rising,actions,noun,content,0,0,fringe,1,0,,consensus9,9,1,4.64
card_2509,risk,Risk,risked|risking|risks,actions,noun,content,0,0,fringe,1,0,,consensus8,8,2,4.85
card_2510,river,River,,nature,noun,content,0,0,fringe,1,0,,consensus20,20,1,9.04
card_2511,roach,Roach,,body,noun,content,0,0,fringe,1,0,,consensus5,5,0,2.0
card_2512,road,Road,,things,noun,content,0,0,fringe,1,0,,consensus14,14,10,9.2
card_2513,roast,Roast,roasted|roasting|roasts,actions,noun,content,0,0,fringe,1,0,,consensus8,8,2,4.85
card_2514,robe,Robe,,clothes,noun,content,0,0,fringe,1,0,,consensus9,9,0,3.6
card_2515,rock,Rock,rocked|rocking|rocks,nature,noun,content,0,0,fringe,1,0,,consensus20,20,13,11.96
card_2516,rocket ship,Rocket ship,,transport,noun,content,0,0,fringe,2,1,card_0693|card_2590,consensus9,9,0,3.6
card_2517,rodeo,Rodeo,,activities,noun,content,0,0,fringe,1,0,,consensus5,5,0,2.0
card_2518,roll,Roll,rolled|rolling|rolls,actions,noun,content,0,0,fringe,1,0,,consensus12,12,9,8.25
card_2519,roller blades,Roller blades,,nature,noun,content,0,0,fringe,2,0,,consensus10,10,0,4.0
card_2520,roof,Roof,,things,noun,content,0,0,fringe,1,0,,consensus10,10,0,4.0
card_2521,room,Room,,things,noun,content,0,0,fringe,1,0,,consensus16,16,60,12.57
card_2522,rooster,Rooster,,animals,noun,content,0,0,fringe,1,0,,consensus9,9,0,3.6
card_2523,root beer,Root beer,,drink,noun,content,0,0,fringe,2,0,,consensus12,12,0,4.8
card_2524,rough,Rough,rougher|roughest,describing,noun,content,0,0,fringe,1,0,,consensus14,14,0,5.6
card_2525,round,Round,rounded|rounder|roundest|rounding|rounds,describing,noun,content,0,0,fringe,1,0,,consensus18,18,1,8.24
card_2526,routine,Routine,,activities,noun,content,0,0,fringe,1,0,,consensus4,4,0,1.6
card_2527,rowboat,Rowboat,,transport,noun,content,0,0,fringe,1,0,,consensus8,8,0,3.2
card_2528,rub,Rub,rubbed|rubbing|rubs,actions,noun,content,0,0,fringe,1,0,,consensus7,7,2,4.45
card_2529,rude,Rude,,describing,noun,content,0,0,fringe,1,0,,consensus9,9,15,7.76
card_2530,rudolph,Rudolph,,things,noun,content,0,0,fringe,1,0,,consensus10,10,0,4.0
card_2531,ruler,Ruler,,school,noun,content,0,0,fringe,1,0,,consensus7,7,0,2.8
card_2532,sadness,Sadness,,feelings,noun,feeling,0,0,fringe,1,0,,consensus4,4,0,1.6
card_2533,safe,Safe,safer|safest,feelings,adj,feeling,0,0,fringe,1,0,,consensus12,12,10,8.4
card_2534,sailboat,Sailboat,,transport,noun,content,0,0,fringe,1,0,,consensus12,12,0,4.8
card_2535,saint patrick's day,Saint patrick's day,,time,noun,content,0,0,fringe,3,0,,consensus6,6,0,2.4
card_2536,salad dressing,Salad dressing,,food,noun,content,0,0,fringe,2,1,card_0698|card_0056,consensus11,11,0,4.4
card_2537,saliva,Saliva,,body,noun,content,0,0,fringe,1,0,,consensus6,6,0,2.4
card_2538,salmon,Salmon,,animals,noun,content,0,0,fringe,1,0,,consensus9,9,3,5.68
card_2539,salsa,Salsa,,food,noun,content,0,0,fringe,1,0,,consensus18,18,1,8.24
card_2540,salty,Salty,,describing,noun,content,0,0,fringe,1,0,,consensus16,16,1,7.44
card_2541,sand,Sand,,things,noun,content,0,0,fringe,1,0,,consensus11,11,0,4.4
card_2542,sandbox,Sandbox,,things,noun,content,0,0,fringe,1,0,,consensus10,10,0,4.0
card_2543,satellite,Satellite,,things,noun,content,0,0,fringe,1,0,,consensus8,8,1,4.24
card_2544,sauce,Sauce,,food,noun,content,0,0,fringe,1,0,,consensus11,11,2,6.05
card_2545,sausage,Sausage,,food,noun,content,0,0,fringe,1,0,,consensus16,16,2,8.05
card_2546,save,Save,saved|saves|saving,actions,verb,content,0,0,fringe,1,0,,consensus15,15,10,9.6
card_2547,saw,Saw,,actions,noun,content,0,0,fringe,1,0,,consensus19,19,30,12.75
card_2548,saxophone,Saxophone,,music,noun,content,0,0,fringe,1,0,,consensus13,13,0,5.2
card_2549,scary,Scary,scarier|scariest,describing,adj,content,0,0,fringe,1,0,,consensus12,12,3,6.88
card_2550,schedule,Schedule,scheduled|schedules|scheduling,actions,noun,content,0,0,fringe,1,0,,consensus14,14,12,9.45
card_2551,science,Science,,school,noun,content,0,0,fringe,1,0,,consensus19,19,3,9.68
card_2552,scientist,Scientist,,people,noun,content,0,0,fringe,1,0,,consensus11,11,0,4.4
card_2553,scooter,Scooter,,transport,noun,content,0,0,fringe,1,0,,consensus16,16,0,6.4
card_2554,scrambled eggs,Scrambled eggs,,food,noun,content,0,0,fringe,2,0,,consensus8,8,0,3.2
card_2555,scratch,Scratch,scratched|scratches|scratching,actions,noun,content,0,0,fringe,1,0,,consensus19,19,10,11.2
card_2556,scream,Scream,,actions,noun,content,0,0,fringe,1,0,,consensus10,10,2,5.65
card_2557,screw,Screw,screws,people,noun,content,0,0,fringe,1,0,,consensus18,18,4,9.61
card_2558,screwdriver,Screwdriver,,things,noun,content,0,0,fringe,1,0,,consensus20,20,0,8.0
card_2559,scrub,Scrub,,actions,noun,content,0,0,fringe,1,0,,consensus9,9,1,4.64
card_2560,sea,Sea,,nature,noun,content,0,0,fringe,1,0,,consensus6,6,3,4.48
card_2561,sea urchin,Sea urchin,,animals,noun,content,0,0,fringe,2,0,,consensus6,6,0,2.4
card_2562,seafood,Seafood,,food,noun,content,0,0,fringe,1,0,,consensus11,11,3,6.48
card_2563,search,Search,,actions,noun,content,0,0,fringe,1,0,,consensus4,4,8,4.9
card_2564,season,Season,,time,noun,content,0,0,fringe,1,0,,consensus14,14,6,8.52
card_2565,seaweed,Seaweed,,animals,noun,content,0,0,fringe,1,0,,consensus4,4,0,1.6
card_2566,secret,Secret,,describing,noun,content,0,0,fringe,1,0,,consensus10,10,9,7.45
card_2567,seem,Seem,seemed|seeming|seems,actions,noun,content,0,0,fringe,1,0,,consensus12,12,37,10.26
card_2568,self,Self,selves,ideas,noun,content,0,0,fringe,1,0,,consensus9,9,3,5.68
card_2569,sell,Sell,,actions,noun,content,0,0,fringe,1,0,,consensus17,17,9,10.25
card_2570,send,Send,sending|sends|sent,actions,noun,content,0,0,fringe,1,0,,consensus17,17,22,11.5
card_2571,sentence,Sentence,sentences,ideas,noun,content,0,0,fringe,1,0,,consensus10,10,1,5.04
card_2572,separate,Separate,separated,actions,adj,content,0,0,fringe,1,0,,consensus7,7,1,3.84
card_2573,serious,Serious,,describing,adj,content,0,0,fringe,1,0,,consensus11,11,11,8.13
card_2574,seriously,Seriously,,describing,adv,content,0,0,fringe,1,0,,consensus5,5,9,5.45
card_2575,serve,Serve,served|serves|serving,actions,noun,content,0,0,fringe,1,0,,consensus9,9,4,6.01
card_2576,set,Set,sets|setting,actions,noun,content,0,0,fringe,1,0,,consensus12,12,21,9.44
card_2577,sex,Sex,,activities,noun,content,0,0,fringe,1,0,,consensus10,10,0,4.0
card_2578,sexual,Sexual,,describing,adj,content,0,0,fringe,1,0,,consensus7,7,3,4.88
card_2579,shake,Shake,shaken|shakes|shaking|shook,drink,noun,content,0,0,fringe,1,0,,consensus19,19,3,9.68
card_2580,shall,Shall,,core,aux,content,0,0,fringe,1,0,,consensus7,7,22,7.5
card_2581,shape,Shape,shapes,describing,noun,content,0,0,fringe,1,0,,consensus16,16,1,7.44
card_2582,share,Share,shared|shares|sharing,actions,noun,content,0,0,fringe,1,0,,consensus19,19,9,11.05
card_2583,shark,Shark,,animals,noun,content,0,0,fringe,1,0,,consensus15,15,2,7.65
card_2584,sharp,Sharp,,describing,adj,content,0,0,fringe,1,0,,consensus12,12,0,4.8
card_2585,sharpener,Sharpener,,things,noun,content,0,0,fringe,1,0,,consensus6,6,2,4.05
card_2586,shave,Shave,shaved|shaves|shaving,actions,noun,content,0,0,fringe,1,0,,consensus10,10,1,5.04
card_2587,sheet,Sheet,sheets,nature,noun,content,0,0,fringe,1,0,,consensus9,9,6,6.52
card_2588,shelf,Shelf,,things,noun,content,0,0,fringe,1,0,,consensus7,7,8,6.1
card_2589,shift,Shift,,actions,noun,content,0,0,fringe,1,0,,consensus6,6,2,4.05
card_2590,ship,Ship,,transport,noun,content,0,0,fringe,1,0,,consensus10,10,4,6.41
card_2591,shoe,Shoe,shoes,things,noun,content,0,0,fringe,1,0,,consensus20,20,44,13.71
card_2592,shoot,Shoot,shooting|shoots|shot,actions,noun,content,0,0,fringe,1,0,,consensus9,9,6,6.52
card_2593,shooting star,Shooting star,,weather,noun,content,0,0,fringe,2,1,card_2592|card_0749,consensus6,6,0,2.4
card_2594,shouldn't,Shouldn't,,core,aux,content,0,0,fringe,1,0,,consensus4,4,15,5.76
card_2595,shout,Shout,,actions,noun,content,0,0,fringe,1,0,,consensus9,9,11,7.33
card_2596,shovel,Shovel,,things,noun,content,0,0,fringe,1,0,,consensus18,18,2,8.85
card_2597,shower,Shower,showered|showering|showers,things,noun,content,0,0,fringe,1,0,,consensus20,20,12,11.85
card_2598,shut,Shut,shuts|shutting,actions,noun,content,0,0,fringe,1,0,,consensus14,14,10,9.2
card_2599,shut up,Shut up,,actions,phrase,content,0,0,fringe,2,1,card_2598|card_0243,consensus7,7,6,5.72
card_2600,shy,Shy,,feelings,adj,feeling,0,0,fringe,1,0,,consensus15,15,1,7.04
card_2601,side,Side,sided|sides|siding,places,noun,content,0,0,fringe,1,0,,consensus16,16,11,10.13
card_2602,sidewalk,Sidewalk,,things,noun,content,0,0,fringe,1,0,,consensus13,13,1,6.24
card_2603,sign,Sign,signed|signing|signs,actions,noun,content,0,0,fringe,1,0,,consensus13,13,12,9.05
card_2604,silver,Silver,,colours,adj,content,0,0,fringe,1,0,,consensus17,17,0,6.8
card_2605,simple,Simple,,describing,noun,content,0,0,fringe,1,0,,consensus10,10,3,6.08
card_2606,since,Since,,core,func,content,0,0,fringe,1,0,,consensus10,10,22,8.7
card_2607,singer,Singer,,people,noun,content,0,0,fringe,1,0,,consensus14,14,0,5.6
card_2608,single,Single,,describing,adj,content,0,0,fringe,1,0,,consensus11,11,5,7.09
card_2609,size,Size,,describing,noun,content,0,0,fringe,1,0,,consensus6,6,7,5.52
card_2610,ski,Ski,skied|skiing|skis,things,noun,content,0,0,fringe,1,0,,consensus12,12,2,6.45
card_2611,skip,Skip,skipped|skipping|skips,actions,noun,content,0,0,fringe,1,0,,consensus10,10,3,6.08
card_2612,skull,Skull,,body,noun,content,0,0,fringe,1,0,,consensus10,10,0,4.0
card_2613,skunk,Skunk,,people,noun,content,0,0,fringe,1,0,,consensus11,11,0,4.4
card_2614,sky,Sky,,nature,noun,content,0,0,fringe,1,0,,consensus16,16,2,8.05
card_2615,sled,Sled,sledding,transport,verb,content,0,0,fringe,1,0,,consensus15,15,0,6.0
card_2616,sleeping bag,Sleeping bag,,things,noun,content,0,0,fringe,2,1,card_0202|card_1225,consensus12,12,0,4.8
card_2617,sleigh,Sleigh,,transport,noun,content,0,0,fringe,1,0,,consensus6,6,0,2.4
card_2618,slice,Slice,,things,noun,content,0,0,fringe,1,0,,consensus9,9,5,6.29
card_2619,slide,Slide,slid|slides|sliding,actions,noun,content,0,0,fringe,1,0,,consensus18,18,2,8.85
card_2620,slip,Slip,,actions,noun,content,0,0,fringe,1,0,,consensus11,11,5,7.09
card_2621,slipper,Slipper,slippers,things,noun,content,0,0,fringe,1,0,,consensus14,14,5,8.29
card_2622,small,Small,smallest,describing,adj,content,0,0,fringe,1,0,,consensus17,17,13,10.76
card_2623,smell,Smell,smelled|smelling|smells,actions,noun,content,0,0,fringe,1,0,,consensus18,18,16,11.45
card_2624,smile,Smile,smiled|smiles|smiling,actions,noun,content,0,0,fringe,1,0,,consensus16,16,6,9.32
card_2625,smoke,Smoke,smoked|smokes|smoking,weather,noun,content,0,0,fringe,1,0,,consensus15,15,5,8.69
card_2626,smooth,Smooth,smoother|smoothest,describing,noun,content,0,0,fringe,1,0,,consensus15,15,0,6.0
card_2627,smoothie,Smoothie,,drink,noun,content,0,0,fringe,1,0,,consensus17,17,0,6.8
card_2628,snack,Snack,,food,noun,content,0,0,fringe,1,0,,consensus20,20,14,12.06
card_2629,sneeze,Sneeze,sneezed|sneezes|sneezing,describing,noun,content,0,0,fringe,1,0,,consensus16,16,0,6.4
card_2630,snore,Snore,,actions,noun,content,0,0,fringe,1,0,,consensus8,8,2,4.85
card_2631,snowboarding,Snowboarding,,activities,verb,content,0,0,fringe,1,0,,consensus4,4,0,1.6
card_2632,snowflake,Snowflake,,weather,noun,content,0,0,fringe,1,0,,consensus5,5,0,2.0
card_2633,snowplow,Snowplow,,transport,noun,content,0,0,fringe,1,0,,consensus12,12,0,4.8
card_2634,snowsuit,Snowsuit,,clothes,noun,content,0,0,fringe,1,0,,consensus9,9,0,3.6
card_2635,soccer,Soccer,,play,noun,content,0,0,fringe,1,0,,consensus19,19,3,9.68
card_2636,social studies,Social studies,,activities,phrase,content,0,0,fringe,2,0,,consensus9,9,0,3.6
card_2637,social worker,Social worker,,people,noun,content,0,0,fringe,2,0,,consensus10,10,1,5.04
card_2638,sock,Sock,,clothes,noun,content,0,0,fringe,1,0,,consensus4,4,10,5.2
card_2639,soda,Soda,,drink,noun,content,0,0,fringe,1,0,,consensus17,17,12,10.65
card_2640,sofa,Sofa,,home,noun,content,0,0,fringe,1,0,,consensus6,6,1,3.44
card_2641,soldier,Soldier,,people,noun,content,0,0,fringe,1,0,,consensus11,11,0,4.4
card_2642,solid,Solid,,describing,adj,content,0,0,fringe,1,0,,consensus7,7,5,5.49
card_2643,solo,Solo,,activities,noun,content,0,0,fringe,1,0,,consensus9,9,0,3.6
card_2644,solve,Solve,,actions,noun,content,0,0,fringe,1,0,,consensus10,10,5,6.69
card_2645,somebody,Somebody,,core,pron,content,0,0,fringe,1,0,,consensus12,12,5,7.49
card_2646,somehow,Somehow,,describing,noun,content,0,0,fringe,1,0,,consensus9,9,2,5.25
card_2647,someone,Someone,,core,pron,content,0,0,fringe,1,0,,consensus10,10,37,9.46
card_2648,something,Something,,core,pron,content,0,0,fringe,1,0,,consensus15,15,150,13.53
card_2649,sometime,Sometime,,describing,adv,content,0,0,fringe,1,0,,consensus9,9,19,8.09
card_2650,somewhere,Somewhere,,describing,adv,content,0,0,fringe,1,0,,consensus13,13,24,10.03
card_2651,somewhere else,Somewhere else,,things,noun,content,0,0,fringe,2,1,card_2650|card_1657,consensus6,6,4,4.81
card_2652,song,Song,songs,ideas,noun,content,0,0,fringe,1,0,,consensus21,21,21,13.04
card_2653,sore,Sore,,health,noun,content,0,0,fringe,1,0,,consensus11,11,12,8.25
card_2654,sore throat,Sore throat,,describing,phrase,content,0,0,fringe,2,1,card_2653|card_0784,consensus9,9,1,4.64
card_2655,sort,Sort,sorted|sorting|sorts,ideas,noun,content,0,0,fringe,1,0,,consensus5,5,8,5.3
card_2656,soul,Soul,,things,noun,content,0,0,fringe,1,0,,consensus5,5,5,4.69
card_2657,sound,Sound,sounded|sounding|sounds,describing,noun,content,0,0,fringe,1,0,,consensus11,11,126,11.67
card_2658,sounds good,Sounds good,,describing,phrase,content,0,0,fringe,2,1,card_2657|card_0081,consensus8,8,21,7.84
card_2659,sour,Sour,,actions,noun,content,0,0,fringe,1,0,,consensus18,18,2,8.85
card_2660,sour cream,Sour cream,,food,noun,content,0,0,fringe,2,1,card_2659|card_1510,consensus15,15,0,6.0
card_2661,south,South,,places,noun,content,0,0,fringe,1,0,,consensus14,14,1,6.64
card_2662,soy sauce,Soy sauce,,food,noun,content,0,0,fringe,2,0,,consensus8,8,0,3.2
card_2663,space shuttle,Space shuttle,,transport,noun,content,0,0,fringe,2,0,,consensus6,6,0,2.4
card_2664,spaghetti,Spaghetti,,food,noun,content,0,0,fringe,1,0,,consensus20,20,3,10.08
card_2665,spare,Spare,,actions,noun,content,0,0,fringe,1,0,,consensus6,6,2,4.05
card_2666,sparrow,Sparrow,,animals,noun,content,0,0,fringe,1,0,,consensus5,5,0,2.0
card_2667,spatula,Spatula,,home,noun,content,0,0,fringe,1,0,,consensus10,10,0,4.0
card_2668,speaker,Speaker,,technology,noun,content,0,0,fringe,1,0,,consensus6,6,1,3.44
card_2669,special,Special,,describing,adj,content,0,0,fringe,1,0,,consensus13,13,26,10.14
card_2670,specific,Specific,,describing,adj,content,0,0,fringe,1,0,,consensus6,6,7,5.52
card_2671,speed,Speed,sped|speeding|speeds,time,noun,content,0,0,fringe,1,0,,consensus6,6,9,5.85
card_2672,spell,Spell,spelled|spelling|spells,describing,noun,content,0,0,fringe,1,0,,consensus14,14,3,7.68
card_2673,spend,Spend,spending|spends|spent,actions,noun,content,0,0,fringe,1,0,,consensus14,14,18,10.02
card_2674,sphere,Sphere,,describing,adv,content,0,0,fringe,1,0,,consensus15,15,0,6.0
card_2675,spice,Spice,spices,things,noun,content,0,0,fringe,1,0,,consensus10,10,5,6.69
card_2676,spicy,Spicy,,describing,noun,content,0,0,fringe,1,0,,consensus17,17,4,9.21
card_2677,spider,Spider,,animals,noun,content,0,0,fringe,1,0,,consensus20,20,5,10.69
card_2678,spill,Spill,spilled|spilling|spills,actions,noun,content,0,0,fringe,1,0,,consensus12,12,0,4.8
card_2679,spine,Spine,,body,noun,content,0,0,fringe,1,0,,consensus11,11,0,4.4
card_2680,spirit,Spirit,,things,noun,content,0,0,fringe,1,0,,consensus10,10,1,5.04
card_2681,splash,Splash,splashed|splashes|splashing,actions,noun,content,0,0,fringe,1,0,,consensus9,9,2,5.25
card_2682,sponge,Sponge,,actions,noun,content,0,0,fringe,1,0,,consensus13,13,0,5.2
card_2683,sport,Sport,sports,activities,noun,content,0,0,fringe,1,0,,consensus16,16,6,9.32
card_2684,spray,Spray,sprayed|spraying|sprays,things,noun,content,0,0,fringe,1,0,,consensus6,6,2,4.05
card_2685,sprinkles,Sprinkles,,food,noun,content,0,0,fringe,1,0,,consensus5,5,1,3.04
card_2686,sprite,Sprite,,things,noun,content,0,0,fringe,1,0,,consensus14,14,0,5.6
card_2687,square root,Square root,,quantity,noun,content,0,0,fringe,2,0,,consensus4,4,0,1.6
card_2688,squash,Squash,,drink,noun,content,0,0,fringe,1,0,,consensus5,5,1,3.04
card_2689,squeeze,Squeeze,squeezed|squeezes|squeezing,actions,noun,content,0,0,fringe,1,0,,consensus12,12,1,5.84
card_2690,squid,Squid,,food,noun,content,0,0,fringe,1,0,,consensus4,4,1,2.64
card_2691,squirrel,Squirrel,,animals,noun,content,0,0,fringe,1,0,,consensus19,19,0,7.6
card_2692,st,St,,things,noun,content,0,0,fringe,1,0,,consensus6,6,5,5.09
card_2693,staff,Staff,,people,noun,content,0,0,fringe,1,0,,consensus11,11,0,4.4
card_2694,stairs,Stairs,,things,noun,content,0,0,fringe,1,0,,consensus17,17,3,8.88
card_2695,stamp,Stamp,,actions,noun,content,0,0,fringe,1,0,,consensus8,8,4,5.61
card_2696,start,Start,started|starting|starts,actions,noun,content,0,0,fringe,1,0,,consensus19,19,87,14.32
card_2697,state,State,stated|states|stating,places,noun,content,0,0,fringe,1,0,,consensus12,12,7,7.92
card_2698,station,Station,,things,noun,content,0,0,fringe,1,0,,consensus9,9,10,7.2
card_2699,stay,Stay,stayed|staying|stays,actions,noun,content,0,0,fringe,1,0,,consensus17,17,46,12.58
card_2700,steak,Steak,,food,noun,content,0,0,fringe,1,0,,consensus17,17,12,10.65
card_2701,steal,Steal,,actions,noun,content,0,0,fringe,1,0,,consensus7,7,10,6.4
card_2702,stegosaurus,Stegosaurus,,animals,noun,content,0,0,fringe,1,0,,consensus14,14,0,5.6
card_2703,step,Step,stepped|stepping|steps,activities,noun,content,0,0,fringe,1,0,,consensus7,7,13,6.76
card_2704,sticker,Sticker,,school,noun,content,0,0,fringe,1,0,,consensus4,4,0,1.6
card_2705,still,Still,,core,func,content,0,0,fringe,1,0,,consensus10,10,83,10.65
card_2706,sting,Sting,stinging|stings|stung,actions,verb,content,0,0,fringe,1,0,,consensus9,9,1,4.64
card_2707,stingray,Stingray,,animals,noun,content,0,0,fringe,1,0,,consensus5,5,0,2.0
card_2708,stink bug,Stink bug,,animals,noun,content,0,0,fringe,2,0,,consensus4,4,0,1.6
card_2709,stinky,Stinky,,describing,noun,content,0,0,fringe,1,0,,consensus8,8,2,4.85
card_2710,stir,Stir,stirred|stirring|stirs,actions,noun,content,0,0,fringe,1,0,,consensus18,18,0,7.2
card_2711,stock,Stock,stocking,things,noun,content,0,0,fringe,1,0,,consensus11,11,3,6.48
card_2712,stop sign,Stop sign,,phrases,phrase,refuse,0,1,fringe,2,1,card_0213|card_2603,consensus10,10,0,4.0
card_2713,store,Store,stored|stores|storing,things,noun,content,0,0,fringe,1,0,,consensus19,19,88,14.33
card_2714,stork,Stork,,animals,noun,content,0,0,fringe,1,0,,consensus7,7,0,2.8
card_2715,storm,Storm,stormed|storming|storms,weather,noun,content,0,0,fringe,1,0,,consensus19,19,7,10.72
card_2716,story,Story,,ideas,noun,content,0,0,fringe,1,0,,consensus22,22,11,12.53
card_2717,stove,Stove,,home,noun,content,0,0,fringe,1,0,,consensus19,19,1,8.64
card_2718,straight,Straight,,describing,noun,content,0,0,fringe,1,0,,consensus18,18,5,9.89
card_2719,strange,Strange,stranger|strangest,describing,noun,content,0,0,fringe,1,0,,consensus13,13,1,6.24
card_2720,street,Street,,things,noun,content,0,0,fringe,1,0,,consensus15,15,19,10.49
card_2721,streetcar,Streetcar,,transport,noun,content,0,0,fringe,1,0,,consensus5,5,0,2.0
card_2722,stretch,Stretch,stretched|stretches|stretching,actions,noun,content,0,0,fringe,1,0,,consensus11,11,5,7.09
card_2723,string,String,strings,things,noun,content,0,0,fringe,1,0,,consensus12,12,1,5.84
card_2724,string cheese,String cheese,,food,noun,content,0,0,fringe,2,1,card_2723|card_0377,consensus10,10,0,4.0
card_2725,strong,Strong,stronger|strongest,describing,adj,content,0,0,fringe,1,0,,consensus17,17,4,9.21
card_2726,student,Student,,school,noun,content,0,0,fringe,1,0,,consensus19,19,2,9.25
card_2727,study,Study,studied|studies|studying,activities,noun,content,0,0,fringe,1,0,,consensus16,16,26,11.34
card_2728,stuff,Stuff,stuffed|stuffing|stuffs,things,noun,content,0,0,fringe,1,0,,consensus11,11,26,9.34
card_2729,stupid,Stupid,,describing,adj,content,0,0,fringe,1,0,,consensus12,12,9,8.25
card_2730,submarine,Submarine,,transport,noun,content,0,0,fringe,1,0,,consensus16,16,0,6.4
card_2731,subtraction,Subtraction,,activities,noun,content,0,0,fringe,1,0,,consensus6,6,0,2.4
card_2732,subway,Subway,,things,noun,content,0,0,fringe,1,0,,consensus14,14,2,7.25
card_2733,success,Success,,activities,noun,content,0,0,fringe,1,0,,consensus5,5,4,4.41
card_2734,such,Such,,describing,adj,content,0,0,fringe,1,0,,consensus4,4,26,6.54
card_2735,suck,Suck,sucked|sucking|sucks,actions,noun,content,0,0,fringe,1,0,,consensus9,9,14,7.66
card_2736,sugar,Sugar,,food,noun,content,0,0,fringe,1,0,,consensus20,20,23,12.77
card_2737,suggest,Suggest,,actions,noun,content,0,0,fringe,1,0,,consensus7,7,6,5.72
card_2738,sun hat,Sun hat,,clothes,noun,content,0,0,fringe,2,1,card_0760|card_1875,consensus9,9,0,3.6
card_2739,sunflower seeds,Sunflower seeds,,food,noun,content,0,0,fringe,2,0,,consensus9,9,0,3.6
card_2740,sunny,Sunny,,describing,noun,content,0,0,fringe,1,0,,consensus15,15,13,9.96
card_2741,sunrise,Sunrise,,time,noun,content,0,0,fringe,1,0,,consensus7,7,0,2.8
card_2742,sunscreen,Sunscreen,,things,noun,content,0,0,fringe,1,0,,consensus15,15,3,8.08
card_2743,sunset,Sunset,,time,noun,content,0,0,fringe,1,0,,consensus7,7,0,2.8
card_2744,super,Super,,describing,noun,content,0,0,fringe,1,0,,consensus11,11,5,7.09
card_2745,support,Support,supported,actions,noun,content,0,0,fringe,1,0,,consensus4,4,11,5.33
card_2746,suppose,Suppose,supposed|supposes|supposing,actions,noun,content,0,0,fringe,1,0,,consensus4,4,24,6.43
card_2747,surf,Surf,surfed|surfing|surfs,activities,noun,content,0,0,fringe,1,0,,consensus5,5,3,4.08
card_2748,surgery,Surgery,,ideas,noun,content,0,0,fringe,1,0,,consensus16,16,8,9.7
card_2749,surprise,Surprise,surprising,feelings,adj,feeling,0,0,fringe,1,0,,consensus16,16,23,11.17
card_2750,sushi,Sushi,,food,noun,content,0,0,fringe,1,0,,consensus5,5,8,5.3
card_2751,swear,Swear,,actions,noun,content,0,0,fringe,1,0,,consensus6,6,2,4.05
card_2752,sweat,Sweat,sweats,body,noun,content,0,0,fringe,1,0,,consensus13,13,3,7.28
card_2753,sweater,Sweater,,clothes,noun,content,0,0,fringe,1,0,,consensus13,13,10,8.8
card_2754,sweatshirt,Sweatshirt,,clothes,noun,content,0,0,fringe,1,0,,consensus8,8,1,4.24
card_2755,sweep,Sweep,,actions,noun,content,0,0,fringe,1,0,,consensus7,7,2,4.45
card_2756,sweet,Sweet,,describing,noun,content,0,0,fringe,1,0,,consensus19,19,18,12.02
card_2757,swim,Swim,swam|swimming|swims,actions,noun,content,0,0,fringe,1,0,,consensus19,19,6,10.52
card_2758,swimsuit,Swimsuit,,clothes,noun,content,0,0,fringe,1,0,,consensus13,13,0,5.2
card_2759,swing,Swing,swings|swung,actions,verb,content,0,0,fringe,1,0,,consensus18,18,2,8.85
card_2760,switch,Switch,switches,technology,noun,content,0,0,fringe,1,0,,consensus11,11,16,8.65
card_2761,syrup,Syrup,,food,noun,content,0,0,fringe,1,0,,consensus13,13,1,6.24
card_2762,tablespoon,Tablespoon,,quantity,noun,content,0,0,fringe,1,0,,consensus10,10,0,4.0
card_2763,tablet,Tablet,,technology,noun,content,0,0,fringe,1,0,,consensus14,14,5,8.29
card_2764,taco,Taco,tacos,people,noun,content,0,0,fringe,1,0,,consensus20,20,3,10.08
card_2765,tadpole,Tadpole,,animals,noun,content,0,0,fringe,1,0,,consensus11,11,0,4.4
card_2766,tail,Tail,,animals,noun,content,0,0,fringe,1,0,,consensus6,6,0,2.4
card_2767,take off,Take off,,actions,phrase,content,0,0,fringe,2,1,card_0216|card_0157,consensus11,11,1,5.44
card_2768,tambourine,Tambourine,,music,noun,content,0,0,fringe,1,0,,consensus9,9,0,3.6
card_2769,tan,Tan,,colours,adj,content,0,0,fringe,1,0,,consensus8,8,4,5.61
card_2770,tank,Tank,,transport,noun,content,0,0,fringe,1,0,,consensus12,12,4,7.21
card_2771,tape,Tape,,things,noun,content,0,0,fringe,1,0,,consensus20,20,2,9.65
card_2772,tartar sauce,Tartar sauce,,food,noun,content,0,0,fringe,2,0,,consensus11,11,0,4.4
card_2773,taste,Taste,tasted|tastes|tasting,ideas,noun,content,0,0,fringe,1,0,,consensus21,21,15,12.56
card_2774,tasty,Tasty,tastier|tastiest,describing,noun,content,0,0,fringe,1,0,,consensus12,12,3,6.88
card_2775,teach,Teach,taught|teaches|teaching,actions,noun,content,0,0,fringe,1,0,,consensus18,18,14,11.26
card_2776,team,Team,,people,noun,content,0,0,fringe,1,0,,consensus15,15,11,9.73
card_2777,teapot,Teapot,,home,noun,content,0,0,fringe,1,0,,consensus5,5,0,2.0
card_2778,tear,Tear,tears,actions,noun,content,0,0,fringe,1,0,,consensus10,10,4,6.41
card_2779,tease,Tease,teased|teases|teasing,actions,noun,content,0,0,fringe,1,0,,consensus6,6,3,4.48
card_2780,teaspoon,Teaspoon,,quantity,noun,content,0,0,fringe,1,0,,consensus10,10,2,5.65
card_2781,technology,Technology,,activities,noun,content,0,0,fringe,1,0,,consensus16,16,2,8.05
card_2782,telescope,Telescope,,actions,noun,content,0,0,fringe,1,0,,consensus15,15,0,6.0
card_2783,television,Television,,technology,noun,content,0,0,fringe,1,0,,consensus9,9,10,7.2
card_2784,temperature,Temperature,,health,noun,content,0,0,fringe,1,0,,consensus8,8,7,6.32
card_2785,tendon,Tendon,,body,noun,content,0,0,fringe,1,0,,consensus9,9,0,3.6
card_2786,tent,Tent,,things,noun,content,0,0,fringe,1,0,,consensus13,13,1,6.24
card_2787,teriyaki,Teriyaki,,food,noun,content,0,0,fringe,1,0,,consensus4,4,0,1.6
card_2788,terrible,Terrible,,feelings,adj,feeling,0,0,fringe,1,0,,consensus13,13,9,8.65
card_2789,test,Test,tested|testing|tests,school,noun,content,0,0,fringe,1,0,,consensus18,18,26,12.14
card_2790,tetra,Tetra,,animals,noun,content,0,0,fringe,1,0,,consensus5,5,0,2.0
card_2791,text,Text,texts,technology,noun,content,0,0,fringe,1,0,,consensus12,12,20,9.37
card_2792,texting,Texting,,actions,verb,content,0,0,fringe,1,0,,consensus7,7,1,3.84
card_2793,th,Th,,time,noun,content,0,0,fringe,1,0,,consensus5,5,16,6.25
card_2794,than,Than,,core,func,content,0,0,fringe,1,0,,consensus9,9,53,9.58
card_2795,thank,Thank,thanked|thanking,actions,noun,social,0,0,fringe,1,0,,consensus12,12,427,13.89
card_2796,thanks,Thanks,,ideas,noun,social,0,0,fringe,1,0,,consensus6,6,427,11.49
card_2797,thanksgiving,Thanksgiving,,time,verb,content,0,0,fringe,1,0,,consensus18,18,0,7.2
card_2798,that's,That's,,things,noun,content,0,0,fringe,1,0,,consensus4,4,244,9.85
card_2799,the,The,,core,func,content,0,0,fringe,1,0,,consensus18,18,2799,19.11
card_2800,theater,Theater,,things,noun,content,0,0,fringe,1,0,,consensus12,12,7,7.92
card_2801,their,Their,,core,pron,content,0,0,fringe,1,0,,consensus13,13,32,10.44
card_2802,theirs,Theirs,,core,pron,content,0,0,fringe,1,0,,consensus14,14,0,5.6
card_2803,them,Them,,core,pron,content,0,0,fringe,1,0,,consensus18,18,149,14.72
card_2804,therapist,Therapist,,people,noun,content,0,0,fringe,1,0,,consensus13,13,0,5.2
card_2805,therapy,Therapy,therapies,health,noun,content,0,0,fringe,1,0,,consensus13,13,6,8.12
card_2806,there's,There's,,things,noun,content,0,0,fringe,1,0,,corpus41,3,41,6.81
card_2807,thermostat,Thermostat,,things,noun,content,0,0,fringe,1,0,,consensus7,7,3,4.88
card_2808,thing,Thing,,describing,noun,content,0,0,fringe,1,0,,consensus19,19,115,14.73
card_2809,things,Things,,things,noun,content,0,0,fringe,1,0,,corpus115,3,115,8.33
card_2810,this app is called coughdrop,This app is called coughdrop,,phrases,phrase,statement,0,0,fringe,5,0,,consensus9,9,0,2.1
card_2811,though,Though,,core,func,content,0,0,fringe,1,0,,consensus12,12,56,10.86
card_2812,thousand,Thousand,,numbers,num,content,0,0,fringe,1,0,,consensus6,6,0,2.4
card_2813,thread,Thread,,actions,noun,content,0,0,fringe,1,0,,consensus8,8,2,4.85
card_2814,throw,Throw,threw|throwing|thrown|throws,actions,noun,content,0,0,fringe,1,0,,consensus18,18,12,11.05
card_2815,thunder,Thunder,thundering,activities,noun,content,0,0,fringe,1,0,,consensus19,19,2,9.25
card_2816,tick,Tick,,activities,noun,content,0,0,fringe,1,0,,consensus5,5,0,2.0
card_2817,ticket,Ticket,,ideas,noun,content,0,0,fringe,1,0,,consensus11,11,21,9.04
card_2818,tight,Tight,tighter|tightest,describing,noun,content,0,0,fringe,1,0,,consensus16,16,1,7.44
card_2819,tights,Tights,,clothes,noun,content,0,0,fringe,1,0,,consensus5,5,0,2.0
card_2820,time out,Time out,,activities,phrase,content,0,0,fringe,2,1,card_0790|card_0164,consensus6,6,0,2.4
card_2821,tire,Tire,,things,noun,content,0,0,fringe,1,0,,consensus11,11,64,10.66
card_2822,tissue,Tissue,,body,noun,content,0,0,fringe,1,0,,consensus8,8,2,4.85
card_2823,toaster,Toaster,,people,noun,content,0,0,fringe,1,0,,consensus11,11,0,4.4
card_2824,today is,Today is,,actions,phrase,content,0,0,fringe,2,1,card_0233|card_0105,consensus6,6,3,4.48
card_2825,toe,Toe,toes,body,noun,content,0,0,fringe,1,0,,consensus15,15,3,8.08
card_2826,together,Together,,describing,adv,content,0,0,fringe,1,0,,consensus15,15,33,11.29
card_2827,toilet,Toilet,bathroom|restroom|loo|wc,things,noun,content,0,0,fringe,1,0,,consensus20,20,6,10.92
card_2828,toilet paper,Toilet paper,,things,noun,content,0,0,fringe,2,1,card_2827|card_2302,consensus14,14,2,7.25
card_2829,ton,Ton,,quantity,noun,content,0,0,fringe,1,0,,consensus4,4,2,3.25
card_2830,tonga,Tonga,,places,noun,content,0,0,fringe,1,0,,consensus4,4,0,1.6
card_2831,tonight,Tonight,,describing,noun,content,0,0,fringe,1,0,,consensus18,18,80,13.79
card_2832,tool,Tool,tools,things,noun,content,0,0,fringe,1,0,,consensus13,13,0,5.2
card_2833,tooth,Tooth,,body,noun,content,0,0,fringe,1,0,,consensus8,8,0,3.2
card_2834,top,Top,,places,noun,content,0,0,fringe,1,0,,consensus19,19,10,11.2
card_2835,tornado,Tornado,,weather,noun,content,0,0,fringe,1,0,,consensus17,17,2,8.45
card_2836,tortellini,Tortellini,,food,noun,content,0,0,fringe,1,0,,consensus8,8,0,3.2
card_2837,tortilla,Tortilla,,food,noun,content,0,0,fringe,1,0,,consensus8,8,0,3.2
card_2838,total,Total,,describing,adj,content,0,0,fringe,1,0,,consensus11,11,6,7.32
card_2839,totally,Totally,,describing,adv,content,0,0,fringe,1,0,,consensus11,11,6,7.32
card_2840,touch,Touch,touched|touches|touching,actions,noun,content,0,0,fringe,1,0,,consensus16,16,7,9.52
card_2841,tough,Tough,,describing,adj,content,0,0,fringe,1,0,,consensus6,6,3,4.48
card_2842,tow truck,Tow truck,,transport,noun,content,0,0,fringe,2,0,,consensus7,7,0,2.8
card_2843,towards,Towards,,things,noun,content,0,0,fringe,1,0,,consensus5,5,2,3.65
card_2844,town,Town,,places,noun,content,0,0,fringe,1,0,,consensus15,15,12,9.85
card_2845,toy,Toy,,things,noun,content,0,0,fringe,1,0,,consensus18,18,2,8.85
card_2846,track,Track,,nature,noun,content,0,0,fringe,1,0,,consensus10,10,5,6.69
card_2847,trade,Trade,,activities,noun,content,0,0,fringe,1,0,,consensus5,5,1,3.04
card_2848,trailer,Trailer,,people,noun,content,0,0,fringe,1,0,,consensus14,14,3,7.68
card_2849,transportation,Transportation,,things,noun,content,0,0,fringe,1,0,,consensus9,9,2,5.25
card_2850,trash,Trash,trashed|trashes|trashing,things,noun,content,0,0,fringe,1,0,,consensus4,4,8,4.9
card_2851,travel,Travel,traveled|traveling|travels,actions,noun,content,0,0,fringe,1,0,,consensus18,18,8,10.5
card_2852,tray,Tray,,things,noun,content,0,0,fringe,1,0,,consensus6,6,3,4.48
card_2853,treat,Treat,,actions,noun,content,0,0,fringe,1,0,,consensus9,9,5,6.29
card_2854,treatment,Treatment,,activities,noun,content,0,0,fringe,1,0,,consensus5,5,4,4.41
card_2855,trial,Trial,,activities,noun,content,0,0,fringe,1,0,,consensus4,4,1,2.64
card_2856,triassic,Triassic,,time,adj,content,0,0,fringe,1,0,,consensus4,4,0,1.6
card_2857,triceratops,Triceratops,,animals,noun,content,0,0,fringe,1,0,,consensus16,16,0,6.4
card_2858,trick,Trick,tricked|tricking|tricks,activities,noun,content,0,0,fringe,1,0,,consensus8,8,1,4.24
card_2859,trilobite,Trilobite,,animals,noun,content,0,0,fringe,1,0,,consensus4,4,0,1.6
card_2860,trip,Trip,tripped|tripping|trips,activities,noun,content,0,0,fringe,1,0,,consensus18,18,18,11.62
card_2861,trombone,Trombone,,music,noun,content,0,0,fringe,1,0,,consensus10,10,0,4.0
card_2862,tropical storm,Tropical storm,,weather,noun,content,0,0,fringe,2,0,,consensus5,5,0,2.0
card_2863,trouble,Trouble,troubled|troubles|troubling,ideas,noun,content,0,0,fringe,1,0,,consensus16,16,15,10.56
card_2864,trout,Trout,,food,noun,content,0,0,fringe,1,0,,consensus5,5,0,2.0
card_2865,truck,Truck,trucks,transport,noun,content,0,0,fringe,1,0,,consensus19,19,4,10.01
card_2866,true,True,truer|truest,describing,adj,content,0,0,fringe,1,0,,consensus17,17,18,11.22
card_2867,trumpet,Trumpet,,music,noun,content,0,0,fringe,1,0,,consensus13,13,0,5.2
card_2868,trunk,Trunk,,nature,noun,content,0,0,fringe,1,0,,consensus13,13,0,5.2
card_2869,truth,Truth,,ideas,noun,content,0,0,fringe,1,0,,consensus10,10,3,6.08
card_2870,tuna,Tuna,,nature,noun,content,0,0,fringe,1,0,,consensus14,14,5,8.29
card_2871,turtle,Turtle,,clothes,noun,content,0,0,fringe,1,0,,consensus13,13,3,7.28
card_2872,tutor,Tutor,tutored|tutoring|tutors,people,noun,content,0,0,fringe,1,0,,consensus5,5,5,4.69
card_2873,tv,Tv,tvs,technology,noun,content,0,0,fringe,1,0,,consensus15,15,71,12.41
card_2874,tweet tweet,Tweet tweet,,activities,phrase,content,0,0,fringe,2,0,,consensus4,4,0,1.6
card_2875,twitter,Twitter,,activities,noun,content,0,0,fringe,1,0,,consensus13,13,0,5.2
card_2876,tylenol,Tylenol,,things,noun,content,0,0,fringe,1,0,,consensus5,5,3,4.08
card_2877,type,Type,,ideas,noun,content,0,0,fringe,1,0,,consensus8,8,37,8.66
card_2878,tyrannosaurus rex,Tyrannosaurus rex,,animals,noun,content,0,0,fringe,2,0,,consensus14,14,0,5.6
card_2879,uh oh,Uh oh,,places,noun,content,0,0,fringe,2,0,,consensus15,15,2,7.65
card_2880,um,Um,,things,noun,content,0,0,fringe,1,0,,consensus4,4,7,4.72
card_2881,uncle,Uncle,,people,noun,content,0,0,fringe,1,0,,consensus15,15,6,8.92
card_2882,undershirt,Undershirt,,clothes,noun,content,0,0,fringe,1,0,,consensus7,7,0,2.8
card_2883,understand,Understand,understanding|understands|understood,actions,noun,content,0,0,fringe,1,0,,consensus19,19,26,12.54
card_2884,underwear,Underwear,,clothes,adj,content,0,0,fringe,1,0,,consensus21,21,3,10.48
card_2885,undress,Undress,,actions,noun,content,0,0,fringe,1,0,,consensus10,10,0,4.0
card_2886,unfair,Unfair,,describing,noun,content,0,0,fringe,1,0,,consensus9,9,1,4.64
card_2887,unicycle,Unicycle,,transport,noun,content,0,0,fringe,1,0,,consensus7,7,0,2.8
card_2888,uniform,Uniform,,clothes,noun,content,0,0,fringe,1,0,,consensus4,4,2,3.25
card_2889,united states,United states,,places,noun,content,0,0,fringe,2,0,,consensus5,5,1,3.04
card_2890,universe,Universe,,nature,noun,content,0,0,fringe,1,0,,consensus17,17,0,6.8
card_2891,university,University,,people,noun,content,0,0,fringe,1,0,,consensus4,4,3,3.68
card_2892,unless,Unless,,core,func,content,0,0,fringe,1,0,,consensus8,8,4,5.61
card_2893,until,Until,,core,func,content,0,0,fringe,1,0,,consensus13,13,35,10.58
card_2894,upset,Upset,,feelings,adj,feeling,0,0,fringe,1,0,,consensus11,11,10,8.0
card_2895,upstairs,Upstairs,,describing,noun,content,0,0,fringe,1,0,,consensus15,15,4,8.41
card_2896,urgent,Urgent,,describing,noun,content,0,0,fringe,1,0,,consensus7,7,3,4.88
card_2897,us,Us,,core,pron,content,0,0,fringe,1,0,,consensus19,19,53,13.58
card_2898,use,Use,used|uses|using,actions,noun,content,0,0,fringe,1,0,,consensus19,19,112,14.69
card_2899,usual,Usual,,describing,adj,content,0,0,fringe,1,0,,consensus10,10,13,7.96
card_2900,usually,Usually,,describing,adv,content,0,0,fringe,1,0,,consensus6,6,13,6.36
card_2901,vacation,Vacation,vacationed|vacationing|vacations,time,noun,content,0,0,fringe,1,0,,consensus18,18,18,11.62
card_2902,vacuum,Vacuum,vacuumed|vacuuming|vacuums,describing,noun,content,0,0,fringe,1,0,,consensus17,17,2,8.45
card_2903,vagina,Vagina,,body,noun,content,0,0,fringe,1,0,,consensus15,15,0,6.0
card_2904,valentine's day,Valentine's day,,time,noun,content,0,0,fringe,2,0,,consensus9,9,0,3.6
card_2905,value,Value,,ideas,noun,content,0,0,fringe,1,0,,consensus8,8,4,5.61
card_2906,vanilla,Vanilla,,nature,noun,content,0,0,fringe,1,0,,consensus16,16,2,8.05
card_2907,vase,Vase,,things,noun,content,0,0,fringe,1,0,,consensus10,10,0,4.0
card_2908,vegetable,Vegetable,,food,noun,content,0,0,fringe,1,0,,consensus21,21,5,11.09
card_2909,vehicle,Vehicle,vehicles,transport,noun,content,0,0,fringe,1,0,,consensus8,8,1,4.24
card_2910,velociraptor,Velociraptor,,animals,noun,content,0,0,fringe,1,0,,consensus12,12,0,4.8
card_2911,venus,Venus,,nature,noun,content,0,0,fringe,1,0,,consensus18,18,0,7.2
card_2912,veteran's day,Veteran's day,,time,noun,content,0,0,fringe,2,0,,consensus4,4,0,1.6
card_2913,veterinarian,Veterinarian,,people,adj,content,0,0,fringe,1,0,,consensus15,15,1,7.04
card_2914,video,Video,,technology,noun,content,0,0,fringe,1,0,,consensus15,15,10,9.6
card_2915,video game,Video game,,technology,noun,content,0,0,fringe,2,1,card_2914|card_1794,consensus17,17,3,8.88
card_2916,view,View,viewed|viewing|views,ideas,noun,content,0,0,fringe,1,0,,consensus6,6,5,5.09
card_2917,violin,Violin,,music,noun,content,0,0,fringe,1,0,,consensus17,17,0,6.8
card_2918,virus,Virus,,animals,noun,content,0,0,fringe,1,0,,consensus4,4,0,1.6
card_2919,visit,Visit,visited|visiting|visits,actions,noun,content,0,0,fringe,1,0,,consensus17,17,66,13.11
card_2920,visitor,Visitor,visitors,people,noun,content,0,0,fringe,1,0,,consensus6,6,2,4.05
card_2921,voice,Voice,,describing,noun,content,0,0,fringe,1,0,,consensus10,10,8,7.3
card_2922,volcano,Volcano,,nature,noun,content,0,0,fringe,1,0,,consensus10,10,0,4.0
card_2923,volume,Volume,,technology,noun,content,0,0,fringe,1,0,,consensus10,10,13,7.96
card_2924,volunteer,Volunteer,volunteered|volunteering|volunteers,actions,noun,content,0,0,fringe,1,0,,consensus8,8,1,4.24
card_2925,vomit,Vomit,,health,noun,content,0,0,fringe,1,0,,consensus9,9,0,3.6
card_2926,vote,Vote,,actions,noun,content,0,0,fringe,1,0,,corpus25,2,25,5.69
card_2927,waffle,Waffle,waffles,food,noun,content,0,0,fringe,1,0,,consensus17,17,2,8.45
card_2928,wagon,Wagon,,transport,noun,content,0,0,fringe,1,0,,consensus11,11,1,5.44
card_2929,waiter,Waiter,,people,noun,content,0,0,fringe,1,0,,consensus10,10,0,4.0
card_2930,wake,Wake,wakes|waking|woke|woken,actions,noun,content,0,0,fringe,1,0,,consensus15,15,17,10.34
card_2931,wall,Wall,,things,noun,content,0,0,fringe,1,0,,consensus14,14,4,8.01
card_2932,wallet,Wallet,,things,noun,content,0,0,fringe,1,0,,consensus9,9,8,6.9
card_2933,walnuts,Walnuts,,food,noun,content,0,0,fringe,1,0,,consensus6,6,1,3.44
card_2934,war,War,,activities,noun,content,0,0,fringe,1,0,,consensus4,4,4,4.01
card_2935,wardrobe,Wardrobe,closet,home,noun,content,0,0,fringe,1,0,,consensus6,6,0,2.4
card_2936,warm,Warm,warmed|warmer|warmest|warming|warms,describing,noun,content,0,0,fringe,1,0,,consensus16,16,24,11.23
card_2937,warn,Warn,warning,actions,noun,content,0,0,fringe,1,0,,consensus4,4,4,4.01
card_2938,wash hands,Wash hands,,activities,phrase,content,0,0,fringe,2,1,card_0249|card_1866,consensus8,8,0,3.2
card_2939,washing machine,Washing machine,,home,noun,content,0,0,fringe,2,1,card_0249|card_3054,consensus14,14,1,6.64
card_2940,wasn't,Wasn't,,core,aux,content,0,0,fringe,1,0,,consensus5,5,17,6.34
card_2941,wave,Wave,waved|waves|waving,activities,noun,content,0,0,fringe,1,0,,consensus14,14,3,7.68
card_2942,way,Way,,describing,noun,content,0,0,fringe,1,0,,consensus14,14,109,12.65
card_2943,ways,Ways,,things,noun,content,0,0,fringe,1,0,,corpus109,2,109,7.85
card_2944,weak,Weak,weaker|weakest,describing,adj,content,0,0,fringe,1,0,,consensus17,17,1,7.84
card_2945,wear,Wear,wearing|wears|wore|worn,actions,noun,content,0,0,fringe,1,0,,consensus19,19,43,13.28
card_2946,weather,Weather,,weather,noun,content,0,0,fringe,1,0,,consensus20,20,46,13.78
card_2947,web,Web,,nature,noun,content,0,0,fringe,1,0,,consensus4,4,3,3.68
card_2948,website,Website,,technology,noun,content,0,0,fringe,1,0,,consensus6,6,1,3.44
card_2949,wedding,Wedding,,activities,noun,content,0,0,fringe,1,0,,consensus8,8,14,7.26
card_2950,weed,Weed,,nature,noun,content,0,0,fringe,1,0,,consensus11,11,1,5.44
card_2951,weekday,Weekday,,time,noun,content,0,0,fringe,1,0,,consensus8,8,0,3.2
card_2952,weigh,Weigh,,actions,noun,content,0,0,fringe,1,0,,consensus9,9,1,4.64
card_2953,weird,Weird,,describing,noun,content,0,0,fringe,1,0,,consensus11,11,14,8.46
card_2954,welcome,Welcome,welcomed|welcomes|welcoming,actions,noun,content,0,0,fringe,1,0,,consensus7,7,46,8.58
card_2955,well,Well,,describing,adv,content,0,0,fringe,1,0,,consensus10,10,348,12.78
card_2956,wendy's,Wendy's,,things,noun,content,0,0,fringe,1,0,,consensus7,7,1,3.84
card_2957,went,Went,,actions,verb,content,0,0,fringe,1,0,,consensus7,7,1034,13.21
card_2958,weren't,Weren't,,core,aux,content,0,0,fringe,1,0,,consensus5,5,4,4.41
card_2959,west,West,,places,noun,content,0,0,fringe,1,0,,consensus14,14,0,5.6
card_2960,whale,Whale,,people,noun,content,0,0,fringe,1,0,,consensus13,13,0,5.2
card_2961,what are you doing,What are you doing,,phrases,phrase,question,0,0,fringe,4,1,card_0256|card_0011|card_0273|card_0052,consensus10,10,12,6.35
card_2962,what do you like to do,What do you like to do,,phrases,phrase,question,0,0,fringe,6,1,card_0256|card_0052|card_0273|card_0120|card_0231|card_0052,consensus5,5,1,1.54
card_2963,what kind of work do you do,What kind of work do you do,,phrases,phrase,question,0,0,fringe,7,1,card_0256|card_2033|card_0156|card_0267|card_0052|card_0273|card_0052,consensus5,5,0,0.5
card_2964,what time,What time,,phrases,phrase,question,0,0,fringe,2,1,card_0256|card_0790,corpus109,3,109,8.25
card_2965,what will we do,What will we do,,phrases,phrase,question,0,0,fringe,4,1,card_0256|card_0262|card_0251|card_0052,consensus5,5,0,0.5
card_2966,what's,What's,,things,noun,content,0,0,fringe,1,0,,corpus97,3,97,8.08
card_2967,whatever,Whatever,,describing,other,content,0,0,fringe,1,0,,consensus6,6,13,6.36
card_2968,wheel,Wheel,,things,noun,content,0,0,fringe,1,0,,consensus7,7,4,5.21
card_2969,when is your birthday,When is your birthday,,phrases,phrase,question,0,0,fringe,4,1,card_0257|card_0105|card_0274|card_0022,consensus5,5,2,2.15
card_2970,whenever,Whenever,,things,noun,content,0,0,fringe,1,0,,consensus4,4,7,4.72
card_2971,where do you go to school,Where do you go to school,,phrases,phrase,question,0,0,fringe,6,1,card_0258|card_0052|card_0273|card_0080|card_0231|card_0704,consensus5,5,0,0.5
card_2972,where do you live,Where do you live,,phrases,phrase,question,0,0,fringe,4,1,card_0258|card_0052|card_0273|card_0123,consensus6,6,4,3.31
card_2973,while,While,,core,func,content,0,0,fringe,1,0,,consensus8,8,57,9.29
card_2974,whip,Whip,whipped,actions,noun,content,0,0,fringe,1,0,,consensus4,4,3,3.68
card_2975,whisper,Whisper,whispered|whispering|whispers,actions,noun,content,0,0,fringe,1,0,,consensus11,11,0,4.4
card_2976,whistle,Whistle,whistled|whistles|whistling,actions,noun,content,0,0,fringe,1,0,,consensus12,12,0,4.8
card_2977,whoever,Whoever,,things,noun,content,0,0,fringe,1,0,,consensus6,6,2,4.05
card_2978,whole,Whole,,describing,adj,content,0,0,fringe,1,0,,consensus14,14,5,8.29
card_2979,whose,Whose,,questions,wh,question,0,0,fringe,1,0,,consensus12,12,4,7.21
card_2980,wide,Wide,,describing,adj,content,0,0,fringe,1,0,,consensus11,11,3,6.48
card_2981,wife,Wife,,people,noun,content,0,0,fringe,1,0,,consensus13,13,13,9.16
card_2982,wifi,Wifi,,technology,noun,content,0,0,fringe,1,0,,consensus5,5,0,2.0
card_2983,wild,Wild,wilder|wildest,describing,noun,content,0,0,fringe,1,0,,consensus15,15,1,7.04
card_2984,wildfire,Wildfire,,activities,noun,content,0,0,fringe,1,0,,consensus6,6,0,2.4
card_2985,wind,Wind,winds,weather,noun,content,0,0,fringe,1,0,,consensus19,19,3,9.68
card_2986,windy,Windy,,describing,noun,content,0,0,fringe,1,0,,consensus15,15,2,7.65
card_2987,wing,Wing,wings,animals,verb,content,0,0,fringe,1,0,,consensus6,6,6,5.32
card_2988,winner,Winner,,people,noun,content,0,0,fringe,1,0,,consensus14,14,0,5.6
card_2989,wipe,Wipe,wiped|wipes|wiping,actions,noun,content,0,0,fringe,1,0,,consensus13,13,0,5.2
card_2990,wish,Wish,wished|wishes|wishing,feelings,adj,feeling,0,0,fringe,1,0,,consensus16,16,65,12.68
card_2991,wizard,Wizard,,people,noun,content,0,0,fringe,1,0,,consensus7,7,1,3.84
card_2992,woman,Woman,,people,noun,content,0,0,fringe,1,0,,consensus19,19,5,10.29
card_2993,won't,Won't,,core,aux,content,0,0,fringe,1,0,,consensus8,8,52,9.16
card_2994,wonder,Wonder,wondered|wondering|wonders,actions,noun,content,0,0,fringe,1,0,,consensus9,9,19,8.09
card_2995,wonderful,Wonderful,,describing,noun,content,0,0,fringe,1,0,,consensus15,15,22,10.7
card_2996,wonton,Wonton,,food,noun,content,0,0,fringe,1,0,,consensus9,9,0,3.6
card_2997,wood,Wood,,things,noun,content,0,0,fringe,1,0,,consensus13,13,1,6.24
card_2998,woodpecker,Woodpecker,,animals,noun,content,0,0,fringe,1,0,,consensus4,4,0,1.6
card_2999,woods,Woods,,things,noun,content,0,0,fringe,1,0,,consensus13,13,1,6.24
card_3000,word,Word,words,ideas,noun,content,0,0,fringe,1,0,,consensus18,18,3,9.28
card_3001,worker,Worker,,people,noun,content,0,0,fringe,1,0,,consensus9,9,2,5.25
card_3002,worksheet,Worksheet,,school,noun,content,0,0,fringe,1,0,,consensus7,7,0,2.8
card_3003,world,World,,nature,noun,content,0,0,fringe,1,0,,consensus18,18,9,10.65
card_3004,worm,Worm,,animals,noun,content,0,0,fringe,1,0,,consensus18,18,1,8.24
card_3005,worry,Worry,worries|worrying,actions,noun,content,0,0,fringe,1,0,,consensus9,9,44,9.31
card_3006,worse,Worse,,describing,adj,content,0,0,fringe,1,0,,consensus13,13,5,7.89
card_3007,worship,Worship,,activities,noun,content,0,0,fringe,1,0,,consensus6,6,0,2.4
card_3008,worst,Worst,,describing,adj,content,0,0,fringe,1,0,,consensus10,10,4,6.41
card_3009,worth,Worth,,describing,noun,content,0,0,fringe,1,0,,consensus8,8,8,6.5
card_3010,wouldn't,Wouldn't,,core,aux,content,0,0,fringe,1,0,,consensus5,5,29,7.1
card_3011,wow,Wow,,ideas,noun,backlog,0,0,curated,1,0,,curated+corpus40,2,40,9.37
card_3012,wrap,Wrap,wrapped|wrapping|wraps,actions,noun,content,0,0,fringe,1,0,,consensus7,7,5,5.49
card_3013,wreath,Wreath,,things,noun,content,0,0,fringe,1,0,,consensus11,11,0,4.4
card_3014,wrench,Wrench,,actions,noun,content,0,0,fringe,1,0,,consensus18,18,1,8.24
card_3015,wrestle,Wrestle,wrestled|wrestles|wrestling,actions,noun,content,0,0,fringe,1,0,,consensus10,10,0,4.0
card_3016,wrist,Wrist,,body,noun,content,0,0,fringe,1,0,,consensus9,9,1,4.64
card_3017,write,Write,writes|writing|written|wrote,actions,noun,content,0,0,fringe,1,0,,consensus19,19,30,12.75
card_3018,xbox,Xbox,,things,noun,content,0,0,fringe,1,0,,consensus13,13,0,5.2
card_3019,xylophone,Xylophone,,music,noun,content,0,0,fringe,1,0,,consensus9,9,0,3.6
card_3020,yankees,Yankees,,people,noun,content,0,0,fringe,1,0,,consensus4,4,3,3.68
card_3021,yawn,Yawn,yawned|yawning|yawns,actions,noun,content,0,0,fringe,1,0,,consensus15,15,0,6.0
card_3022,yeah,Yeah,,describing,noun,affirm,0,0,fringe,1,0,,corpus141,3,141,8.63
card_3023,year,Year,,time,noun,content,0,0,fringe,1,0,,consensus18,18,54,13.21
card_3024,years,Years,,time,noun,content,0,0,fringe,1,0,,corpus54,2,54,6.81
card_3025,yell,Yell,yelled|yelling|yells,actions,noun,content,0,0,fringe,1,0,,consensus17,17,20,11.37
card_3026,yet,Yet,,core,func,content,0,0,fringe,1,0,,consensus9,9,77,10.14
card_3027,yoga,Yoga,,ideas,noun,content,0,0,fringe,1,0,,consensus11,11,1,5.44
card_3028,yom kippur,Yom kippur,,time,noun,content,0,0,fringe,2,0,,consensus9,9,0,3.6
card_3029,you too,You too,,phrases,phrase,statement,0,0,fringe,2,1,card_0273|card_0235,consensus4,4,14,5.66
card_3030,you're,You're,,things,noun,content,0,0,fringe,1,0,,consensus4,4,171,9.32
card_3031,young,Young,youngest,describing,adj,content,0,0,fringe,1,0,,consensus19,19,5,10.29
card_3032,your turn,Your turn,,phrases,phrase,statement,0,0,fringe,2,1,card_0274|card_0240,consensus11,11,5,7.09
card_3033,yourself,Yourself,,core,pron,content,0,0,fringe,1,0,,consensus8,8,41,8.81
card_3034,youtube,Youtube,,technology,noun,content,0,0,fringe,1,0,,consensus13,13,1,6.24
card_3035,zap,Zap,,activities,noun,content,0,0,fringe,1,0,,consensus4,4,0,1.6
card_3036,zip,Zip,zipped|zipping|zips,actions,noun,content,0,0,fringe,1,0,,consensus16,16,1,7.44
card_3037,ziti,Ziti,,food,noun,content,0,0,fringe,1,0,,consensus4,4,0,1.6
card_3038,zoo,Zoo,,things,noun,content,0,0,fringe,1,0,,consensus19,19,3,9.68
card_3039,zoom,Zoom,,technology,noun,content,0,0,fringe,1,0,,consensus7,7,0,2.8
card_3040,clear,Clear,cleared|clearer|clearest|clearing|clears,describing,adj,backlog,1,0,core,1,0,,curated+consensus20,20,9,14.45
card_3041,aid,Aid,,actions,noun,backlog,0,0,curated,1,0,,curated,0,8,6.3
card_3042,bless,Bless,blessed|blesses|blessing,actions,noun,backlog,0,0,curated,1,0,,curated,3,6,7.12
card_3043,communication book,Communication book,,ideas,noun,backlog,0,0,curated,2,0,,curated,0,0,3.0
card_3044,convey,Convey,,actions,noun,backlog,0,0,curated,1,0,,curated,0,6,5.92
card_3045,dude,Dude,,people,noun,backlog,0,0,curated,1,0,,curated,1,14,7.46
card_3046,everyday,Everyday,,describing,noun,backlog,0,0,curated,1,0,,curated,0,8,6.3
card_3047,garbage,Garbage,,things,noun,backlog,0,0,curated,1,0,,curated,3,8,7.5
card_3048,grab,Grab,,actions,noun,backlog,0,0,curated,1,0,,curated,0,40,8.57
card_3049,i use this to talk,I use this to talk,,phrases,phrase,backlog,0,0,curated,5,1,card_0102|card_2898|card_0227|card_0231|card_0217,curated,0,1,2.54
card_3050,i'll type it,I'll type it,,phrases,phrase,backlog,0,0,curated,3,1,card_0102|card_2877|card_0106,curated,0,0,3.0
card_3051,indeed,Indeed,,describing,adv,backlog,0,0,curated,1,0,,curated,3,12,8.05
card_3052,legs,Legs,,describing,noun,backlog,0,0,curated,1,0,,curated,1,29,8.5
card_3053,loudly,Loudly,,describing,adv,backlog,0,0,curated,1,0,,curated,1,6,6.32
card_3054,machine,Machine,,things,noun,backlog,0,0,curated,1,0,,curated,2,9,7.25
card_3055,market,Market,,activities,noun,backlog,0,0,curated,1,0,,curated,3,6,7.12
card_3056,medication,Medication,,health,noun,backlog,0,0,curated,1,0,,curated,2,22,8.5
card_3057,moment,Moment,,time,noun,backlog,0,0,curated,1,0,,curated,3,15,8.36
card_3058,my talker,My talker,,phrases,phrase,backlog,0,0,curated,2,0,,curated,0,0,3.0
card_3059,online,Online,,describing,noun,backlog,0,0,curated,1,0,,curated,3,17,8.54
card_3060,sleepy,Sleepy,,feelings,adj,backlog,0,0,curated,1,0,,curated,1,12,7.25
card_3061,speak,Speak,speaking|speaks|spoke|spoken,actions,noun,backlog,0,0,curated,1,0,,curated+consensus16,16,50,15.3
card_3062,speech device,Speech device,,things,noun,backlog,0,0,curated,2,0,,curated,0,0,3.0
card_3063,thankful,Thankful,,describing,noun,backlog,0,0,curated,1,0,,curated,1,6,6.32
card_3064,traffic,Traffic,,things,noun,backlog,0,0,curated,1,0,,curated,3,16,8.45
card_3065,trust,Trust,,actions,noun,backlog,0,0,curated,1,0,,curated,1,16,7.65
card_3066,vet,Vet,,people,noun,backlog,0,0,curated,1,0,,curated,1,6,6.32
card_3067,wait for me to finish,Wait for me to finish,,actions,phrase,backlog,0,0,curated,5,1,card_0245|card_0074|card_0134|card_0231|card_1733,curated,0,0,1.5
card_3068,highlighter,Highlighter,,things,noun,content,0,0,fringe,1,0,,consensus9,9,0,3.6
card_3069,absolutely,Absolutely,,describing,adv,backlog,0,0,curated,1,0,,curated,3,11,7.93
card_3070,advice,Advice,,ideas,noun,backlog,0,0,curated,1,0,,curated+consensus4,4,5,7.29
card_3071,comedy,Comedy,,ideas,noun,backlog,0,0,curated,1,0,,curated,3,3,6.28
card_3072,community,Community,,people,noun,backlog,0,0,curated,1,0,,curated+consensus6,6,1,6.44
card_3073,culture,Culture,,people,noun,backlog,0,0,curated,1,0,,curated,3,2,5.85
card_3074,curry,Curry,,food,noun,backlog,0,0,curated,1,0,,curated,1,1,4.44
card_3075,doctor's,Doctor's,,things,noun,backlog,0,0,curated,1,0,,curated,3,8,7.5
card_3076,energy,Energy,,weather,noun,backlog,0,0,curated,1,0,,curated,2,2,5.45
card_3077,experience,Experience,,ideas,noun,backlog,0,0,curated,1,0,,curated,2,3,5.88
card_3078,favourite,Favourite,,people,noun,backlog,0,0,curated,1,0,,curated,0,9,6.45
card_3079,festival,Festival,,time,noun,backlog,0,0,curated,1,0,,curated,1,2,5.05
card_3080,haha,Haha,,things,noun,backlog,0,0,curated,1,0,,curated,0,12,6.85
card_3081,haircut,Haircut,,body,noun,backlog,0,0,curated,1,0,,curated,0,5,5.69
card_3082,hmm,Hmm,,things,noun,backlog,0,0,curated,1,0,,curated,0,2,4.65
card_3083,hopefully,Hopefully,,describing,adv,backlog,0,0,curated,1,0,,curated,1,15,7.56
card_3084,lawn,Lawn,,places,noun,backlog,0,0,curated,1,0,,curated,3,7,7.32
card_3085,massage,Massage,,actions,noun,backlog,0,0,curated,1,0,,curated,0,5,5.69
card_3086,noise,Noise,,activities,noun,backlog,0,0,curated,1,0,,curated,3,8,7.5
card_3087,oh,Oh,,places,noun,backlog,0,0,curated,1,0,,curated+consensus13,13,197,16.13
card_3088,outfit,Outfit,,people,noun,backlog,0,0,curated,1,0,,curated,0,6,5.92
card_3089,sale,Sale,,activities,noun,backlog,0,0,curated,1,0,,curated,0,14,7.06
card_3090,screen,Screen,,technology,noun,backlog,0,0,curated,1,0,,curated,3,10,7.8
card_3091,tradition,Tradition,,ideas,noun,backlog,0,0,curated,1,0,,curated,0,0,3.0
card_3092,unfortunately,Unfortunately,,describing,adv,backlog,0,0,curated,1,0,,curated,0,8,6.3
card_3093,yum,Yum,,things,noun,backlog,0,0,curated,1,0,,curated,1,1,4.44
card_3094,passport,Passport,,ideas,noun,content,0,0,fringe,1,0,,consensus8,8,2,4.85
