category,name_en,description_brief
animal,Alligator,"A cartoonish alligator primarily green with a lighter green underbelly and black dots along its back to represent scales. It's in profile with a long snout, visible sharp teeth, small limbs, and a ridged back, indicative of its scaly texture. Its tail curves upward and its eyes are simple and lack detail."
animal,Anaconda,"The illustration depicts a brown snake or serpent-like creature with green patterns resembling moss or natural camouflage markings. The creature has a simplified, rounded head with a stoic expression and a single visible fang protruding from the mouth. Its body coils at the base, creating a circular shape with the tail extending out from the coil, ending with a tapered tip. No specific environment or background details are present."
animal,Anchovies,"The illustration features four stylized fish lined up next to each other, depicted in a simplistic manner with smooth, curved bodies tapering to a point at one end. Each fish has a visible eye, gill, and a slight smile. The coloring is minimal, with shades of gray and beige indicating the body of the fish, and white for the belly area. The style is cartoonish and friendly."
animal,Ant,"A simplified, stylized illustration of an ant with a segmented body, six legs and two antennae protruding from its head. The ant and its parts are colored in brown. The image has a cartoon-like feel with clean lines and no shading, and it is presented on a plain white backdrop."
animal,Anteater,"A stylized, cartoon-like drawing of an anteater in side profile with its long snout pointing to the left. It has a rounded midsection, short legs, an elongated and striped tail and a pattern of triangular shapes along its back. The anteater is depicted against a plain white background and colored in shades of brown, tan, and white."
animal,Aquarium,"A rectangular aquarium with a blue water background sits on a flat, black surface. Inside, there's a layer of beige sand, a grey rock to the left and two green aquatic plants with wavy leaves on the right. The top has a black border or frame with small square shapes."
animal,Bat,"A cartoon bat with large, outstretched dark grey or black wings. Its body is fluffy with a lighter grey fur. The bat has a round face with pointed ears and small, dark eyes. It is in a front-facing position and is symmetrical. The background is white."
animal,Bear,"An illustration of a bear standing on all fours with a predominantly light to medium brown coat, with darker shading around its belly and limbs. Its face is detailed with small circular ears, black eyes, and a darker snout. The image represents the word ""곰,"" translating to ""bear"" from Korean."
animal,Bee,"A cartoon representation of a bee with a round face, large, friendly eyes, and a body of segmented in yellow and black stripes. It has two large, transparent wings with a light blue pattern and prominent, curvy antennae extending from its head."
animal,Bellflower,"A stylized flower with a single large, purple bloom in a five-pointed star-like shape with lighter purple details and a small white center with yellow stamen-like accents. There is a closed flower bud with a geometric, faceted appearance to the right of the bloom. The stem is green with a few leaves protruding at different points."
animal,Bird,"A stylized bird in mid-flight. The bird is predominantly blue with lighter blue shades depicting its wings and tail feathers. The bird's belly is white, and it has yellow feet extending backward. The bird's beak is pink-red, and a simple black line represents the eye. The overall style of the drawing is cartoonish and simple, with clean lines and solid colors."
animal,Birdcage,"A simple, stylized illustration of a birdcage represented by a series of white vertical and horizontal lines forming a grid-like pattern. Inside the cage, there is a horizontal wooden perch positioned toward the upper half and a shallow green tray at the bottom. A small loop or ring is featured on top of the cage. There is no bird depicted in the cage."
animal,Butterfly,A stylized butterfly with two pairs of yellow wings with pink spots. The body of the butterfly is brown with segmented sections and features two black antennae protruding from the top of its head. The style is cartoon-like with a flat color palette and no complex shading.
animal,Butterfly,"A stylized butterfly with two large wings with a checkered pattern primarily in shades of cream or light beige. The butterfly has a darker brown segmented body and two antennae with small bulbous ends pointing upwards. It is a simple, cartoonish representation."
animal,Cactus,"A green cactus with black thorns in a beige or light brown container, drawn in a simple cartoon style. There's a red triangular shape to the right of the cactus, with a dotted red elliptical line connecting the tip of one of the cactus arms to the tip of the triangle, indicating a directional or pointing gesture towards the triangle."
animal,Camel,"A stylized image of a Bactrian camel with two humps. The camel, in profile view facing to the left, is drawn with smooth lines and minimal detail, using shades of brown for the body and darker colors for the outline and to define the legs, hooves, and facial features. The camel's expression is neutral and its tail hangs down behind its back legs."
animal,Carnation,"Two flowers on a single stem. A larger flower with bright red petals and a visible core on the left, and a smaller bloom with soft pink petals on the right. Both flowers have green leaves attached to the stem. The background is plain and white."
animal,Carp,"A cartoon-style image of a fish with a streamlined body, a gradient of gray to white from back to belly. It has lighter oval spots along its flank, a simple black eye with a yellow outline and fins indicated with darker gray lines. The fish is depicted in profile and appears to be in a neutral, swimming position."
animal,Carp,"A cartoon-style fish oriented horizontally with a pattern of alternating light and dark brown horizontal stripes along its body and a series of grey spots below the dorsal fin line. It has a yellow eye with a black pupil and a noticeable lateral line along the midsection of the fish’s body. The fins are simple, with the tail fin having a slight fork. The fish appears harmless and friendly."
animal,Carp,"The illustration depicts a stylized cartoon fish with a pink-toned body, cream belly, and diagonal crosshatch markings. It has a simple facial expression and its fins and tail match the body's color. The dorsal fin is large and prominent, while the pectoral and tail fins are smaller and proportionate to the body. The design is flat and graphic with well-defined outlines."
animal,Cat,"An illustration of a grey cat sitting upright with its tail curving on the ground. It has a lighter-colored muzzle and chest, large light amber eyes with a soft expression, pointed pink ears, and visible whiskers. The cat is looking straight ahead."
animal,Centipede,"The illustration depicts a stylized centipede with a segmented body in varying shades of yellow and brown. It has numerous short legs protruding from its sides and two long antennae at the front of its head. The centipede is depicted in profile, seeming to crawl from top to bottom, with a dotted line trailing behind it, suggesting movement."
animal,Chameleon,"A simplified, cartoon-like drawing of a chameleon in a side profile with its coiled tail and a raised ridge on its back. The chameleon is predominantly green with yellow stripes, with a prominent eye looking forward, its limbs splayed out as if it is walking. The background is plain and white."
animal,Chicken,"A stylized chicken with a prominent red comb and wattle, primarily brown with a lighter brown or tan chest, yellow feet, and a yellow beak. It has an upright stance with a tail displayed in an upward curve. The chicken appears cartoonish and simplistic."
animal,Chicks,"Two cartoon-style yellow birds standing in profile. They have rounded bodies with simplistic details indicating feathers, and their feet and beaks are in a light pink shade. The birds appear to be chicks based on their shapes and proportions, against a plain background."
animal,Chimpanzee,"A cartoon monkey sits down, holding a partially peeled banana. The monkey is facing slightly to the left with its head turned, sporting a calm expression. Its body is predominantly grey, its face and ears are brownish-grey, and the banana is yellow. The image symbolizes the term ""치멤팬지"" (chimpanzee), a transliteration error for ""chimpanzee"" in Korean."
animal,Chipmunk,"A stylized image of a chipmunk facing the right side. It has a chunky body with shades of light and dark brown, a white underbelly, and distinctive dark stripes running along its back and head. Its eyes and nose are simplified, and it has small ears. Its bushy tail is curved upward, and it appears to be standing on its hind legs with its front paws held close to its chest. The style of the illustration is cartoonish with clean lines."
animal,Chrysanthemums,"Two stylized yellow chrysanthemum flowers, with their iconic curled and layered petals. Each flower is connected to a separate slender green stem and both have a pair of green leaves projecting from their respective stems. This image might symbolize ""국화"" (chrysanthemum) in Korean."
animal,Clamshell,"A closed clamshell with characteristic concentric ridges and a slightly shiny, smooth surface. Its coloration is primarily in shades of brown, tan, and white with hints of a yellowish hue near the hinge area. The clamshell is depicted in a cartoonish style with a simple, clean outline."
animal,Clownfish,"Two cartoon clownfish are illustrated. One is orange with three white stripes and black outlines around the stripes. The other clownfish is yellow with identical white stripes and black outlines. They are presented with side profiles and have visible fins, tails, and eyes. The style is simple and child-friendly."
animal,Cobra,"A stylized illustration of an upright cobra with its hood expanded. The cobra is painted in shades of yellow and tan with brown spots, displaying a natural appearance. Its face is simplistic with two eyes and a mild expression, and its body coils at the base."
animal,Comb,"A simple illustration of a comb. The comb has a straight handle with a brown base and a series of fine teeth extending from a solid white spine. The comb is depicted at an angle, giving a three-dimensional feel to the object."
animal,Coral,"Two stylized coral branches are depicted. The coral on the left is pink with darker pink spots, while the one on the right is purple with similar patterning. Both corals have branching, irregular structures with rounded ends."
animal,Cow,"A simple cartoonish illustration of a cow. The cow has a brown body, lighter brown snout, small straight tail with a tuft at the end, two small horns, and it's standing in a profile view with all four legs visible. The cow has a neutral expression."
animal,Cow,"A stylized image of a cow in side profile with prominent horns, ears, and hooves. The cow is predominantly brown with lighter brown coloration along its back. The cow is standing on all four legs, appearing calm and stationary with no background detail. The art style is simple and cartoonish."
animal,Crab,"A stylized illustration of a red crab. It has a prominent, rounded carapace with a pattern of dots, possibly representing texture or spots. The crab has eight legs and two raised claws that are symmetrical. The style is cartoonish, with bold outlines and a simplified form. The illustration lacks a background and is presented on a plain white surface."
animal,Crane,"A stylized illustration of a crane with a long neck and long legs, a predominantly white body and black tips on its wings. There is a small red patch above its eye. The crane is standing in a profile view, looking towards the right of the image, with its beak slightly open."
animal,Daffodils,"An illustration featuring two yellow daffodils with green stems and leaves. One bloom is fully facing forward, showcasing its trumpet-like corona, while the other is angled to show the side profile of the flower."
animal,Dandelion,"Two stylized yellow flowers with green leaves. The larger flower stands taller with a thick green stem and a circular bloom composed of many elongated, yellow petals. The smaller flower mirrors the larger one but on a shorter stem, positioned to the right and slightly below the larger flower. Both flowers emerge from a shared clump of four green leaves at the base. The illustration represents the term ""민들레,"" which translates to ""dandelion"" in English."
animal,Dayfly,"A stylized, cartoonish butterfly with large, patterned wings that are a pale, tan color with a crisscross design. The body of the butterfly is elongated and segmented, resembling a caterpillar, and colored in a yellow hue with darker segments. One antenna stretches out from the head, curving elegantly. The style of the drawing is basic with clean lines and minimal shading."
animal,Deer,"A stylized drawing of a deer in a side profile stance. It has large, branching antlers, with a warm brown body, lighter brown spots on its back, white spots on its hindquarters, and pale beige antlers. The deer's eyes, nose, and hooves are outlined in a darker brown."
animal,Dolphin,"Illustration of a dolphin depicted in side profile, gliding to the right. Its dorsal fin, pectoral fins, and tail are clearly visible. The dolphin has a long beak-like snout, with mouth curved upwards, expressing friendliness. The color of the dolphin is light blue with grey hint. The illustration style is minimalistic with clean lines."
animal,Dragon,"A stylized illustration of a dragon in a side profile with its body stretched out horizontally. The dragon has a green scaly body with lighter green underbelly scales, four leg-like appendages with claws, and a tail that ends in a red, flame-like tip. Its head features sharp teeth, an open mouth, two yellow antler-like horns, and red eyes."
animal,Dragonfly,"A stylized dragonfly with a long, slender yellow body and large, translucent blue wings with a checkerboard design. The dragonfly's head is small and brown with two black dots representing eyes, and it has tiny, black line-drawn appendages. The overall style is simplistic and cartoon-like."
animal,Duck,"A simple, cartoon-style illustration of a duck standing upright on two orange webbed feet, with predominantly white body and a yellow beak, looking towards the right with a content expression. It has simple lines to indicate the wing and tail feathers and is outlined in black."
animal,Duck,"A simple line drawing of a duck's head and neck. The duck has a prominent yellow beak, a small, black dot for an eye, and the rest of its head and neck are colored white. Above the duck's head, there is a small red, upside-down triangle."
animal,Duck,"A simple, cartoon-style illustration of a duck standing upright and facing to the right. It has a yellow body and wings, an orange beak and webbed feet. Its eye is closed, displaying a peaceful expression."
animal,Eagle,"A stylized, simplistic depiction of a flying eagle with its wings spread wide. It has a brown body with slightly darker brown wing and tail feathers. The bird's beak is curved and yellow, with a small white patch on the underside of the wings. The image is set against a plain, light background."
animal,Earthworm,"A simple, cartoon-style drawing of an earthworm with a curved, segmented body. The worm is colored beige or light brown and has short lines suggesting setae or bristles."
animal,Earthworm,A cartoon-style drawing of an earthworm. The worm has a segmented body with shades of yellow and beige and a slightly tapered shape at both ends on a plain white background.
animal,Eel,"A stylized depiction of an eel which is long, slender, and has a dark grey body with lighter grey spots along its sides. It has a beige underside that is visible towards the end of its tail and a pair of small, rounded beige fins near its head. Its head is tapered with a simple black dot indicating its eye. The eel is curved in an 'S' shape."
animal,Eel,"A simple, cartoon-styled depiction of a black eel with a grey underside. The eel has a streamlined body that curves slightly upwards, small, simplistic eyes and a mouth, and a tail that tapers to a point. The shape and coloration are indicative of an eel."
animal,Eel,"An illustration depicts a stylized eel. Its body is elongated and curves smoothly, resembling the letter 'S'. The eel is dark grey with lighter grey shading and highlights, a slightly tapered head with a pointed snout, and a long slender tail. The image represents ""뱀장어,"" which translates to ""eel"" in English, set against a plain white background."
animal,Elephant,"A grayscale illustration of an elephant in profile, standing with its body facing left. It features large ears, a long trunk, and visible tusks. The drawing style shows minimal shading or detail."
animal,Firefly,"The illustration depicts a stylized beetle, likely representing a firefly, with the Korean text ""반딧불이"" (banditbuli). The beetle has a brown elongated body divided into two main sections, a black head, long antennae, and six legs."
animal,Firefly,"A stylized representation of a firefly with a black body, a distinct red head, two antennae, black elytra (wing covers), and six legs. The rear end of the firefly is depicted with a yellow section, representing its bioluminescent organ. The style is simple and cartoonish."
animal,Fish,"A stylized, simplified drawing of a fish. The fish is colored predominantly in shades of gray and white with a simple black line defining its body shape. It has one visible eye with a yellow iris and a black pupil. The fish also has a suggestion of a fin or gill slit along its side with black color accent. The image is set against a plain white background."
animal,Fish,"A stylized, cartoonish brown fish is depicted vertically with its head at the top and tail at the bottom. The fish has large yellow eyes with black pupils and a body that tapers down to a small pointed tail fin. It has two visible fins, one on each side of its body. The illustration is set against a plain white background."
animal,Flamingo,"A simplistic, cartoon-style illustration of a pink flamingo standing upright on one leg, with the other leg tucked away. Its neck is curved in a gentle S-shape, and it has a black-tipped beak. The flamingo is set against a plain white background, outlined in black."
animal,Flatfish,"A stylized, side-view image of a flat-bodied fish with a broad head and a tail tapering to a point. The body is primarily a light tan or beige color, with darker brown lines marking its fins and gills. The eye is a simple, prominent yellow circle with a small black dot in the center."
animal,Flea,"A stylized image of a flea in a simple cartoon style. The flea is shown in profile view, with its body segments, legs, and antennae outlined in black. The body is colored in shades of yellow and tan, with small black dots spread over the surface. Its legs are bent, suggesting readiness to jump."
animal,Flounder,"A cartoon image of a flatfish in a side-view profile. The fish has a beige body accentuated with a pattern of darker spots and lines, with the top part of the body having a darker shade. It features a visible eye and a mouth, with the eye pushed upwards, and simple, stylized fins with the tail fin distinctively shaped. The fish is oriented with its head to the left and tail to the right."
animal,Fly,"A stylized illustration of a fly with a rounded body segmented into green on the upper portion and a blue pattern that resembles a mountain range on the lower part. It has two transparent wings, large, dark-colored eyes, six thin black legs, and two antennae."
animal,Forsythia,"An illustration of a branch with several yellow, five-petaled flowers and some green leaves along the stems. The flowers are bright, with a lighter yellow center and a darker yellow outline, and the leaves are a solid green, while the branches are brown with a simple texture."
animal,Fox,"A fox in a resting position with its eyes closed. The fox has a brown coat with noticeable ear tips and a white-tipped tail. It appears curled up comfortably, suggesting a state of sleep or relaxation."
animal,Frog,"The illustration shows a stylized cartoon frog with large protruding eyes, a wide mouth, and a robust body. The frog is light brown with darker brown spots. Its arms and legs are spread out to the sides, each ending with four simple digits. The background is white. The pose and the simple, rounded shapes of the body gives the frog a whimsical, child-friendly appearance."
animal,Frog,"A cartoon illustration of a frog standing upright and facing forward. It has a large, round head with big, protruding eyes. The body is simple, round with a lighter-colored belly, and it has four limbs with three toes on each foot. The frog's coloration is primarily green, with a white area on its belly. The background of the image is white."
animal,Gecko,"A stylized green gecko with a cartoon-like design. It has large yellow eyes with black centers. Its body is adorned with darker green spots and markings that resemble a natural pattern. The gecko's pose suggests movement, as if it's crawling to the viewer's right. The outline is bold and the colors are bright and flat, giving the image a vivid appearance."
animal,Giraffe,"The illustration shows a giraffe standing in profile, featuring a long neck, spotted coat, and slender legs. The giraffe's coat is light-colored with a pattern of brown spots and patches. The giraffe is standing calmly, gazing forward. The image is a stylized, simplified representation, possibly for an icon or a visual aid. The art style is cartoonish with clean lines and flat colors."
animal,Goat,"A cartoon of a goat standing sideways facing left. The goat has a pleasant expression with eyes looking forward. Its body is colored in light beige with some shading to suggest a three-dimensional form, and its hooves are a darker gray. The goat has prominent horns curved back slightly."
animal,Goldfish,"A stylized goldfish predominantly orange with details suggesting scales and fins. The fish has a cartoonish appearance with a prominent eye and a slight smile, and its fins and tail are depicted with lines indicating movement or flow. The background is plain white."
animal,Gorilla,"The illustration depicts a side profile of a gorilla walking on all fours. It has a large body with a hunched back and is in shades of gray with a lighter gray face. The face features a simple design with eyes, nose, and a slight smile. The gorilla appears peaceful and calm. The style of the illustration is cartoonish, with clean lines and a simplified form."
animal,Grasshopper,"A simplified image of a grasshopper in profile, rendered in shades of brown with outlining to define its body segments, legs, antennae, and eyes. The grasshopper is positioned with its body horizontal to the ground, with its legs bent as if prepared to hop or at rest."
animal,Grasshopper,"A stylized depiction of a grasshopper in profile. The grasshopper is green with darker green stripes running along the length of its body and legs. It has long antennae, and both the body and the wings are visible. The image has a cartoon-like quality with clear outlines and a flat color fill."
animal,Hamster,"A cartoon-style hamster which is mainly tan and white, with a white belly and facial area. Its eyes are simple black dots, and it has a small pink nose. The hamster has short, rounded ears on the top of its head and appears to be gazing forward. Its feet are not detailed, blending into the round shape of its body."
animal,Hedgehog,"A cartoon style hedgehog in a side profile view. It has a brown body covered with spines, and features darker markings along its back. Its face is tan with a lighter color, and it has a small black eye and a pointy snout. The hedgehog has four small, dark brown feet and seems to be in a static pose."
animal,Hippo,"A cartoon hippopotamus in a side profile. The hippo is colored in shades of gray with a slightly darker top and lighter underside. It has small eyes, ears, and nostrils. The skin has folds and creaces for texture and darker patches on its back, which might be shading or natural skin variations. The style is simple and child-friendly."
animal,Horse,"A simple illustration of a standing horse facing left, with a brown body, darker brown mane and tail, and black hooves. The horse is drawn in a flat, cartoonish style. The character ""말"", which translates to 'horse' in Korean, is present. The background is plain and white."
animal,Horse,"A simple illustration of a standing brown horse with a darker brown mane and tail, facing towards the left. The style is flat and cartoonish."
animal,Hummingbird,"A simple black and white illustration of a bird, resembles a hummingbird, in flight with its wings mid-flap and its tail fanned out. The visual is stylized focusing on the silhouette of the bird. The background is plain."
animal,Hyena,"A stylized, cartoon-like drawing of a hyena in profile standing on all four legs. It has a light brown coat with darker brown spots. The hyena has rounded ears, a snout that is lighter in color, and a relatively short tail."
animal,Jellyfish,"A translucent blue, dome-shaped jellyfish with ruffled edges and tentacles that vary in length. The tentacles show a gradient from light blue to white, providing a sense of translucency."
animal,Kangaroo,"A stylized drawing of an adult kangaroo with a baby kangaroo in its pouch. Both kangaroos appear smiling; adult kangaroo is standing upright on its hind legs with a long tail providing balance, and seems to be waving with one of its front paws. The dominant color of the illustration is brown."
animal,Koala,"A cartoon koala, colored in shades of grey with white highlights in its large ears, clings to a brown tree branch. It has a large, black nose and appears content and relaxed. The bottom of the image suggests green foliage, hinting at the koala's natural habitat of eucalyptus trees."
animal,Ladybug,"A simple, stylized illustration of a ladybug with a red, round body with black dots, a clear division line indicating the separate wing covers, and a small black section at the top for the head and antenna area. The design is symmetrical."
animal,Leopard,"A stylized yellow big cat with black spots, similar to a leopard or jaguar, is standing in profile, facing to the left. Its defining characteristics like the spotted pattern and feline shape are clear."
animal,Lion,"A stylized lion is depicted lying down. It's in a simplified form, with a solid light brown body and slightly darker mane. Its facial features include two small ears, a pair of eyes, a nose, and a slightly open mouth. The tail is visible, looped at the tip, and the lion is shown in a side profile facing left."
animal,Lock,"A simple, stylized padlock depicted in shades of grey with a keyhole in the center. To the right of the padlock is a speech bubble containing the word ""LOCK"" in uppercase letters. The background is plain white. The image represents an object related to security."
animal,Mackerel,"A simple cartoon illustration of a fish with a streamlined body. The fish is predominantly colored in shades of blue and white, with a black outline defining its shape. It has a yellow and black eye, a small mouth, a dorsal fin on the top, pectoral fins on the sides, and a tail fin at the back. The fish's belly is white, transitioning to blue along its back and sides."
animal,Magnolia,"A stylized branch of a magnolia tree with several white magnolia flowers in various stages of bloom, one of which is fully open, revealing a yellow center. The leaves are simple, elongated, and of a dark green color."
animal,Mole,"A cartoon image of a brown animal, a simplified representation of a shrew. The animal depicted has a streamlined body with a pointed snout, small limbs, a seemingly short tail, and no visible ears. The fur texture is implied with a few lines on the body, and the creature is colored in a uniform brown shade except for the black detailing on the nose and eyes."
animal,Mosquito,"A stylized mosquito with a segmented body, a larger grey segment and a smaller brown one that appears to be the head, with a prominent proboscis extending forward. It has six thin, black legs and two elongated, transparent wings one of which has a noticeable red patch. The style of the drawing is more representational than detailed or realistic."
animal,Moth,"A stylized representation of a moth. It features a front view of the moth with its wings closed vertically. The wings are colored in shades of beige with darker brown and gray vertical stripes. Two large, round, black eyes with white highlights are noticeable. The body of the moth between the wings is a solid brown color, tapering to a point at the bottom. The overall shape is symmetrical."
animal,Mouse,"A grayscale image of a mouse in profile, facing to the right. It has a rounded body with noticeable ears and a long thin tail. The image is simple and flat with no apparent shading or texture."
animal,Octopus,"A cartoon-style octopus with a rounded body and a simplistic face, featuring two large, circular, yellow eyes with small black pupils. The octopus has eight tentacles, each adorned with small, suction cup-like details. The color scheme of the octopus is pinkish-brown, with the suction cups being a darker shade. The background is white, and the drawing has a bold, black outline."
animal,Orangutan,"The illustration depicts an orangutan standing on all fours, with its long arms reaching down towards the ground and its legs slightly bent. The face of the orangutan is drawn with prominent features such as a large mouth, flared nostrils, and deep-set eyes. The style of the drawing is simple and cartoon-like."
animal,Ostrich,"An ostrich with a long neck and legs, its body is primarily black with some white feather accents on its wings. It is standing in a side profile, looking to the left, with one leg slightly raised."
animal,Otter,"A cartoon-style drawing of an otter lying on its back in a relaxed position, with one paw over its chest and the other resting by its side. The otter has a round face with a prominent whiskered snout, small ears, and its eyes are closed as if content or asleep."
animal,Owl,"An owl with a predominantly brown body, lighter, white-speckled plumage on its chest, large round yellow eyes with black pupils, and a small hooked beak, facing to its right. The owl is drawn in a simplified, cartoonish style."
animal,Panda,"A stylized version of a panda in a side profile facing to the right with black-and-white coloring. The panda's design is simplified with minimal details, using clean lines and solid shapes, a small circular eye, a nose, and a subtle smile."
animal,Parrot,"The image is an illustration of a colorful parrot with a predominantly bright red plumage, blue tips on its wings, and a green patch on the bottom part of the wings. It has a large, curved, white and black beak, and its eyes are ringed with white. It looks thoughtful or perhaps curious. The bird is perched on a brown branch."
animal,Peacock,"A stylized, cartoonish representation of a peacock which is predominantly blue with a yellow beak and yellow spots on its chest. It has a small green crown-like detail on its head. The tail feathers are elongated and green with red spots circled by yellow, suggesting the eye-like patterns often found on peacock feathers. It's standing in profile, facing left with a slight upward tilt to its head."
animal,Pelican,"An illustration of a pelican standing in an upright position. The pelican has a large, long beak with a pouch underneath, white plumage, a short tail, and sturdy, orange, webbed feet. Its eyes are simple, with a friendly expression. The style of the drawing is cartoonish and simplified, with clean lines and minimal shading."
animal,Penguin,"A penguin standing upright with a black back and flippers, a white belly extending up to its face, a distinctive yellow patch on the side of its head near the neck, a black beak, and pale yellowish feet. The image appears to be a simplified depiction or icon of a penguin."
animal,Pets,"A cartoon image of a dog and a cat sitting side by side. The dog appears to be a young, medium-sized pup with a round body, floppy ears, and a wagging tail, colored light brown. The cat is a slim, alert feline with pointed ears, whiskers, and a long tail, colored white with grey markings. Both animals are facing forward with neutral or calm expressions. This image represents the concept of ""애완동물"" which translates to ""pets"" in English."
animal,Pig,"A stylized cartoon representation of a pig featuring a round body, a prominent head with two large, round eyes, and a snout with two circular nostrils. The pig has pointed ears and four visible legs with pink hooves. The overall color scheme is a light tan or beige with pink accents on the ears, snout, and feet."
animal,Pigeon,"The illustration shows a side-on view of a gray pigeon with some darker shading on the wings and tail. The pigeon's beak is small and closed, and its pink feet have clearly separated toes. The bird's eye is depicted with a small black pupil. The image has a white background."
animal,Pufferfish,"The illustration features a stylized cartoon pufferfish in brown color with lighter undersides, and white spots across its back. The fish has one large, prominent eye, a small mouth, and relatively small fins compared to its round body. Its tail and pectoral fins are darker brown. The fish's body does not appear inflated."
animal,Pufferfish,"The illustration depicts a cartoon-style fish with a gray body, which is lighter on the underside, and defined scales. It has prominent, dark-edged fins and a tail, large yellow eyes with black pupils, and a small closed mouth. There are no additional details or background elements in the image. The image represents the Korean word ""물고기 (mulgogi),"" which means ""fish."""
animal,Puppy,"A cartoon illustration of a small, light brown puppy. The puppy has a round body, short tail, large, droopy ears, a black nose, and big, round, black eyes. It is sitting down and appears to look directly at the viewer."
animal,Quail,"A stylized bird with a predominantly brown body featuring darker brown spots. It has an elongated tail detailed with a pattern of alternating light and dark brown sections, a gray head with a red wattle hanging from the beak area, a black cap-like marking on the top of its head, yellow beak, red details around the eye and on the wattle, and yellow legs with large, simple feet."
animal,Rabbit,"An illustration of a side profile of a rabbit sitting on its hind legs with front paws touching the ground. It has white fur with light beige coloring around the edges, long upright ears pink inside, a short tail, simple eyes with minimal detailing, and a small brown nose. The rabbit is against a white backdrop."
animal,Raccoon,A cartoon-style illustration of a raccoon in profile view facing to the right. It has brown fur with a characteristic black mask around its eyes and black stripes on its bushy tail.
animal,Rhinoceros,"A stylized image of a rhinoceros facing to the left in profile. The rhino has two prominent horns on its snout, pointed ears, and a raised tail. Its body is robust and its legs are stout, indicating a strong build. The rhino is depicted in a gray color scheme."
animal,Rhododendron,"An illustration depicts a branch from a flowering plant with multiple pink blossoms. Each flower has five petals and is accompanied by small green leaves. This image could represent a species of flowering tree or shrub, such as cherry blossoms, which are often associated with the term ""철쭉"" (rhododendron) in Korean."
animal,Roses,"Three stylized red roses with green stems and leaves are presented in full bloom, grouped closely together to resemble a bouquet or cluster."
animal,Seagull,"The image depicts a stylized seagull in mid-flight with a white body, gray shading on the tips of its wings and tail, and yellow webbed feet and beak. The bird is shown from a side profile view, flying towards the left with its wings spread and slightly raised, suggesting movement."
animal,Seal,"A cartoon seal with a plump body, colored in shades of gray. It is in a sitting position, with one flipper raised as if waving. The seal has whiskers, small dark eyes, a hint of a smile, and few lighter spots on the skin. The rear flippers are extended behind."
animal,Seashell,"A cartoon illustration of a seashell. The shell is lying on its side, with a bulbous, rounded shape and a gray color palette with shades of light and dark. There's a large opening with a yellow rim on one end and the body of the shell slightly tapers towards the opposite side where smaller, spiral-shaped details are visible."
animal,Shark,"The illustration depicts a stylized side view of a shark. The shark is colored in shades of gray with a simple line art design. It has a prominent dorsal fin, pointed snout, represented eye with a yellow circle and a black dot, gills indicated with lines on the side of its body, and an angular tail fin."
animal,Shark,"A simplified, stylized illustration of a shark shaded in greyscale. The shark is portrayed in profile, swimming to the right, with a streamlined body, visible fins, a pointed nose, and a gill slit. This image captures elements typical of a shark in a minimalistic manner."
animal,Sheep,"The illustration depicts a simple cartoon representation of a beige sheep with a slightly darker beige face and legs, small black eyes, a tiny black nose, and two curved horns. It has a tuft of fluffy beige wool atop its head and its four legs are standing straight and sturdy. The sheep's body appears to be soft and rounded."
animal,Shrimp,"A group of three orange shrimps, depicted in a simplistic, cartoonish style, aligned diagonally and facing the left. Each shrimp has a segmented body with a curved shape, long antennae, and a tail fan. The legs and swimmerets are indicated by simple lines, and the illustration is against a plain white background."
animal,Skunk,"A simplified, cartoon-style drawing of a skunk facing to the right. It features a head, body, four legs, large, bushy tail with prominent stripes, a small hair tuft, and a small, rounded snout. The style is simple with clean lines and minimal detailing."
animal,Snail,"An illustration of a snail, depicted as having a sizeable, coiled shell with a pattern of striations and spots. Its body is pale in color, with protruding eyestalks and a long, trail-following foot. The snail is shown in profile view, with its antennas erect and the shell oriented upward and slightly to the rear."
animal,Snake,"The illustration depicts a stylized representation of a snake. The snake's body is yellow with red spots outlined in black. It has a simple, cartoon-like face with an eye and a curved mouth. The form of the snake is wavy, creating an undulating shape from its head to its tail."
animal,Snake,"A cartoon-style illustration of a light brown snake with darker brown and white wavy patterns along its back. It has a rounded head with a simple facial expression, and its body tapers to a point at the tail. The snake is coiled at the bottom, suggesting a resting position, presented on a plain, white backdrop."
animal,Sparrow,"A stylized drawing of a light brown and white bird with darker brown accents on its wings and back, a black patch around its eyes, and a yellow beak, perched on a simplified golden-brown branch. The illustration is done in a flat, cartoon-like style with clean outlines and minimal shading."
animal,Sparrow,"A stylized bird with a simplistic design. The bird is predominantly gray with a lighter gray underbelly. It features a diamond-shaped pattern along its wings and side, with small triangle details adding to the texture of its feathers. The beak and legs are yellow, and the eye is represented by a black dot. The bird appears in profile, standing with both feet on the ground, facing to the right. The background is plain white."
animal,Spider,"A stylized depiction of a spider with an elongated body, a darker head and a rear body with alternating bands of light and dark brown. The spider has eight thin, jointed legs extending outward from the central body. The style of the image is cartoon-like."
animal,Starfish,"A starfish with a five-arm structure, predominantly red with light spots and speckles scattered across the body. The starfish is outlined with bold black lines and it has slightly curved arms, giving it a natural, dynamic look."
animal,Stem,A potted plant with two green leaves and a simple thin brown stem is surrounded by a dotted circle with a red triangle pointing towards the stem. The pot is gray. The overall image is flat and stylized.
animal,Stingray,"The illustration depicts a simplified representation of a stingray from a top-down perspective. It has light brown coloration with darker brown lines suggesting its outline and internal structure, like its gills. It features two prominent yellow eyes, a small mouth, and a rounded body with a pointed tail extending from the rear."
animal,Stop,"A cartoon-style image showing a human hand reaching out towards a small, happy-looking cartoon dog. The dog, in a playful pose, is holding a green and white striped ball in its mouth, suggesting a playful moment between a dog and its owner, such as playing fetch."
animal,Stop,"A simple cartoon image of a human hand pointing left, in a gesture suggesting a command to stop or stay. On the right, there's a stylized, simplified drawing of a happy dog facing the hand, appearing to be in a playful or attentive posture. The hand is in the foreground with a portion of the sleeve visible, and the image has a plain white background."
animal,Sunflowers,"Three sunflowers with brown centers and bright yellow petals are stylized with bold outlines. Each sunflower has a green stem and a pair of leaves. The flowers are against a plain, white background."
animal,Swallow,"A stylized blue bird in mid-flight with a simplistic design. The bird has a rounded body and a distinct circular head, with a simple yellow beak. Its wings and tail are streamlined, and the tail is separated into two points. The tips of the wings and tail feature small red areas. The bird's eye is represented by a small black dot."
animal,Swan,"An illustration depicts a swan, characterized by its long neck, white plumage, and the distinctive orange bill with a black base. The swan is in a side-profile view, floating on what appears to be water. Its body is rounded and mostly white, with some subtle gray shading that suggests a three-dimensional form."
animal,Tiger,"The illustration depicts a tiger, standing sideways with its body facing the viewer’s left side. The tiger has characteristic black stripes over its orange and white fur, with a white underbelly. It has round ears with a hint of black at the back, whiskers, a pink nose, and a calm but alert expression. The tiger's pose is static, with all four paws on the ground, and its tail extended out behind it. The style of the illustration is cartoonish and simple."
animal,Toucan,"A stylized image of a black bird, possibly a toucan, with a large, distinctively curved grey beak. The bird's body and wings are black, it has a small, yellow eye with a black pupil, and its grey feet suggest it's perched on a surface. The background of the image is white."
animal,Tree,"An illustration of a stylized tree with a prominent green canopy and a brown trunk. Below the trunk, the root system extends into the ground, colored in red. The ground is represented as a flat, rectangular gray section bisected by the trunk and roots, showcasing the root system. The image is designed to represent a tree and its root structure."
animal,Tug-of-War,"Illustration shows two hands from separate individuals, tugging a thick, tightened rope in opposite directions. The image hints at a tug-of-war scenario, with motion marks underlying the action. The background is plain white with no other details."
animal,Tulips,"Two stylized tulips side by side, the one on the left is red with a pinkish hue, and the right one is yellow. Both tulips have long, straight green stems with a pair of green, leaf-like structures at their bases. The style of the illustration is simple and cartoon-like."
animal,Turtle,"A simple, stylized drawing of a turtle with a large, rounded shell with a pattern of hexagonal shapes in shades of green. The turtle's head, legs, and tail are depicted in a lighter yellow-green color. The turtle is oriented to the right side of the image, with a friendly and approachable appearance."
animal,Waiting,"A human hand extends towards a seated, attentive dog, with the palm facing upwards and the index finger extended. The hand belongs to a person wearing a teal or dark green sleeve. The dog is a cartoon-style depiction of a small, domestic breed with a collar, primarily white with black outlines and a spot around one eye. The background is plain white."
animal,Wolf,"A stylized drawing of a side-profile brown wolf howling with its head tilted upwards, mouth open, elongated body, visible legs, and a slightly raised tail. The wolf's features are defined by darker outlines."
animal,Zebra,"A zebra standing in profile view with distinctive black and white stripes covering its body, the mane along its neck, and its ears pointed upward. The illustration is a simplified representation with clean lines and a lack of background detail."
animal,Zoo,"An illustration featuring three animals: a giraffe with its neck stretched upwards, a lion with a full mane in the center, and a wolf on the left. They are standing behind a white picket fence, illustrating a zoo enclosure. The giraffe is the tallest, followed by the wolf, with the lion sitting on the ground. The art style is simple and cartoonish."
color,Black,"A black, irregular, blob-like shape centered on a white background. Below the shape, there is Korean Hangul text ""검정"" which translates to ""black"" in English. The image represents the color black, associated with its Korean name."
color,Blue,"A blue color swatch with an irregular, cloud-like shape. Below the color swatch, there is Hangul text that reads ""파랑,"" which translates to ""blue"" in English. The swatch is centrally placed against a white background. The image appears to be designed for a visual aid or educational purpose."
color,Crimson,"A red-colored, irregular blob shape with a black outline, reminiscent of a blot of paint or a random ink splotch. Below the red shape, there is Korean text ""크림슨"" which translates to ""Crimson"" in English, on a white background."
color,Gray,"A color swatch that appears as a blob or paint smear in gray is displayed. Below the color swatch, there is text written in Korean: ""회색,"" which translates to ""gray"" in English. The image is presented on a white background."
color,Gray,"A simple illustration of a cloud-like shape with irregular, flowing contours in black outline on a white background. Below the shape, there is Korean text that reads ""회색,"" which translates to ""gray"" in English. The image represents the color gray as part of a set of visual aids for colors."
color,Green,"A blob or splash-like shape filled with a vivid green color. Below the green shape, there is Korean text ""녹색"" which means ""green"". The background is plain white, and the green shape has a thin black outline."
color,Purple,"An irregularly shaped blob of vibrant pink color against a plain white background. Below the pink shape, there is Korean text ""자주색,"" which translates to ""purple"" in English. The image represents the color purple."
color,Purple,"An illustration of a purple colored, irregularly shaped blot or splash graphic. Below the graphic is Korean text ""보라색,"" which translates to ""purple"" in English. The backdrop appears to be white, emphasizing the color sample."
color,Red,"An abstract red blob or splotch against a plain white background with a black outline. Below the shape is Korean text ""빨강,"" which translates to ""red"" in English."
color,Silver,"A stylized depiction of a silver or grey cloud-like shape with a smooth, curved outline. There are two small sparkles to the right of the shape, suggesting a shiny or metallic quality. Below the image, there is Korean text ""은색,"" translating to ""silver color"" in English. The image is outlined in black against a white background."
color,Yellow,"An amorphous yellow shape against a white background. Below the shape is the Korean text ""노랑,"" which translates to ""yellow"" in English. The font is in black."
core,Aha!,"An illustration of a person with a neutral expression, raising their index finger as if they have an idea. Above the person's head are three straight lines to emphasize this moment of realization. To the left of the person is a speech bubble containing a red exclamation point, symbolizing sudden insight or discovery. The character is wearing a green long-sleeved shirt with a white background."
core,Airplane,"A cartoon-styled airplane in flight, its left side visible. The plane is primarily gray, with a blue tail featuring a red circle, which may represent the South Korean flag. The airplane has multiple cabin windows along the fuselage, and two wings. It is depicted against a plain, light background, with three fluffy, white clouds on its trajectory."
core,Amazing!,"An illustration of a person looking surprised with an open box in front of them from which stars are bursting out. The person's mouth is open in surprise, and their eyes are wide open."
core,Animals,"An illustration shows two animals. A sleeping fox with brown fur and closed eyes on the left, resting in a curled pose. On the right side of the image, there's a profile view of a duck with a yellow body, an orange beak, and orange webbed feet."
core,Arguing,"The illustration depicts two cartoon characters. On the left, a character shows a troubled expression, holding their cheeks with both hands. On the right, a character displays a frowning face and a hand on their hip, giving the impression of annoyance. In between, a red burst shape possibly indicating conflict. Both characters are standing and facing forward, suggesting disagreement or discomfort."
core,Arrange/Organize,"An illustration depicts a hand gesture with both hands represented. The top hand is fully drawn with solid lines, showing the hand in a relaxed, slightly curved position with the fingers together. The bottom hand is only outlined with dotted lines and is positioned below the fully drawn hand, mirroring its shape. This could represent a sign language gesture or a symbolic hand movement for the word ""저리가"" which, in Korean, means ""to arrange"" or ""to organize""."
core,Awesome,"A cartoon character of a smiling boy with brown hair, giving a thumbs-up with his right hand. Surrounding him are sparkles or stars of varying sizes. To the left of the boy, there is a dashed red circle with nothing inside."
core,Awesome!,"A simple cartoon-style figure of a person standing upright and smiling, with one hand raised slightly in a thumbs-up gesture. Near the person's hand, there is a stylized speech bubble containing three stars of varying sizes. The image contains the word ""멋져요"" (which means ""cool"" or ""great"" in Korean). The character is drawn with minimal detail and is wearing a teal shirt and blue pants."
core,Bakery,"A simplified representation of a bakery. It features the front view of a store with a striped yellow and green awning. Above the awning, there is the Korean word ""빵집,"" which means ""bakery."" On the storefront facade, there's a large image of a loaf of brown bread on the left and a door on the right that appears to be grey with a small, dark window."
core,Balcony,An illustration of a stylized balcony. It shows a sliding glass door with a grey frame leading out to the balcony which is enclosed by a grey railing with yellow accents at the base of the vertical bars. The perspective is head-on.
core,Bank,"A simplified representation of a bank including a debit or credit card, a stack of green currency bills in various values, and two silver coins. This suggests monetary transactions or financial services typically provided by a bank."
core,Bathroom,"A simple and stylized front view illustration of a toilet featuring the bowl, the seat with the seat cover up, and the flush tank behind it. The toilet is in light blue with darker shades for the seat and inner rim. It represents the Korean word ""화장실,"" which means ""bathroom"" or ""restroom."""
core,Beverage,"An illustration depicts a canned beverage with a green body and a silver top and bottom, featuring a pull tab on top. This image represents the word ""음료"" in Korean, which translates to ""beverage"" in English."
core,Bird,"The illustration depicts a predominantly blue bird in flight, with a lighter blue underbelly and wings detailed with darker blue scalloped patterns. The bird's beak is red, its feet are yellow and its wings are outspread as if gliding to the right side of the image, conveying a sense of motion. The bird appears to be a stylized, cartoon representation."
core,Boat,"A cartoon-like illustration of a boat with a turquoise-colored hull and a white superstructure, including a small cabin with three visible windows and a small green structure on top. The illustration has bold black outlines and uses a flat color fill."
core,Bookstore/Library,"A simplified, cartoon-style illustration of a building, possibly representing a library or bookstore. It has a light grey facade with a central blue door featuring glass panels. The roof is white and extends beyond the walls on both sides. Resting on top of the roof at an angle are two books, one red and one yellow, each with a white label on the spine. The illustration is associated with the word ""서점,"" which translates to ""bookstore"" or ""library"" in Korean."
core,Breath,"The illustration depicts four stylized human characters lined up side by side. From left to right: The first figure wears a turquoise and orange jacket, shorts, and a yellow cap, facing left. The second figure is wearing a pink jacket, a grey skirt, and a yellow cap, also facing left. The third figure is wearing a turquoise and orange jacket, shorts, and a yellow cap, facing right. The fourth figure is wearing a pink jacket, a grey skirt, and a yellow cap, facing right. The characters' faces are blank. All are standing straight with their arms at their sides. The background is white."
core,Buddhism,"The illustration features a stylized depiction of a seated Buddha with a serene expression, placed against a gold-toned circular background. To the right of the Buddha image is a large, bold, Hangul character ""불"", which is also in a matching gold tone."
core,Bus,"A simplified, cartoon-style drawing of a green bus with a blue stripe running horizontally along the lower half, black wheels, and lighter blue doors. The image is flat with no shading or perspective effects."
core,Catholicism,"A simplified, cartoon-style depiction of a person wearing black clothing with a white clerical collar, likely representing a priest or clergy member. To the right of the person stands a stylized building that represents a church, identified by its large cross on top and a steeple with a pointed, red roof."
core,Character,"A stylized character's head that appears to be a combination of a human and a bird. The character has yellow hair with a blue hairpiece or hat on top. It wears round, orange-rimmed glasses and has a beak-like nose. The character is also shown with what looks like earmuffs or the sides of a pilot's cap. The overall style is cartoonish and playful."
core,Christianity,"A simplified, cartoon-style figure of a person wearing a white robe with pink stoles, with crosses on them. On the right side of the image is a brown cross with a darker outline. Both elements together represent the Christian religion."
core,Clothes,"The illustration depicts a yellow t-shirt and a pair of blue jeans. The t-shirt is shown from the front view, with short sleeves and a simple round neck. The jeans are displayed from the front as well, showing a waistband with belt loops and a fly. There are no details indicating pockets or branding."
core,Color,"An illustration of an artist's palette with various colors of paint. It features blobs of paint in yellow, green, red, white, and brown. A paintbrush with a brown handle is resting on the edge of the palette, with its bristles coated in brown paint. The overall drawing has a cartoonish appearance."
core,Congratulations,"A cartoon illustration of a party popper, depicted as a conical object with red and white diagonal stripes, and colorful streamers, stars, and confetti shooting out from one end."
core,Congratulations,"A cartoon-style character with a cheerful expression holding a green gift wrapped with a ribbon. The character has short, spiky hair and is wearing a plain white T-shirt. Above the character, to the left side, is a speech bubble with three ellipsis dots. The image conveys a sense of offering congratulations or presenting a gift. There is a Korean phrase ""축하해요"" (chukhahaeyo), meaning ""Congratulations."""
core,Country,"A simplified representation of the Earth depicted as a globe with the continents shown in green and the oceans in blue. A magnifying glass is overlaid on the globe, suggesting examination or close inspection. It implies searching, exploring, or discovering something on a global scale."
core,Cute,"A cartoon image of a girl with light brown hair wearing a headband. She has a cheerful expression and is holding a plush teddy bear in front of her with both hands. The teddy bear has a content expression. Stars are depicted around the bear, suggesting that it is a cherished or sparkling clean object."
core,Dad,"A cartoon image of an adult male figure waving his right hand, dressed in a brown sweater over a collar shirt, gray trousers, and brown shoes. His hair is gray, suggesting he may be middle-aged or senior. He appears to be standing straight. The character is associate with the Korean word ""아빠"" (appa), meaning ""dad"" or ""father""."
core,Elevator,"An elevator illustration with closed gray doors and an elevator indicator panel with a red display above. On the right side, there's an elevator control panel with two red-lit buttons. The background is plain white."
core,Emergency,"A cartoon-style illustration of a red emergency siren with a grey base and a yellow speech bubble to its right containing three ellipses (...), potentially suggesting an alarm or an alert. It's associated with the Korean phrase ""긴급어"" that translates to ""emergency"" or ""urgent."""
core,Entertainer,"Two animated characters symbolizing the Korean word ""연예인"" (entertainer/celebrity). The character on the left is wearing a yellow top with a red star and a pink skirt, with black hair in pigtails, striking a pose. The character on the right is wearing a pink top with a purple collar and a dark purple skirt, has black hair in a single bun, and is holding a microphone. Both characters appear cheerful."
core,Entrance,"A simple, stylized gray building facade with multiple windows. At the ground level of the building, there is a set of double doors. A large red arrow is pointing towards the doors, indicating an entrance or direction. The arrow is coming from the right side of the image and pointing left. Image symbolizes the concept of an ""entrance"" or ""entryway""."
core,Erasure,"An illustration depicts an eraser, colored pink on top with a light grey body. A dark grey, curly line appears below the eraser, resembling the remnants or shavings that result from erasing something. The imagery suggests the concept of deletion, removal, or correction which corresponds to the Korean term ""지움"" ('ji-um'), translating to 'erasure' or 'deletion' in English."
core,Exercise,"The illustration features a traditional black and white paneled soccer ball on the left and three hand weights or dumbbells with grey and black handles and green circular ends stacked behind it on the right. This suggests a variety of physical activities, which correlates with the Korean word ""운동"" (undong), meaning ""exercise"" or ""sport."""
core,Family,"A stylized representation of a family of four standing side by side. From left to right, there is a father in a long-sleeve gray shirt with a yellow V-neck collar and blue pants, a daughter in a pink short-sleeve top and red shorts with pink shoes, a son in a teal long-sleeve shirt and blue pants, and a mother in a yellow long-sleeve top, an orange skirt and purple shoes."
core,Fighting,"A stylized, cartoon-like character with a confident and cheerful expression. The character is a male figure with a tuft of hair sticking up, raising both fists conveying enthusiasm or determination. He is wearing a simple short-sleeved t-shirt. His facial expression includes a smile and blush marks on his cheeks, enhancing a sense of vigor and positivity."
core,Flower,"Two stylized flowers with a central circular shape and petals arranged around it. The left flower has a yellow center with white petals, and the right one has an orange center with white petals. Both flowers have green leaves and stems."
core,Food,"A line art illustration of a dining setup with a circular plate in the center, a fork to the left side of the plate, and a knife to the right side. Both the fork and the knife are placed at an angle that suggests a typical formal dining placement."
core,Friend,"Two cartoon-style boys smiling and holding hands, standing upright and facing forward. The boy on the left has spiky orange hair and is wearing a white t-shirt with brown shorts and grey shoes. The boy on the right has brown hair, is dressed in a grey t-shirt, teal shorts, and dark blue shoes. Their expressions are happy and friendly."
core,Future,"Three adjacent boxes are aligned horizontally, each containing a different Korean word. They appear in a sequence, indicated by a red arrow pointing to the right. The words inside the boxes, from left to right, are ""과거,"" ""현재,"" and ""미래."" The last box with the word ""미래"" has a red background, distinguishing it from the other two boxes, which have white backgrounds. The red arrow above the sequence seems to emphasize the word ""미래."""
core,Game,"The image features a set of illustrated icons. At the top, there are two origami-like figures: one shaped like an open box in orange and the other appears to be a smaller diamond-shaped piece in yellow and green. Below, there are three hand icons arranged side by side. The first hand is in a fist position, the middle hand is pointing with its index finger, and the third hand is in a ""peace"" or ""victory"" sign with the index and middle fingers extended. The overall image represents the concept of ""game."""
core,Goodbye,"The illustration shows two open hands with their palms facing outwards and slightly angled towards each other. Above the hands, there are two curved lines suggesting motion or waving. The image represents the Korean phrase ""잘가"" which translates to ""Goodbye"" or ""Go well""."
core,Goodbye,"A simple, cartoon-style illustration of a person who is smiling and waving their right hand, shown with motion lines indicating movement. The character has a round head with two dots for eyes and a curved line for a mouth. They are wearing a long-sleeved teal shirt, blue pants, and dark shoes. There is a greeting ""안녕히가세요"" in Korean, meaning ""Goodbye"" or ""Farewell""."
core,Grasshopper,"A cartoon-style illustration of a green grasshopper with striping details, two long antennae, and six legs. Its oversized wings are yellow with pink spots."
core,Grooming,"The illustration features a human ear, a star, and a pair of red lips with a lipstick. A dashed line connects the ear to the star. The visuals combined seem to represent the concept of listening and then speaking or responding."
core,Guitar,"A simple, cartoon-like illustration of a magician's top hat with a burst of colorful shapes, representing magic. Three curved lines in yellow, red, and black, and various confetti-like shapes are scattered around. Above the hat, the word ""기타"" is written in red Hangul, indicating that the illustration is related to the Korean word ""기타,"" which translates to ""other"" or ""etcetera"" in English. The background is plain white."
core,Health,"A stylized person with a simple, smiling face and a bare upper body. Next to the person is an oversized yellow syringe with an orange plunger and a needle pointing towards the person's arm, suggesting a vaccination or medical injection. The graphic symbolizes health care or medical intervention. It correlates with the Korean word ""건강"" (geongang), meaning ""health."""
core,Heart,A classic red heart shape with a three-dimensional appearance due to lighter red shading and highlights. It is commonly recognized as a symbol of love and affection.
core,Hello,"A stylized illustration of a traditional telephone handset in a peach or light pink color. Above the handset, on the right side, there are several curved lines symbolizing sound waves or signal transmission emanating from the earpiece of the handset. The image represents audio communication or a phone call."
core,Hello,"A simple illustration of a cartoon character, a young male smiling and bowing slightly at the waist. The character has spiky brown hair, wears a white short-sleeved shirt, brown shorts, and blue shoes. The bow accompanies the phrase ""안녕하세요"" (annyeonghaseyo), which means ""hello"" in Korean."
core,Honorifics,"An illustration featuring two stylized characters. On the left is an elderly figure with grey hair, wearing a sweater with a shirt and tie underneath, and on the right is a younger person with short hair and a green shirt. Above the figures is a red, inverted triangle. The concept represented is respect for elders, as indicated by ""존대"" which in Korean means ""honorific""."
core,Hooray!,"A cartoon character with both arms raised high in the air, symbolizing excitement or celebration. The character has a friendly appearance, with a wide smile, rosy cheeks, and a tuft of hair on top of its head. The character is wearing a white shirt and is in a cheerful and victorious pose. The character is associated with the expression ""만세"" (""Mansae"") in Korean, often used to express joy or hooray."
core,Hospital,"A simplified representation of a hospital. There is a rectangular building with multiple windows, and a prominent cross on the top center. At the entrance of the building, there are a set of doors. The building is primarily white, the medical cross is red, and the windows and doors are shades of blue and purple."
core,House,"A two-story house with a brown exterior and a triangular roof. The house has a central front door and six windows symmetrically placed on both floors, represented with a cross indicating panes. In front of the house, there is a white picket fence with pointed tops."
core,How?,"A red question mark in the center of a white triangular background with a thin black outline. The image conveys a sense of inquiry, questioning, or the need for information. The meaning of the Korean phrase ""어떻게"" (eotteoke) translates to ""how"" or ""in what way"" in English."
core,I'm-not-feeling-well-these-days,"A simple, cartoon-style figure of a person with a sad or unwell facial expression. The figure is standing upright and facing forward, with a white bandage on their forehead. They are wearing a teal shirt and navy blue pants. The arms are hanging straight down by the sides, and there are no visible hands."
core,I_Like_Programming,"A smiling cartoon character with a tuft of hair on their head, raising their right hand to make an ""OK"" sign. To the left of the character, there's an old-fashioned television set with dials and a screen. Below the character and the TV, the word ""OK"" is prominently displayed in capital letters."
core,Incorrect,"Two symbols side by side: a black letter ""O"" on the left, separated by a slanted black forward slash from a red letter ""X"" on the right. The symbols commonly represent ""yes"" and ""no"" respectively."
core,Internet,"The image shows the Internet Explorer logo, which consists of a lowercase 'e' with a blue color and a white orbit encircling it. The 'e' is stylized with a bold outline that matches the orbit's color."
core,Keyboard,"A blue-colored image with the letters ""T"" and ""C"" in a large font size arranged in a horizontal line. The letters are in a sans-serif font. The illustration symbolizes ""글자판"" in the ""Core phrases"" category."
core,Kindergarten,"A cartoon illustration of a cheerful young boy wearing a yellow baseball cap and a white T-shirt, standing in front of a yellow two-story house with a red roof. The house has multiple windows and a brown door, enclosed by a short white picket fence. The depiction corresponds to the Korean term ""유치원"", indicating that the building represents a kindergarten and the child symbolizes a student."
core,Kiss,"A stylized drawing of a boy and a girl standing close to each other, their faces turned towards one another. The boy appears to be giving the girl a peck on the cheek, both displaying content and happy expressions. A large red heart floats above them, symbolizing love or affection. The illustration is a visual depiction of the word ""kiss"" in Korean, which is ""뽀뽀"" (ppo ppo)."
core,Laughing,"A simple illustration of a person standing with a broad, smiling face. They have black hair and are dressed in a pink top with long sleeves and a purple skirt, along with grey shoes. The character's pose appears relaxed with hands gently clasped together. The image symbolizes happiness or greeting, with the accompanying Korean phrase ""웃겨요"", translating to ""That's funny"", implying laughter or amusement."
core,Like,"A smiling cartoon character with short, brown hair is holding up a square sign with a red circle on it. The character has a cheerful expression, with two small blush marks on its cheeks. The square sign with the red circle is centered on the body. The design communicates a positive message, indicating liking something or approval."
core,Mealtime,"A round clock with its hands pointing to just before 12:00, indicating that it is almost noon or midnight. Next to the clock is an open lunchbox, partially visible, containing rice topped with green peas and a side of food that might include items like chicken and vegetables. The image suggests a concept related to mealtime—possibly lunchtime."
core,Money,"An illustration features a stack of green paper currency alongside two silver-colored coins. The banknotes have a simplified design, and the coins are depicted as round and flat with a rim. The image represents money or financial transactions."
core,Mother,"A cartoon illustration of a woman with short hair and a wide smile, waving her hand, wearing a white apron over a pink and white outfit. There's also a Korean word ""어머마"" (eomma), which means ""mother."""
core,Music,"A musical staff with a treble clef symbol at the start. There are five musical notes on the staff, the first two notes appear connected with a beam, and the next three standalone notes also appear connected with beams. The illustration correlates with the word ""음악"" which means ""music"" in Korean."
core,My_Birthday_Is_On_,"A round chocolate birthday cake with white icing on top and several lit candles. One slice of the cake has been cut out, showing the layers inside. Underneath the cake, there is Korean text that appears to be a placeholder for a person's birthday date. The cake is placed on a round-shaped plate or surface. The image indicates a birthday celebration."
core,Next,"A red arrow pointing towards the right with a thick border and a filled-in body. The arrow has a classic arrowhead shape with a straight line on the left side and a pointed tip on the right, symbolizing direction or the concept of ""next""."
core,No,"A bold red ""X"" mark with a slight shadow, giving it a three-dimensional appearance. The ""X"" is outlined with a thin black border, and it is set against a plain white background."
core,Numbers,"The image shows the numerals 1, 2, 3, 4, 5, and 6 displayed in two rows of three, against a plain background, arranged in ascending order from top left to bottom right. Each numeral is colored in a shade of orange. The image represents the concept of counting or the basic numbers in math."
core,Obedience,"Two cartoon-like characters placed side by side. On the left, there's a younger person with short hair, a neutral expression, and wearing a teal-colored shirt. On the right, there's an older person with white hair, a happy expression, and wearing a grey shirt with a V-neck sweater. Above the two characters, centered between them, is a small red inverted triangle."
core,Occupation,"A cartoon-style illustration of three individuals, each representing different professions. The first person is a chef, identifiable by a white chef's hat and holding a large fish. The middle person is wearing a newsboy cap and carrying a camera. The third individual is dressed in a business suit and tie, holding a tablet or clipboard. The image portrays the concept of ""profession"" or ""occupation"" by depicting a variety of job roles."
core,Okay,"A cartoon character with a cheerful expression, raising their right hand to display an ""OK"" gesture. The character has short, brown hair and is wearing a white t-shirt. To the left of the character, the letters ""OK"" are prominently displayed in large, bold font."
core,Open,An open doorway leading into a room with a green cabinet having two white doors. Two pink frying pans with brown interiors rest on top of the cabinet. Room has a white back wall and black lines extending from the corners of the illustration.
core,Opportunity,"Two punctuation marks: a question mark (?) on the left and an exclamation mark (!) on the right. Both are depicted in a bold, dark blue color against a plain, light background. The marks are aligned vertically at the same height."
core,Past,"Three adjacent squares aligned horizontally. The leftmost square is red with the word ""과거"" (past) written in white Korean characters. The middle square is white with the word ""현재"" (present) in black Korean characters. The rightmost square is white with the word ""미래"" (future) in black Korean characters. Above the squares, there is a large red leftward-facing arrow pointing towards the red square."
core,People,"Two cartoon-style figures side by side, one male with short hair and a green shirt and one female with long hair and a pink shirt. Both characters are smiling and are presented from the shoulders up, against a plain white background."
core,Pharmacy,"A stylized cartoon representation of a pharmacy with a beige facade, grey roof, and green cross symbol above the entrance. The entrance has two grey doors. There's an image of a prescription paper with three pills drawn on it—two capsules (one blue and one white) and one round pink tablet. The image symbolizes a pharmacy or drugstore where prescriptions are filled and medicine is sold."
core,Please,"A character with a concerned or pleading expression. The character has short, spiky hair, wearing a simple white shirt. The character's hands are pressed together in front of the face in a gesture that conveys a request, plea, or gratitude. The style is stylized, exaggerated, and cartoon-like."
core,Positive,"Two characters: a red ""O"" and a black forward slash followed by a black ""X"" on a plain white background. The characters are bold and clearly distinguished."
core,Present,"A horizontal rectangular diagram divided into three sections. The center section is highlighted in red and contains the Korean characters ""현재"" which means ""present"" or ""current"". The sections to the left and right of the red block are white and contain the Korean characters ""과거"" (meaning ""past"") and ""미래"" (meaning ""future""). Above the central red section, there is a large red arrow pointing downwards towards the word ""현재""."
core,Previous,"A bold red right-facing arrow set against a plain background, symbolizing the Korean word ""이전,"" which means ""previous"" or ""before."""
core,Question,"A neutral-expressing humanoid figure is featured. Above the figure's head, there is a stylized red question mark, symbolizing curiosity or inquiry. The figure appears to be male, with short black hair, and is wearing a teal-colored shirt. The design represents the concept of asking a question or expressing the need for information, which corresponds to the Korean word ""의문"" (question or doubt)."
core,Really,"A simple, stylized face with a surprised or shocked expression. It features large, wide-open eyes and a small, round mouth hanging open in surprise. Above the head is a red exclamation point, indicating a sudden realization, surprise, or shock."
core,Reception/Payment,"A rectangular nameplate with a white background and a black border. In the center, written in red Hangul characters, are the words ""접수/수납,"" which translate to ""Reception/Payment"" in English. The nameplate is meant to sit on a flat surface, like a desk or counter, with one end propped up so that the text faces the viewer."
core,Religion,"Two hands are placed together side by side in a gesture that is often associated with prayer or a religious expression. The hands are depicted with simple line art style, with outlines and basic shading. The fingers are shown slightly interlocked in a symmetrical pose. This gesture is often used to represent prayer, religion, or spirituality across various cultures and faiths."
core,Room,"An open door leading into an empty room, depicted with an orange frame and two yellow panels. The room has no additional detail and is shown in a perspective view, its interior shaded in gray. The walls extend outwards, creating a sense of space within the room."
core,Schedule,"A notepad with a red cover and spiral binding at the top, accompanied by a pencil with a pointed lead. They are common representations of a schedule or planner. The word ""스케줄"", which translates to ""schedule"" in English, is also present."
core,School,A simplified illustration of a symmetrical school building with a red roof and a central triangular pediment with a circular clock. The building is light yellowish in color with multiple windows and a prominent entrance with a brown door.
core,Seasoning,"A red bottle with a white diamond-shaped label and a green top, which represents a hot sauce bottle and a gray shaker with multiple small holes on the top, symbolizing a salt shaker. Both items are outlined in black. The image symbolizes condiments or seasonings commonly used for flavoring."
core,Shopping,"An illustration of a person engaged in shopping. The character has a stylized appearance with a round head and a minimalistic face, sitting down with one leg visible and the other implied. The person is wearing a long sleeve top in teal and is holding a red item, possibly indicating a selection or purchase. A large white bag with black handles is depicted near the character, indicating that shopping has been done or they're ready to shop."
core,Smile,"A cartoon character smiling with short, spiky hair and wearing a white T-shirt. Both of his hands are raised, pushing up the corners of his mouth and there are two small red arrows pointing upwards. The character has rosy cheeks. The Korean phrase in the image ""웃어요"" translates to ""Smile"" in English."
core,Snack,"The illustration features a cupcake topped with frosting and a cherry, alongside two cookies dotted with chocolate chips. The colors include shades of brown for the chocolate chips and cupcake frosting, a lighter shade for the cupcake base, and a reddish color for the cherry on top. The cookies are depicted from a top view, while the cupcake is shown from a slightly angled side view. The image represents snacks or desserts, which correlates with the Korean term ""간식"" (gansik), meaning ""snack."""
core,Sneakers,"An illustration of a pair of sneakers in white and shades of grey, with accents of peach or salmon color. The sneakers feature velcro straps across the top."
core,Speech,The illustration shows a speech bubble icon with three dots in its center arranged in a horizontal line. The speech bubble is rounded on one side and pointed on the other.
core,Sports,"Two balls: one is a traditional black and white paneled soccer ball, and the other is a smaller green ball with white curved stripes, typically associated with tennis. The image is related to sports, as indicated by the word ""스포츠"" (sports in Korean)."
core,Subway,"A simplified illustration of a subway train, depicted in a side profile view with several windows. The colors primarily consist of shades of orange, gray and blue for the windows. The train appears to be on tracks, indicating its association with rail transportation."
core,Supermarket,"A simplified representation of a storefront or market stall, symbolizing a supermarket. The store facade has a striped yellow and white awning atop a gray structure with one visible shelf in the window. On display are two red tomatoes, a yellow spherical object, a cheese wheel with holes, and two lemon halves or wedges. Above the window, there is Korean text which reads ""마트,"" translating to ""mart"" in English. The colors include yellow, red, white, and gray."
core,Supermarket,"A simple representation of a storefront with a striped awning in yellow and white at the top. Under the awning is a sign with Korean text ""슈퍼마켓"" which translates to ""Supermarket"". The front of the store is colored grey, with a single orange door that has a round yellow doorknob on the right side."
core,Taxi,"The illustration depicts a yellow taxi cab with a side profile view that showcases the car's four wheels, two windows, and a taxi light on the roof. It can be recognized as a symbol for a taxi."
core,Teacher,"An image of a person standing in front of a greenish-colored blackboard. The person has straight black hair, a smiling face, and is wearing a yellow long-sleeved shirt and a grey skirt. On the blackboard, in the top right corner, rests an unmarked book. The background is white. It appears to represent a cartoonish and minimalistic teacher or educational setting."
core,Timeline,"A horizontal array of three squares, each with a different background color and Korean text. From left to right: the first square has a red background with the Korean text ""과거,"" the second square has an orange background with the text ""현재,"" and the third square has a yellow background with the text ""미래."" The words represent the Korean terms for ""past,"" ""present,"" and ""future,"" respectively."
core,Traffic,"A simplified, cartoon-style blue car facing right with a traffic light to its left. The traffic light has three colored circles arranged vertically: red at the top, yellow in the middle, and green at the bottom, indicating a traffic signal at an intersection. The image could represent the concept of traffic or driving. The term ""교통,"" which means ""traffic"" in Korean, is also provided."
core,Train,"An illustration of a modern, two-carriage train, in a grey color scheme, depicted on a stretch of railway tracks. Each carriage has windows and doors, indicating passenger compartments. The image represents the Korean word ""기차"" (gicha), meaning ""train"" in English."
core,Tree,A stylized illustration of a tree with a brown trunk and vibrant green canopy. The trunk has visible lines representing the bark and individual leaves with small notches are shown in the canopy. Suitable for a variety of uses including educational materials or iconography.
core,Turtameleon,"A cartoon of a creature that is a combination of a turtle and a chameleon. It has the shell and body structure of a turtle, with segmentations on the shell, and the head and curled tail of a chameleon. The creature is various shades of green, with a yellowish underbelly. The eyes are large and yellow, and there's a visible circular pattern on the side of the head."
core,TV,"A simple line drawing of a modern flat-screen television set, featuring a rectangular screen with a narrow frame or bezel and a basic stand or base at the bottom. The screen area is depicted in solid grey color, suggesting it is turned off or displaying a blank screen."
core,Uncertainty,"A vertical line hides the center of a circle on its left side and the center of a cross on its right side. The visible parts of the circle and cross suggest the letters ""O"" and ""X,"" respectively. The image is in black and white with a plain background."
core,What,"A bold red question mark centered on a white background with a simple black border framing the entire image. This illustration signifies a question, uncertainty, or the need for more information."
core,Wheelchair,"A simplified line drawing of a wheelchair featuring a large back wheel with spokes, a smaller front wheel, a footrest, and a seat with a backrest. The handles for pushing the wheelchair extend from the top of the backrest. The design represents the wheelchair symbol commonly used to indicate accessibility for individuals with mobility disabilities."
core,When?,"An analog clock with a white face and black hands, the second hand is red. There's a large red question mark to the right of the clock. The image seems to symbolize a question about time or schedule."
core,Where,"A red question mark centered between two hands with fingers pointing in opposite directions. The hands are drawn in a simplified style with outlines, and the fingers point horizontally away from the question mark, symbolizing confusion or the act of questioning."
core,Where?,"An illustration of a person with a neutral expression, holding a hand to their forehead as if visually searching into the distance. Above the figure is a red question mark, suggesting confusion. The image includes the Korean word ""어디에"" that means ""where""."
core,Who,"A stylized silhouette of a person's head and shoulders in gray, superimposed with a white question mark. The silhouette is set against a lighter gray circle. The Korean Hangul characters ""누구"" meaning ""who"" are also included. This symbol represents anonymity, an unknown person, or a query about someone's identity."
core,Who,"Two identical silhouettes of human heads facing forward are placed inside circles side by side. Between the two head silhouettes, there is a red question mark. The image symbolizes the concept of asking about or identifying a person, which is consistent with the Korean phrase ""누가"", meaning ""who"" in English."
core,Why?,"A cartoon character with a questioning expression. The character is a light-skinned male with brown hair, wearing a white t-shirt. His eyebrows are raised, and he has a slight frown, with arms are raised at his sides with palms facing upward. To the right of the character is a large red question mark. The given phrase ""왜"" in Korean is also present."
core,Wow,"A cheerful cartoon character with spiky hair, wearing a plain white t-shirt. They are holding up both hands with palms facing forward, indicating surprise or excitement. Above the character, there is the Korean word ""와우"", which translates to ""wow"", suggesting a feeling of amazement or excitement."
core,Yes,"An illustration of a solid red circle with a slightly darker red border, set against a plain white background."
core,You,"Two stylized figures facing each other against a white background. The figure on the right, clothed in a green shirt, is extending their right arm to point directly at the figure on the left, who is wearing a gray shirt. Above the figure on the left, there is a small red inverted triangle. The characters are drawn with simple lines and solid colors, with circular heads and black dots for eyes."
core,You,"Two stylized figures facing each other against a white background. The figure on the left is grey with a simple black outline, featuring a round head with two dots for eyes and a straight line for a mouth. The figure on the right is teal, with a similar round head and facial features, but with an arm extended toward the first figure, pointing directly at them. Above the scene, there is a small red triangle pointing downward, towards the interaction between the two figures."
disability,Bribery,"Two stylized figures facing each other. The figure on the left is holding a stack of banknotes with ""10000"" written on the top note. There is a curved arrow pointing from the stack of money in the left figure's hands to the right figure, suggesting a transaction or transfer of money from one person to another. Both figures are depicted with simple lines and shapes, and are sitting down with their legs extended forward."
disability,Compensation,"A simplistic representation with three main elements - a house-like figure with a brown roof and a stack of money inside labeled ""10000,"" a red arrow pointing rightward, and a stylized figure of a person standing upright, wearing a teal shirt and dark pants. The image conveys the idea of financial resources or money moving from a house to a person."
disability,Inheritance,"Two stylized, cartoon-like human figures are standing side by side. On the left, there is an elderly figure holding a large stack of currency notes with ""1000"" written on the bands. A red arrow points from the elderly figure to the younger figure dressed in a teal shirt and blue pants, suggesting a transfer or offer of money."
disability,Perpetrator,"A simple, flat design cartoon of a human figure standing upright with their arms hanging by their sides. The person has black hair, a neutral facial expression, is wearing a long-sleeved grey shirt, and black or dark grey pants. Above the figure, there is Korean text ""가해자"" which translates to ""perpetrator"" or ""offender"". The figure and text are against a plain white background."
disability,Unity,"Two hands clasped together, appearing from the wrist up and are positioned one on top of the other, with the fingers of the top hand wrapped around the other hand indicating a firm grip or handshake. The color palette of flesh tones is used for the hands on a plain background. The image could symbolize agreement, partnership, or cooperation."
disability,Victim,"A flat-designed illustration of a human figure with a neutral expression, slight frown, short black hair, standing straight. The person is wearing a teal long-sleeve shirt, blue pants, and black shoes. Above the figure, there is text in Korean which reads ""피해자,"" meaning ""victim"". The background is plain white."
disability,Withdrawal,"A stylized building with the Korean word ""은행"" (translates to ""bank"") on the left side. In the center, a stack of banknotes with ""10000"" written on the top note. A red arrow points from the stack of money to a simplified figure of a person sitting in a chair, possibly a wheelchair, on the right side. The individual's head is turned to look at the money, suggesting a financial transaction."
food,Abalone,"Two stylized abalones with a brown-colored interior suggestive of a typical abalone's edible part, set within a gray, textured shell with a blue rim."
food,Almonds,"The illustration depicts four almond nuts, showing the characteristic teardrop shape with a central seam indicating the nut's texture. The almonds are colored in a light brown, with darker brown lines to provide contrast and detail."
food,Americano,"A white, ceramic coffee cup filled with dark brown liquid, likely representing coffee. The cup is situated on a matching white saucer, with a slight shadow indicating the cup is resting on a surface. The handle of the cup is visible and positioned to the right side of the image, with a view from a slightly above angle. The brown color of the liquid has a slight ripple, suggesting a freshly poured or stirred beverage. The image has bold outlines accentuating the cup and its contents against the white background."
food,Anchovies,"An illustration of a group of small fish tightly packed together with a slender body, a clear eye spot, and lines indicating fins and tails in shades of grey and white with black detailing. The image represents ""멸치"" which translates to ""anchovies""."
food,Apple,"Two red apples, one whole and the other cut in half vertically, revealing the inside with seeds and core, are presented against a plain white background. The term ""사과"" is also present, which is Korean for ""apple."""
food,Banana,"An illustration of several bananas connected at their stems, appearing ripe with a bright yellow color. They exhibit smooth textures and curved shapes."
food,Barley,"The illustration features a pile of light brown grains, resembling rice, on the left, and two stalks of wheat with golden yellow ears on a background of linear black spikes, representing wheat stalks on the right. The wheat ears are detailed with individual kernels. ""보리"" is the Korean word for ""barley,"" but the image may suggest grains in general, including rice and wheat."
food,Beer,"A beer mug with a handle, filled with a golden yellow liquid which suggests beer. The mug is topped with a frothy white head that is spilling over the rim, indicating the beer is effervescent and freshly poured. The beer mug is set against a plain background, with the Korean word ""맥주"" (maekju) which translates to ""beer"" in English."
food,Beverages,"Three beverage containers: two cans and one carton. The left can is red with a black horizontal stripe in the middle, the one behind is green with white stars. Both cans have a silver pull-tab at the top. On the right, there is a yellow-orange juice carton with a picture of a sliced citrus fruit and white stars around it. The carton has a white screw cap at the top. This image symbolizes ""음료수,"" which translates to ""beverage"" in Korean."
food,Biscuit,"Three brown biscuits with a rugged, textured top on a white plate with a slight shadow underneath. The coloring suggests they might be chocolate flavored or made with brown ingredients such as whole wheat."
food,Blending,The illustration depicts a blender with a transparent pitcher on top containing a yellow-orange substance. The pitcher has a detachable lid. Below the pitcher is the grey base of the blender with a button for operating the machine.
food,Blueberries,"The illustration depicts three stylized blueberries grouped together. They have a primary purple color for the body and blueish accents to represent the calyx at the top. The background is plain white, focusing entirely on the blueberries."
food,Broken,"An illustration shows a broken white container, possibly a paper or styrofoam cup, with its top part ripped off unevenly, and a shattered glass bottle lying on its side with the neck intact but the body is broken into large pieces. The glass shards are spread out close to the bottle's main body."
food,Brownies,"A stack of square-shaped, baked chocolate brownies with a dense, moist texture and fudgy appearance. They are rich, dark brown in color and are stacked in a casual manner, with some edges showing a slightly crisp appearance."
food,Bulgogi,"The illustration depicts a plate of food, possibly a Korean dish. The dish in the image is comprised of several reddish-brown meaty chunks or patties, possibly indicating marinated meat. The meat is garnished with green slices that might represent scallions or other greenery. The plate itself is simple and white, accentuating the food it contains. The illustration style is cartoonish and uses bold outlines with flattened colors."
food,Butter,"A yellow stick of butter with a small piece cut off, resting on a flat surface. The cut section creates a distinct corner that is separated from the main block, revealing the inner texture of the butter. The butter has a slightly shiny and smooth appearance. The outline and details are done in simple black lines. The background is plain."
food,Cake,"An illustration of a cake decorated with white frosting, diced fruit possibly kiwi, and other small bits sprinkled on top. A dollop of whipped cream with red berries or cherries on top sits in the center. There's also a small decorative figure of a bear seated to one side of the cake, and a heart-shaped piece with the words ""Happy Birthday"" inscribed on it. The overall appearance suggests a sweet, festive dessert typically used for celebrations such as birthdays."
food,Candy,"The illustration shows two pieces of candy. One is a wrapped hard candy with a yellow center and a green twisted wrapper at each end. Below it is another round, possibly an unwrapped candy, in a peach or pink color."
food,Cappuccino,"A white coffee cup filled with a beverage on a saucer, viewed from slightly above, showcasing the frothy top layer with a sprinkling of what appears to be cinnamon or chocolate shavings. The cup is labeled with the term ""카푸치노,"" the Korean word for ""cappuccino."""
food,Caramel,"The illustration depicts two pieces of caramel candy wrapped in yellow and green twisted wrappers with an orange label that has Korean text on it. One candy is intact while the other one has its wrapper partially opened at one end, revealing the brown caramel inside."
food,Carrot,"A cartoonish illustration of an orange carrot with a green top and a few horizontal lines across the body to show texture, on a plain white background."
food,Cereal,"A bowl filled with small, flaky, golden-yellow pieces that look like cereal. To the right of the bowl, there is a blue and white milk container, with its top side facing towards the viewer. The image is set against a white background."
food,Cheese,"A triangular wedge of yellow cheese with several round holes, characteristic of ""Swiss cheese"". The cheese has a yellow hue with a smooth surface, and the holes are of varying sizes. The background is plain, with the cheese as the central focus of the image. The word ""치즈"" mentioned refers to ""cheese"" in Korean."
food,Cheeseburger,"A cheeseburger with a toasted sesame seed bun, fresh lettuce, a slice of melty cheese, a beef patty, slices of pickles, and a layer of mustard or another condiment beneath the beef patty. It is depicted against a plain background."
food,Cherry,"A pair of glossy red cherries connected by their green stems. They appear ripe and fresh against a plain white background. ""체리"" (cherry) is the word they likely represent in Korean."
food,Chocolate,"The illustration depicts a rectangular chocolate bar designed with smaller, individual squares marked with a star or flower pattern in the center of each square. The chocolate bar is colored in various shades of brown and oriented diagonally in the image."
food,Chopsticks,"A simple black-and-white line drawing of a pair of chopsticks. The chopsticks are depicted at an angle, with the tips pointing to the top-right corner of the image. They appear to be the typical long, slender utensils used for eating in various Asian cuisines."
food,Cider,"A green can with a silver top and pull tab, featuring white stars of varying sizes on its surface. Next to it is a clear glass containing a light-colored beverage with visible bubbles, representing a soda or soft drink. The term ""사이다"" (romanized as ""sa-i-da""), meaning ""cider"" in Korean, is often used to refer to a clear, carbonated soft drink similar to Sprite or 7-Up."
food,Citrus,"Two citrus fruits, one peeled and the other unpeeled, are shown. The peeled fruit reveals segments and emits some juice, while the whole fruit includes a small green stem on top. Both fruits are golden-yellow in color. The peeled fruit's rind sections are strewn about, with drops of juice around it, and the whole fruit appears round and ripe."
food,Clams,"A trio of clams arranged closely together. They are depicted with a simple but detailed design, showcasing the clams' textured shells which have a pale color scheme with varying shades of beige and brown stripes. The illustration appears slightly three-dimensional due to clean lines and subtle shading."
food,Clementines,"Two round, orange-colored fruits with a simplified design, possibly oranges or tangerines. Each fruit features three black lines suggesting the segmentation of the peel and a small black dot representing the fruit's stem attachment point. Lighter orange accents and small white highlights give a sense of curvature and dimension to the fruits. The fruits are in close contact, almost as if they are stuck together."
food,Coca-Cola,"Five Coca-Cola cans in a row, each displaying distinctive red and white branding elements, including the company's logo and dynamic ribbon. The cans showcase different designs, possibly representing various editions or promotional variants. They are set against a neutral background."
food,Cocoa,"A beige mug filled with a brown liquid, likely representing hot cocoa, alongside a segmented bar of brown chocolate which can be broken off into individual pieces. The image represents cocoa or related chocolate products."
food,Coconut,"An illustration depicts two halves of a coconut. The coconuts are brown on the outside and have a white interior lining with coconut water inside. The inner flesh is creamy white, and the liquid inside has a light yellowish tint."
food,Coffee,"A simple, stylized image of a cup of coffee on a saucer with a spoon lying next to it. The coffee is depicted in a dark brown color. The cup, saucer, and spoon are beige with outlines and shadow details for depth. The image includes the Korean word ""커피"", which translates to ""coffee"" in English."
food,Condiment,"A horizontally tilted bottle with a green label in the middle, capped with a gray lid. The bottle is squeezed such that two yellow droplets are being expelled from the open cap, suggesting a liquid condiment inside. The image is on a white background. It is associated with the concept of seasoning or flavoring in the context of food."
food,Condiments,"A cartoon illustration of a condiment bottle, containing some type of sauce or dressing, with a slight slant indicating that its contents are being poured out. The label on the bottle features a stylized image of a pea pod with green peas inside, suggesting that the contents may be pea-flavored or related to peas."
food,Cookies,"A container holding several round, golden brown cookies that might contain visible specks, suggesting chocolate chips or nuts. The container seems to be a paper or cardboard tray. The background is plain and the image represents “쿠키,” the Korean word for ""cookies."""
food,Crab,"A stylized illustration of a crab with a prominent grey shell with white speckles. It has two large, red claws with pink spots, which are raised above its head. The crab's legs are also red-pink with white tips and arranged symmetrically. Its eyes are visible as two yellow dots on the front of its shell."
food,Cream,"A stylized image of a white cup with a handle on the right side, placed on a saucer, filled with a brown liquid. Above the cup, there's a stream of white, possibly representing milk or cream, being poured into it, creating a swirl on the surface of the liquid. The image is contained within a square border with rounded corners, with a thick red outline and a thin black line just inside. The background within the border is white. This could represent a hot beverage, such as coffee or tea."
food,Cucumber,A green cucumber with a slightly textured surface and several small black dots to represent seeds or natural texture. The cucumber is elongated with a tapered end. It is colored in shades of green with outlines in black giving it a cartoonish appearance. The background is plain white.
food,Cup,"A simple, minimalistic illustration of a cylindrical container with no handle, possibly a paper or plastic cup. The body of the cup is light blue and the outlines are a darker blue. The background of the image is white."
food,Cupcake,"A single cupcake on a plain background. The cupcake has a brown base, presumably chocolate-flavored, and is topped with a generous swirl of white frosting speckled with small dark flecks. It's garnished with a single coffee bean on the top."
food,Cutlassfish,"A stylized drawing of a fish with a long, narrow, streamlined body, a pointed head and tail, and colored in shades of grey with black outlining. The fish has a simple yellow eye with a black pupil. The image appears flat with minimal shading or detail and is meant to represent the Korean word ""갈치"" (galchi), meaning hairtail or cutlassfish."
food,Delivered,"The illustration depicts a portable food container, resembling a lunch box or meal carrier with two tiers, each containing three circular indentations, possibly holding plates or dishes. The carrier has a handle on top. The Korean phrase ""배달됐어요"", translating to ""It has been delivered"" is associated with it."
food,Dislike,"A stylized representation of a person from the shoulders up, with a facial expression of distaste. Next to the person's face is a lemon wedge, indicating a sour reaction. The person is wearing a green shirt on a plain white background."
food,Donut,"A classic glazed donut with a golden brown, fried exterior and a shiny, sugary glaze. It has a traditional round shape with a hole in the center and a slightly flaky texture suggesting a fresh, crispy crust. The image has a white background."
food,Drinking,"A cartoon character of a young person with spiked hair is shown, smiling and holding a glass filled with a liquid, presumably water. They are wearing a short-sleeved t-shirt and appear to be in a cheerful mood. The image could symbolize drinking or hydration."
food,Eel,"A stylized depiction of an eel with a long, slender body that curves in an 'S' shape. It is colored in shades of gray with a pale underside. The tail is tapered with a hint of pale yellow or brown. The head is simple with a pointed snout and appears to have fins or flippers near the head portrayed with small brown shapes."
food,Espresso,"An illustration of a white espresso cup filled with rich brown colored coffee. The cup is sitting on a matching saucer. The style of the illustration is simple and graphic, with clean lines and minimal shading."
food,Fanta,"An illustration depicts a bottle of orange-colored soda, made of glass or plastic and capped with a gold or orange twist-top lid. The label on the bottle is predominantly orange with a blue logo that says ""Fanta"" in white letters, along with a small green leaf design above the letter 'n'. The liquid inside the bottle matches the orange hue, suggesting it could be an orange-flavored beverage."
food,Fish,"An illustration of three stylized fish aligned horizontally. They have grey scale-like bodies, yellow fins, and prominent eyes with a black iris and yellow ring. The fish appear three-dimensional due to some shading. The illustration represents the category of food."
food,Fish,"A cartoon-like depiction of a brown fish with a lighter belly and a darker back. It has prominent, circular yellow eyes with black pupils, simple design fins and tail, and a closed mouth. The fish is rounded with a thicker body tapering towards a narrower tail."
food,Flounder,"A cartoon illustration of a fish depicted in a side profile view with its body horizontally oriented from left to right. It has a light beige underbelly transitioning to a darker grey along its back, with small circular spots. The fins and tail are darker grey, and the fish has a yellow eye with a black pupil and a slightly open mouth."
food,Fork,An illustration of a fork with a gray handle and a small circular hole near the bottom. It has four rounded tines at the top and is presented against a plain white background.
food,Fruits,"A selection of various fresh fruits including a whole orange and its slice, a lemon and its half, strawberries, a whole kiwi and a kiwi slice, along with a small brown fruit. The fruits are arranged closely together, forming a colorful and vibrant composition with a focus on citrus fruits."
food,Garlic,"The illustration depicts a bulb of garlic with one of its cloves separated and placed in front. The garlic is stylized with minimal detail, using soft, earthy tones to represent the papery skin."
food,Ginger,"Two stylized ginger roots on a plain background. The larger piece on the left has an elongated and bent shape, while the smaller piece to the right is a typical, lumpy knob of ginger. Both pieces are colored in shades of tan and brown."
food,Grapes,"An illustration depicts a bunch of purple grapes, tightly clustered together and attached to a brown stem. The overall shape of the bunch is somewhat ovular, tapering slightly toward the top. The word ""포도"" is also mentioned, which refers to ""grapes"" in Korean."
food,Grilling,"A fish is being cooked in a shallow pan or pot that is placed on top of a red heat source, with heat waves or steam rising from it. The pan appears to be a traditional East Asian style of cookware. The fish is whole, with a yellowish color and black stripes, suggesting it could be a type of mackerel. The Korean word ""구워요"" which means ""grilled"" or ""cooked"" in the context of food, is also present."
food,Hazelnuts,"The image depicts a group of hazelnuts, with some still in their smooth brown shells and one that is cracked open, revealing the nut inside. The nuts vary in size and are gathered closely together against a white background."
food,Honey,"The illustration shows a glass jar of honey with a white lid and a yellow label with a honeycomb design, and a yellow handle for easy pouring. There is also a caricatured bee hovering close to the jar, implying its role in honey production. The image represents honey (""꿀"" in Korean) and fits within the ""Food"" category."
food,Insufficient,"An illustration depicts a plate with two orange spherical objects which resemble oranges or some other citrus fruits, with one of them only partially shown. The plate is in a simple, flat style with a light grey color and a slightly darker grey outline. The Korean text ""부족해요"" (bujokhaeyo), meaning ""It's insufficient"" or ""I need more"", is also present in the image."
food,Jam,"A graphic of a jar symbolizing a food item, likely a preserve or condiment. The jar is in yellow and brown tones, indicating it could be filled with honey or jam. It has a white lid with a draped white cloth tied around the neck, giving it a traditional or homemade appearance. The background is plain."
food,Just,"An image of a very simple, stylized illustration of a human face. The face is circular with a flat-colored background and has two dots for eyes, a straight line for a mouth, and no nose. The skin tone is a light shade. There is a black, hair-like segment that covers the forehead suggesting a hairstyle with straight-cut bangs. The illustration lacks realistic detail and seems more like an icon or an avatar."
food,Ketchup,"A red bottle with a simple drawing of a tomato in the center and a white cap. The bottle is tapered towards the top, resembling a typical ketchup bottle on a plain white background."
food,Kiwi,"An illustration of three kiwi fruits. Two are whole with brown, fuzzy skins, and the third is cut in half, showcasing the bright green flesh with a white center and small black seeds. The cut surface of the kiwi is prominently displayed at the front and center of the image."
food,Knife,"A simple line drawing of a knife. It features a slender, slightly curved handle that tapers into a long, narrow blade with a rounded tip. Filled with a flat gray color and no additional details or textures."
food,Ladle/Spoon,"A simple line drawing of a spoon with a round bowl and a long handle. The drawing is minimalistic, using outlines filled with a light grey color, which effectively represents utensils associated with eating."
food,Lemon,"A single, ripe, bright yellow, oval-shaped lemon with a textured skin, against a plain background. This citrus fruit is often used in cooking and beverages. The picture clearly focuses on the fruit."
food,Lemonade,"A glass containing a yellow liquid, which appears to be lemonade. The glass has several ice cubes floating at the top. Resting on the rim of the glass is a round slice of lemon, depicted in a simplistic style with visible segments."
food,Lettuce,"The illustration depicts a group of green, leafy elements clustered together. These leaves are broad, somewhat ovate with a textured surface. The color is a uniform green with slight variations in shading. There are no other objects or background details included in the image."
food,Lettuce,"The image depicts a single green lettuce leaf with ruffled edges and a prominent white rib running through the center. The lettuce leaf is rendered in a flat, two-dimensional style with a plain white background. The Korean word ""상추"" is shown, which means lettuce."
food,Lobster,"A stylized orange lobster drawn in profile, with its large claw raised and the other claw visible in front. It features a segmented body, with several small legs underneath and a long, segmented tail that curls underneath its body. The drawing is recognizable and can represent the word ""lobster"" or ""랍스터"" in Korean."
food,Macarons,"An illustration of three macarons in green, yellow, and purple colors. They appear as two rounded shells with filling in the middle."
food,Mackerel,"The illustration features a cartoonish, stylized fish that is primarily blue with a white underbelly, a yellow eye, and a black outline. The fish has a fin on the top and a tail with distinct cuts that suggest segmentation. The drawing is flat, with no shading or gradient."
food,Mangoes,"Two yellow mangoes with a hint of a blush color where the fruits touch. Each mango has a green stem and they share a pair of broad green leaves extending from the top of the fruits, slightly leaning to the left side. The mangoes appear ripe and have a soft oval shape."
food,Many,"An illustration depicts a plate filled with numerous orange spheres, representing an abundance of food items. The orange spheres symbolize a heap of fruit or perhaps a type of food like meatballs, and the plate is shown in a neutral gray tone. The image conveys the concept of ""많이,"" which translates to ""many"" or ""much"" in the context of food, indicating a large quantity or a generous serving."
food,Margarine,"A simplified illustration of a block of butter or margarine. The left portion is colored yellow signifying the buttery part, and the right portion is gray, representing the wrapper or packaging."
food,Mayonnaise,"A simple, stylized bottle with a narrow neck and a ridged cap, potentially representing mayonnaise (""마요네즈"" in Korean). The bottle is light cream or pale yellow with a white cap and outlines. The background is plain."
food,McDonald's,"A logo consisting of a large golden arch that resembles the letter ""M"" against a white background. Below the arch, the word ""McDonald's"" is written in grey font. The logo is associated with the McDonald's fast-food restaurant chain."
food,Melon,"A stylized image of a round, green melon with lighter green, textured lines suggesting the net-like pattern on its rind, and a small brown stem at the top. It appears suitable for use as an icon or visual aid in a categorization related to food or fruit."
food,Milk,"A simple, stylized light blue milk carton with a white panel on the lower half. It has a slanted top with what appears to be a fold or spout for pouring, and a design suggesting a handle or grip area on the top."
food,Milkshake,"A representation of a milkshake. On the left, there is a graphic of a tall glass with a straw, indicating a beverage. Next to the glass, there is a red plus sign, and also an outlined drawing of a milk carton, suggesting a milk-based beverage. The background is plain white."
food,More,An illustration features a red plus sign (+) on the left and a plate filled with spherical orange items that resemble round fruits or ball-shaped food items on the right.
food,Muffins,"An illustration shows three muffins on a round white plate. Each muffin has a golden-brown top and is in a ridged, white paper cup. The style of the image is cartoonish with bold outlines and flat colors."
food,Mustard,"The illustration shows a small bowl filled with a thick and creamy yellow sauce, and a similar colored bottle next to it with a label. The sauce in the bowl is piled up in the center. The Korean word ""머스타드,"" meaning ""mustard,"" is also represented."
food,Nesquik,"The image shows a package of Nestlé Nesquik chocolate-flavored cereal. The Nestlé brand name is visible at the top with the Nesquik logo featuring the Nesquik bunny character stirring a glass of chocolate milk with colorful Nesquik cereal balls bouncing into the glass. Korean characters are on the packaging, with a '400g' mark suggesting the content weight, and additional graphics and text likely providing product and nutritional information."
food,Octopus,"The illustration includes two stylized cartoon octopuses; a light beige or pink one on the left, and a darker pink or reddish one on the right. Both are facing the viewer, with their heads centrally positioned and tentacles fanning out around their bodies. Their heads have visible shiny spots, and the tentacles seem to suggest motion or flexibility."
food,Octopus,"A cartoon illustration of an octopus. The octopus is in a reddish-brown color, displaying its bulbous head and eight tentacles, each with suckers. The octopus has two circular, simplistic eyes with yellow irises and black pupils, giving it a friendly or playful appearance. The image has a thick black outline around the octopus."
food,Octopus,"A cartoon-like illustration of an octopus with a central bulbous head, large blank eyes, and eight tentacles extending outward. The image is colored in a light gray tone and has black outline details. It's associated with food, reflecting that octopus is a common ingredient in various cuisines. ""낙지"" is the Korean word for ""octopus."""
food,Omurice,"The image shows a piece of ""omurice,"" a popular Japanese dish that consists of an omelet made with fried rice and usually topped with ketchup. The omelet is bright yellow with a smooth, slightly shiny texture, and a red ketchup is drizzled across it. The background is plain white."
food,Orange,"Two oranges against a plain background. One is whole and the other is sliced in half, exposing the bright orange interior and segments. The skin of the fruit is textured. The illustration represents the fruit associated with the Korean word ""오렌지""."
food,Oven,"An illustration depicts an oven from a slightly angled perspective, presenting its front and side. The front of the oven has a large window with a dark border and a black panel below that may represent the handle. The top and side of the oven include simple lines to show the shape and structure. Its color is mainly white, with black and gray accents outlining details. The style of the image is cartoonish."
food,Pasta,"The image shows a white bowl containing pasta, which is mixed with various ingredients such as shrimp, peas, pieces of red vegetables that could be bell peppers or tomatoes, possibly leafy greens like lettuce, and herbs sprinkled on top like chopped chives or parsley. The pasta appears to be of a fusilli type, which is spiral-shaped."
food,Peaches,"Three peaches with a soft yellow to pinkish-red color gradient on their skins. Two of the peaches are slightly closer together in the foreground, and one peach is placed slightly behind with a single green leaf attached to its top. All three peaches appear ripe and ready to eat. The background is plain white. ""복숭아"" is the Korean word for peach."
food,Peanut,"A single peanut in the shell with a textured surface and cross-hatched lines indicating the netted pattern, colored in light brown with darker brown lines. Below are two shelled peanuts, depicted with smooth, reddish-brown surfaces. The illustration has a cartoon-like style with bold outlines."
food,Persimmon,"Two orange-colored fruits resembling persimmons, one with a green leaf and stem attached to the top, the other partially obscured behind it. Each fruit has a star-shaped calyx and the texture of the skin is indicated by small dots."
food,Persimmon,"A round, orange fruit with a green leafy stem on top which is depicted in a simplistic and cartoon-like style. The orange color suggests that the fruit may represent a persimmon. The symbol ""감"" is given, which can mean persimmon in Korean. The green stem has five points and a small yellow circle at its center, resembling the calyx and remnant floral parts that are typically found on top of a persimmon fruit."
food,Pickle,"The illustration depicts two round, green slices that resemble pickles. They have a thick black outline and interior details such as seeds and texture marks."
food,Pie,"A simple illustration of a pie with a golden-brown crust placed in a light-colored fluted dish. The crust has a slightly curved, dome-like shape indicating a filled pastry below. The illustration is stylized."
food,Pineapple,"The illustration shows a whole pineapple and two pineapple rings on a plate. The pineapple has a detailed texture on its surface and leaves at the top, while the pineapple rings are shown with a circular hole in the center. The plate appears as a simple, flat dish underneath the fruit."
food,Pistachio,"Three stylized pistachio nuts in their shells, arranged against a plain background. The pistachios have a simplified design with a beige or light brown color representing the shells, which are partially open to reveal a hint of the darker nut inside. The shells have darker lines representing the opening where the shells split."
food,Pizza,"A whole pizza with melted cheese, pieces of ham or pepperoni, black olives, and possibly onions or mushrooms on top. The crust is golden brown. The pizza is presented against a plain background."
food,Pomegranate,"Two pomegranates: one whole and one cut in half to reveal the clusters of red, juicy seeds inside. The pomegranates are stylized with solid colors and simple lines. The color scheme includes shades of red for the fruit and seeds, with outlines in a darker hue to define the shapes."
food,Pomelo,"An image of a citrus fruit similar to an orange, featuring one whole fruit and two halves. The whole fruit has a stem with a small green leaf attached. The insides of the halved fruit reveal a red or pinkish flesh. The fruit's skin is a yellow-orange color. The fruit is presented on a plain white background."
food,Pork,"The illustration shows a cartoon representation of a piece of raw pork (sogogi in Korean) placed on a plate. The pork is depicted as a bright pink slab with white marbled fat detailing. There is a stylized cartoon pig's face on top of the pork with a cheerful expression, potentially as a representational mascot for pork-based dishes or products related to pork. The pig has a round nose. The artwork overall has bold outlines and is colored with a simple yet vibrant palette."
food,Pouring,"A tilted brown bottle pouring some yellow substance into a glass, which already contains the same yellow substance. The glass is depicted in a simple, transparent style, while the bottle has a narrower neck, indicating it may be a sauce bottle. The design is minimalistic with bold outlines and flat colors."
food,Pudding,"A pudding with a smooth and creamy look. The bottom layer is pale yellow, suggesting a vanilla or custard flavor, and the top layer is darker brown, indicating a caramel or similar glaze. The pudding has a traditional dome-like shape with a slight wobble. It is presented against a plain, light background."
food,Pufferfish,"A stylized drawing of a fish with a plump, rounded body that's light brown with a white underbelly and darker brown spots scattered across the upper half. This fish has a large, circular, yellow eye with a black pupil, simple darker shade fins, a tail, and a small curved mouth. It represents a type of fish known as ""복어"" in Korean, which translates to ""pufferfish"" or ""blowfish"" in English."
food,Quality,"A stylized depiction of a single beige bone-in meat or steak piece held by a silver or grey line-drawn fork. Surrounding the meat are two crescent-shaped lines on both sides, indicating sizzling or heat waves. The background is white and the word ""질겨요"" is present, which translates to ""quality"". The symbol may indicate high-quality food or a quality dining experience."
food,Refreshing,"A simple, stylized drawing of a glass filled with a blue liquid with a large white ice cube inside it. There are two small blue droplets depicted above the glass. The illustration has thick black outlines and a cartoonish look, with a white background."
food,Rice,"A grayscale illustration of a steaming bowl of rice. The bowl is rounded with a visible rim and base. The rice inside is indicated with small curved lines to mimic the texture of grains, it fills the bowl to near the top. Above the bowl, there are three wavy lines representing steam."
food,Rice,"A square, wooden container filled with pale beige, circular, dome-shaped grains. The color of the grains contrasts with the rich brown color of the container. The visual aid is meant to represent ""rice""."
food,Rice,"An illustration shows a stylized depiction of rice, ""쌀"" (ssal). There are two main elements: a cluster of rice grains arranged in a pyramid-like shape to the left, and a rice plant with stalks of rice at the top arching to the right. The rice plant has green leaves and stems, with the grains of rice depicted in a golden yellow color."
food,Salt,"A stylized illustration of a blue, cylindrical salt shaker. The top part has several sprinkle holes. White crystals, represented as small hexagons, are spread out below the shaker, indicating that salt is being shaken out. The graphic is recognized as a symbol for salt, corresponding to ""소금"" in Korean within the ""Food"" category."
food,Salt,A simple illustration of a salt shaker with a cylindrical body in light blue color and a grey cap with several small holes on top. It is depicted with a plain white background.
food,Salty,"A cartoon of a salt shaker tilted with salt grains spilling out, paired with a human head whose facial expression indicates surprise or concern. The illustration provides a graphical representation of the taste or concept of something being salty."
food,Sandwich,"A stylized representation of a sandwich, cut in half diagonally. It shows layers that include bread at the bottom and top, with fillings appearing to be lettuce, cheese, and possibly slices of meat or tomato in between. The bread is beige, the lettuce is green, the cheese is yellow, and the meat or tomato is orange."
food,Sauce,"A bottle tilted over a small dish, with a thick golden brown liquid being poured out, possibly a sauce or condiment. The bottle has waves and particles drawn on its label, suggesting flavor or spice. The illustration is in a simple line art style with minimal colors."
food,Sauce,"Two condiment bottles and a small bowl containing a red sauce. The bottle on the left has a yellow label, possibly indicating it contains mustard, and the bottle on the right has a red label, likely indicating ketchup. In the foreground, the bowl holds a red sauce, potentially ketchup or another type of tomato-based dip. The word ""소스"" refers to ""sauce"" in Korean."
food,Scallops,Three scallop shells arranged closely together that are depicted in shades of brown and cream. They have a classic fan shape with ridged details. The illustration style is simplistic and cartoon-like.
food,Seafood,"The illustration depicts a shrimp with its pink and cream segmented body and long antennae, a grey octopus with visible head and tentacles, and a brown and beige clam with a patterned shell. The drawing style is cartoonish with bold outlines and a simple, stylized design. It is an appropriate representation of ""해산물"" (seafood) in the food category."
food,Seaweed,"The image shows a stack of three rectangular-shaped, green-layered food items with white filling drawn in a cartoonish style. The green layers represent seaweed wrapping, and the white filling possibly represents rice or other stuffing. This could be an interpretation of a Korean food known as ""gimbap"" or similar, considering the Korean word ""미역,"" related to seaweed."
food,Selling,"Two stylized figures in the illustration with one holding out a small box to the other. The figure on the right, wearing a green shirt, presents the box to the figure on the left who wears a grey shirt. Above them is a speech bubble with the word ""SALE"" in bold red letters, indicating a sales transaction or promotion. The image suggests a sale or discount situation."
food,Sherbet,"A simple drawing of a bowl that contains what appears to be a scoop of a creamy substance, potentially ice cream. The bowl is white or light gray with an outline giving it dimension. A spoon is inserted into the bowl on the right side. On top of the scoop, there is a small pair of green leaf-like garnishments. The background is plain."
food,Shrimp,"A group of three shrimp with slightly curved bodies are depicted. Shrimp are shaded with a gradient of light pink to white, indicating a cooked appearance. They each have long antennae and segmented bodies with a tail fan at the end. The image is stylized with outlines to define the shapes, and it is presented with a white background."
food,Shrimp,"The illustration depicts a stylized shrimp. The shrimp is curved into a 'C' shape, showing its segmented body, tail, detailed head with two long antennae, and a number of legs. It is colored in shades of pink and orange, suggesting the appearance of a cooked shrimp on a white background."
food,Slightly,"An illustration depicting two spoons side by side with different amounts of white grains. The left spoon contains fewer grains while the right spoon has a larger pile of grains with small red specks. There is a red triangular indicator pointing downward towards the left spoon. The image represents a sequential increase in quantity and symbolizes ""weakness"" or ""lessening"" in the context of flavor intensity, fitting the Korean term ""약간"", meaning ""a little"" or ""slightly."""
food,Snacks,"An opened, golden-yellow chip bag with a silver or gray rim has yellow, round potato chips spilling out. One chip is in mid-air, falling out of the bag, while the rest are clustered together below the opening. The chips have an irregular shape and some texture marks."
food,Soju,"A bottle and a glass associated with ""Soju,"" a popular Korean alcoholic beverage is shown. The bottle is green with a white label that has the word ""Soju"" written on it. Next to the bottle is a small clear glass filled with a blue-tinted liquid."
food,Soup,"A simple cartoonish drawing of a round light gray bowl filled with a light-colored substance, likely representing soup or broth. The substance inside is a uniform, pale cream or yellowish color. The style of the image is clean and straightforward with bold outlines and minimal shading."
food,Soup,"An illustration depicts a shallow, gray-colored bowl with a light-colored soup and a matching spoon midway submerged with the handle resting on the bowl's rim. The overall style is clean and modern, with minimal shading."
food,Spaghetti,"An illustration of a plate of spaghetti, with twirled noodles and pieces of tomato and sliced olives mixed throughout. The dish has a garnish which could be herbs or seasoning. The plate itself and the image background are both white."
food,Spinach,"The illustration shows a bunch of green, leafy vegetables, possibly spinach. They have slightly pointed leaves and stems converging at the base. The leaves are colored in a light green with some darker green lines indicating the veins. The vegetables are outlined with a thin black stroke, giving them a cartoon-like appearance."
food,Sprinkle,"A stylized blue cylinder with a shaded gradient for a three-dimensional appearance. On its top surface there are five round black dots arranged like a salt shaker or a seasoning container. Beside the cylinder, is a small, white hexagon, possibly representing a grain of salt or similar condiment. The image represents the concept ""뿌려요"" translating to ""sprinkle"" or ""to sprinkle"", associated with sprinkling salt, sugar, or spices onto food for flavoring."
food,Squid,"A stylized cartoon of a grey squid with a simple, streamlined body. Its eye has a yellow iris and black pupil. The tentacles are splayed outwards from the narrow end of the body. The image is centered on a plain white background."
food,Squid,"A stylized cartoon squid with a tapered body in a pinkish hue, and tentacles that curl gracefully at the ends. The squid's head transitions into tentacles, and it has two simple, round eyes with small black pupils, giving it a friendly appearance. The overall design is suitable for representing ""오징어,"" the Korean word for squid, in a visual aid for the food category."
food,Steak,"A cooked steak with prominent grill marks and a small cluster of golden-browned, roasted potato pieces are set against a plain, neutral background. ""스테이크"" is the Korean word for ""steak."""
food,Strawberry,"A single ripe strawberry with a bright red color peppered with numerous small seeds, and a green leafy cap. The strawberry's surface appears shiny, suggesting juiciness or freshness. The background is plain white, highlighting the strawberry as the focal point of the image."
food,Sushi,"The illustration depicts three pieces of sushi with different toppings over rice. From left to right, the toppings are salmon, squid, and a yellow omelette. Each sushi piece has a distinct colored band securing the topping to the rice."
food,Sushi,"A rectangular box filled with overlapping, round, beige-colored objects, uniformly arranged to fill the entire visible surface area within the box. The box has a brown exterior. Round objects may represent thinly sliced pieces of food."
food,Syrup,"Two condiment dispensers with pumping mechanisms on top. The left dispenser contains a red or orange substance, while the right dispenser has a yellow substance. Both dispensers have a clear body, a gray pump top with a spout, and are standing closely next to each other."
food,Tableware,"A simple illustration of a white bowl with a gray interior and two orange or light brown handles on the sides. The image could represent a soup or rice bowl, often used in Korean cuisine. It could be used as an icon to represent food or a meal. The Korean term ""식기"" translates to ""tableware."""
food,Tea,"An illustration of a cup filled with brown liquid, suggesting tea, accompanied by a saucer, a tea spoon, and a small, white, rectangular object that could represent a sugar cube. The illustration has a grey outline."
food,Teapot,"A simple illustration of a beige teapot with a slight bulge in the middle, a sizable spout on one side, and a looped handle on the opposite side. The dark teal lid of the teapot has a small round knob on top. The teapot appears to have a glossy finish."
food,Teapot,"A simple, round, brown teapot with a short spout and a handle extending to the side. The lid of the teapot is black with a knob for lifting. The image has a cartoon-like quality with bold outlines and solid, flat colors. It is commonly used for brewing and serving tea."
food,Teaspoon,"A simple, cartoon-style drawing of a teaspoon. It features a rounded handle and a small oval-shaped bowl, likely made of metal as indicated by light reflections on its surface. The background is plain white, highlighting the spoon as the central image element. The spoon is depicted with a slight shadow effect, giving it a three-dimensional look."
food,Thirsty,"A cartoon character of a young boy with a neutral expression, a small brown tuft of hair, wears a simple t-shirt with a single drop-like shape, possibly representing saliva, coming out of his mouth. Next to him is an image of a glass of water with a couple of small splash or water droplet shapes coming out from the top, indicating the water might be fresh or cold. The overall image indicates that the boy might be thirsty."
food,Thoughtful,"A stylized character with a simple, round face and a smiling expression. They have short, straight hair and are depicted from the torso up, wearing a long-sleeved, teal-colored top. Their right arm is raised to chest level with the hand touching the chin in what could be seen as a thoughtful or contemplative gesture. The overall image might symbolize thought or consideration, possibly related to choices or preferences."
food,Toast,"A simple, stylized image of a toaster with a single slice of bread sticking out of the top. The toaster is depicted in a three-dimensional way with a knob on its side. The bread has a light brown crust. The illustration uses a limited color palette, featuring grey, brown, beige, and black shades."
food,Toaster,"A simple illustration of a toaster with a single partially toasted slice of bread protruding from the top slot. The toaster is boxy, featuring a gray exterior that suggests a metallic surface. The slots of the toaster are shaded to indicate depth. The bread slice is brown in color. The illustration has a cartoon-like style with clean lines and flat colors."
food,Tofu,"Two items that appear to be cubes of tofu. They have a white base and light blue shading on the upper and side surfaces. One cube is whole, while the other has a small triangular piece missing from one corner, revealing the interior. These symbols represent tofu in visual aids."
food,Tofu,"A simple, stylized illustration of a block of tofu, represented as a pale, creamy-yellow square with a smaller square cut out from one corner. The block of tofu appears to be the soft or silken variety, commonly used in East Asian cuisine and known as ""두부"" (dubu) in Korean."
food,Tomato,"A red, heart-shaped fruit with a green stem at the top. The fruit appears plump, smooth, and shiny on the upper left side, hinting at a juicy texture. It resembles a stylized, cartoon-like depiction of a tomato."
food,Tomato,"An illustration of a ripe, red tomato with a glossy appearance suggested by the white highlights. It has a green, leaf-like structure attached to the top center, and a round shape slightly flattened at the top and bottom. The drawing style is cartoonish with bold outlines and solid coloring."
food,Tongs,An illustration of a pair of closed black and gray tongs with the handles facing upwards.
food,Tuna,"The illustration depicts a stylized cartoon fish, primarily blue, with a white underbelly and a touch of yellow on its dorsal fin. The fish has a friendly facial expression with one visible eye featuring a black pupil. The fish's body is outlined in black."
food,Vanilla,"A cartoon-style drawing of a cheerful boy with a tuft of hair sticking up, wearing a simple t-shirt, and smiling with rosy cheeks. Beside him, there is a drawing of a vanilla flower, depicted with five petals and a central bulbous part, accompanied by a couple of green leaves. The word ""바닐라"" mentioned refers to ""vanilla"" in Korean."
food,Vegetables,"An illustration features a head of Napa cabbage with white and light green leaves and leafy ridges, paired with a green, slightly bumpy cucumber, and a bunch of bok choy with vibrant green leaf blades and lighter green stems. All vegetables are drawn in a stylized manner with bold outlines on a plain background."
food,Waffle,"The image shows a stack of two freshly baked, golden-brown waffles with whipped cream in the middle. On the whipped cream are several vibrant red currants. The background of the image is white."
food,Water,"A simple illustration of a water bottle with a transparent body, light blue horizontal stripes representing water levels, a darker blue label in the center, and a gray cap indicating it's closed. It also has the Korean word for water, ""물""."
food,Watermelon,"An illustration features two stylized watermelons. One is whole, with dark green stripes on a lighter background, a curly stem and a leaf. The other has a triangular slice cut out, revealing the red interior with black seeds and showing the green rind."
food,Yogurt,"The image depicts an unopened, small, and portable bottle filled with a white and creamy substance, likely yogurt. It has a narrow neck and wider base with a green foil cap. The label has red text and a red logo. The text is in Korean, and part of it translates to ""yogurt"" in English."
food,Yogurt,"An illustration of a cup of soft pink colored yogurt with a portion of its lid peeled back and a wooden spoon positioned in front of the cup, ready for consumption. The cup has a simple design with a blue stripe near the top. The term ""요거트"" which translates to ""yogurt"" in Korean, is also mentioned."
health,Abdomen,"A simple representation of a human abdomen, featuring a flesh-toned background. There are two small circles near the top for nipples. A dotted line circle is in the center, representing the belly button area, with a solid red triangle pointing to it, possibly indicating a focus on or issue with the abdominal area."
health,Afternoon,"The image features a round wall clock with a blue rim, its right half colored in red and showing an afternoon time, and a stylized orange sun with triangular rays, indicating a sunny afternoon."
health,Ankle,"A stylized human foot from the side view, angled slightly upwards. The foot is depicted with five toes. There are dashed lines drawn around the ankle area. Adjacent to the heel of the foot, there is a small, solid red triangle pointing towards the dashed lines."
health,Antibiotics,"A simple flat design of a person and medication. The person with a neutral expression, flushed cheek and a few lines indicating discomfort, wears a teal-colored shirt and has short hair. Next to the figure, there is an image of two capsule pills, one split in half. The term ""항생제"" refers to ""antibiotics"" in Korean, suggesting a healthcare context involving antibiotics or medicine."
health,Arm,"A stylized human arm flexed at the elbow, with the forearm and biceps prominently shown to create a 'V' shape, representing strength or muscle, associated with the concept of health or physical fitness. The arm is outlined in black and is colored with a flesh tone."
health,Back,"The illustration depicts a simplified cartoon-style drawing of a person viewed from the back, from the shoulders up. The person has brown hair. The back is highlighted by a dashed red line that encloses it, with a red play-shaped arrow pointing towards the lower back on the right side."
health,Bandage,"The image shows a stylized illustration of an adhesive bandage with a central, rectangular, tan or beige-colored pad. Surrounding the pad, the bandage has a flesh-toned background with small, round dots at the ends indicating the adhesive parts. It represents first aid, medical care, or health-related items."
health,Bed,"The illustration shows a single bed with a white frame and a plain green blanket. It has a single rounded pillow with orange and yellow stripes. The image seems to depict themes related to health, rest, or accommodation."
health,Behind,"A three-dimensional, L-shaped object in white with a red-colored inner surface visible at the upper, rear portion. There's a simplified, inverted red triangle with a dashed circular outline around it, suspended above this red area, suggesting movement or a location point. The image represents abstract ideas."
health,Blood,"A stylized representation of a blood bag used for blood donations or transfusions. The bag is red with a green label in the center, and a tube attached to the bottom that extends to the right side with a pointed end. This image could represent health concepts related to medicine, donation, blood transfusion, or healthcare services."
health,Brain,"A stylized illustration of a human brain viewed from the side. It has a simplified design with curved lines indicating the brain's sulci and gyri, creating a pattern of folds and crevices. The coloring is in shades of pink and beige."
health,Cavity,"A simple illustration of a tooth in light pink, with red areas indicating spots of concern, possibly decay or disease. The tooth is cartoonish and shows a visible crown and root, with natural grooves and contours typical of a molar. The illustration represents dental health or issues."
health,Cavity,"An illustration shows a stylized graphic of a smiling mouth with teeth. One tooth in the lower row is highlighted in yellow, indicating a problem. Above this tooth, there is a small red downward-facing triangle, possibly indicating an area of concern. The image symbolizes dental health or a dental issue."
health,Cavity,"The illustration depicts a stylized representation of a human smile showing a set of upper teeth enclosed within a lip-shaped border. One front tooth is highlighted with dotted lines and a small red triangle pointing downwards, possibly indicating a missing or damaged tooth. The graphic may relate to dental health."
health,Chest,"A stylized representation of a card with a flesh-toned background and rounded corners. In the center, there's a red, triangular play button icon pointing to the right, enclosed within a dashed circular outline. On the lower part of the card, to the left, there's a small 'x' mark. The symbol ""가슴"" refers to ""chest"" or ""heart"" in Korean. The play button could be related to heart health or chest-related content."
health,Chickenpox,"An illustration of a person's head and shoulders with a neutral skin tone, black hair, and a slight frown on their face. They have multiple circular spots or lesions on their face and shoulders, suggestive of some sort of skin condition. The symbol ""수두,"" which translates to ""chickenpox"" in Korean, is also present in the image."
health,Circle,"A graphic or stylized representation of the Korean character ""원"" (won), which is red on a white background. The character is composed of a circular shape at the top followed by a combination of horizontal and vertical lines beneath. The character is related to health."
health,Coffee,"A simplified representation of a human nose drawn in a cartoonish style. The nose is flesh-toned, oriented in a vertical position, indicating a profile view. A red drop, representing blood, is dripping from one nostril, suggesting a nosebleed."
health,Constipation,"A simplified figure is seated on a toilet with an oversized, round red face with a discontent or uncomfortable expression. The figure is wearing a turquoise top and blue pants that are pulled down to mid-thigh. The concept of difficulty or discomfort while using the bathroom is conveyed, which could be related to a health condition like constipation."
health,Crutches,The illustration depicts a pair of crutches with padded tops for underarm support and lower shafts that taper to a single tip at the bottom.
health,Currency,"An illustration of a stack of currency notes bound together and a couple of coins. The topmost currency note has ""10000"" printed on it, and its design is in two shades of green. There are three coins overlapping each other with ""100"" and ""10"" inscribed on them, in grey, orange, and gold. The image symbolizes money or financial resources."
health,Delivered,"The illustration shows two hands facing upwards, holding an open cardboard box between them. There's a red arrow pointing upwards to the right of the box. The hands are in a cupped position, as if presenting or lifting the box."
health,Dentist,"A simplified cartoon-style depiction of a dentist wearing a white lab coat, a headlamp, and a stethoscope. The character is smiling and is standing next to a large tooth icon. The dentist has neatly combed brown hair, wearing blue pants and the background is plain white. The illustration is a visual aid for ""치과의사"" which translates to ""dentist"" in English."
health,Dentistry,"The illustration shows two symbols. On the left is a square with a green plus sign, representing a medical or health care facility. On the right is a stylized icon of a white tooth, representing dental care or dentistry. The symbols indicate services related to health and dental care."
health,Dermatology,"A stylized person from the waist up, who has a neutral expression, short hair, and is facing forward. They have red spots or a rash on their upper chest and shoulders. To the left of the person, there's a blue medical cross symbol. In the image, the term ""피부과"" (pronounced ""pibugwa""), meaning dermatology or skin care in Korean is visible. The red spots on the person's skin likely signify a skin condition or disease."
health,Diabetes,"An illustration features a stylized representation of a person with a slightly unhappy facial expression. The person's torso depicts an organ, possibly the pancreas, overlaid with a prohibition sign. To the right of the person, there is a thermometer strip with one drop of blood on its bottom and the Korean word ""당뇨"" (dangnyo), which translates to ""diabetes"". The image implies a health-related concept, likely connected to diabetes."
health,Dizziness,"A stylized depiction of a human face with closed eyes and a neutral mouth, appearing to be tranquil or possibly unwell. The image uses a limited color palette of brown, beige, and gray. The term ""멀미"", translating to ""dizziness"" or ""vertigo"" in Korean, is associated with the character's expression."
health,Doctor/Physician,"The illustration depicts a figure representing a doctor. The character is drawn standing upright, wearing a light gray lab coat with dark gray lapels over a v-neck sweater and tie, blue trousers, a stethoscope around their neck, and a head mirror on their forehead. The character has a friendly appearance with a small smile and rosy cheeks."
health,Ear,"A cartoon illustration of a human ear, drawn in a stylized manner with outlines and slight shading to indicate the contours and structure, such as the earlobe, the outer ear, and the entrance to the ear canal. The color palette consists of flesh tones. The background is plain, highlighting the ear design."
health,Eating,"A simplified graphic of an open pair of lips, outlined in black and filled with pink, with an arrow on the upper lip pointing inwards. Adjacent to the mouth is a solid, circular, orange object, symbolizing food. The image represents the action of eating, correlating to the Korean word ""먹다"" (meokda), which means ""to eat."""
health,Exhale/Panting,"A stylized representation of a mouth with its upper and lower lips in red color, slightly open, revealing a glimpse of teeth. Two squiggly lines represent air flow or breath on both sides of the mouth. A dashed line encircles the mouth, and a red arrow points downwards above the upper lip. The arrow and the dashed line suggest an action or movement."
health,Eye,"The illustration depicts a simplified, graphic style human eye. It's composed of a black and white color scheme, with shades of gray adding depth. The eye features a prominent pupil, detailed iris with radiating lines suggestive of texture, and a contoured eyelid above."
health,Eyebrow,"A stylized human eye from a side view. It features an open eyelid with a visible eyelash line, and a large, centered eye with a detailed iris and pupil. Above the eye, there's a curved, dotted line imitating an eyebrow with a brushstroke texture, and an upside-down red triangle above the middle of the eyebrow."
health,Face,"A cartoon illustration of a smiling boy from the waist up with short brown hair and a slightly spiky fringe. His facial features include simple eyes, eyebrows, a small curved nose, and a friendly smile. He's wearing a short-sleeved white T-shirt. A dashed line forms an incomplete circle around his face, suggesting a focus on the face. A red play button-shaped arrow is pointing towards his right cheek."
health,Fingernail,"Illustration of a beige-colored hand with all five fingers spaced slightly apart, back side facing up. A small, dashed-line square highlights a specific zone on the side of the thumb, just below the knuckle. A red arrow points to this highlighted area. The area relates to the Korean word ""손톱"", which translates to ""fingernail"" or ""nail"" in English."
health,Fist,"The illustration depicts a clenched fist with the thumb resting between the index and middle fingers. It's a simplified graphical representation of a hand, with clear outlines and minimal shading to denote the palm lines, and the fingernails visible on top. The hand appears to be in a vertical orientation. This symbol often represents solidarity, strength, or resistance."
health,Foot,A simple illustration of a human foot from a side angle with a slight perspective that displays the sole partially. The foot is shown with all five toes and it has a flesh tone. It is drawn in a cartoon-like style with clean lines and minimal detailing.
health,Foot-Top,"A simplified illustration of a human foot angled to present the bottom. There's a red, dashed outline around the toes indicating an area of interest. Above the foot, there is a red triangle with the point facing downward towards the toes. This image could symbolize foot-related health topics or concerns, particularly focusing on the toe area."
health,Friday,"A red icon in the shape of the Korean word ""요일"" (Health) written in Hangul."
health,Gingivitis,"The illustration features a stylized representation of a human smile showing teeth. On the right side of the image, there's a small red triangle pointing to a specific area on the gums, and there's a dotted circle highlighting a tooth, suggesting attention to a dental issue or treatment location on that particular tooth. The image appears to be a simplified dental diagram often used in health or dental care communication to indicate a spot requiring attention or care."
health,Ginseng,"A stylized illustration of a ginseng plant. The ginseng has a thick root with two smaller offshoots resembling legs, and the main root has a circular pattern. Above the main root body, there are two green leaves, and at the very top, a singular, magenta-hued blossom stands out. The drawing is outlined in black and colored with tones of beige for the root, green for the leaves, and magenta for the flower on a solid white background."
health,Hands,"The illustration depicts a pair of human hands drawn with minimal detail, showing just the outlines and basic shading. The hands are oriented with the palms facing towards the viewer and fingers pointing upwards. The thumbs are angling away from the palms, creating an open space between thumbs and index fingers. The skin tone is light, and there are no additional objects or background details."
health,Head,"A simplified, stylized illustration of a human figure composed of basic geometric shapes. The head is a circle with a contrasting color around the perimeter made up of small segments, possibly representing discomfort or a target area. The body is shown as a single gray vertical rectangle. The overall design corresponds to ""머리"" meaning ""head"" in Korean, indicating health information related to the head."
health,Heart,"A stylized human heart illustration including the main anatomical features such as the aorta, ventricles, and atria in a tilted position emphasizing the left side. The heart is pinkish-red with outlines and shading that gives it a three-dimensional effect."
health,Height,"A cartoon character of a young boy standing upright with spiky brown hair and a smile. He's wearing a white short-sleeved shirt and brown shorts and appears to be wearing blue shoes. The character's outline is highlighted by a dashed red line that traces his silhouette, indicating height or suggesting a measurement."
health,Hepatitis,"A simplified representation of a human figure from the shoulders up, with a focus on the torso. The figure has a neutral expression with a slight frown and no hair details. An image of a liver is overlaid on the torso, with a shaded circular area in a reddish-orange color around the liver, symbolizing concern or distress in the liver area. The word ""간염"", meaning hepatitis, is included, indicating the image refers to liver health or liver disease issues."
health,Here,"A large red arrow pointing downwards towards a horizontal line with a small yellow circle placed centrally just above the line. The arrow's tip is close to the circle, indicating a pressing force or action towards the circle on a plain white background."
health,Hurrah,"Two stylized figures. The figure on the left is standing, facing the viewer, appears to be speaking as indicated by the small lines coming from its mouth. This figure is wearing a teal top and blue pants. A red arrow points toward the right from this figure to the other figure. The second figure appears to be walking away from the first figure, with a gray shirt and darker gray pants."
health,Implant,"Three teeth in a row, with the middle tooth being an implant. The two outer teeth are drawn normally, while the middle tooth has a metal screw-like post at the bottom, indicating that it is an implant secured into the gums. The image is symbolic of dental health and dental implants. The Korean word for implant, ""임플란트"" is also included."
health,Influenza,"A stylized representation of a person's head and shoulders. The person is wearing a face mask with a patch or a bandage, their eyes are closed and eyebrows are angled downward, indicating discomfort. Two sweat droplets are shown to the left of the head, suggesting fever or physical stress. The person has short black hair and is wearing a green shirt. The image symbolizes sickness or protection from illness, as per the term ""독감"" which means ""influenza"" in Korean."
health,Injection,"An illustration of a medical syringe with a clear barrel marked with measurement lines, a blue plunger, and a grey plunger base. The needle is metallic with an orange cap. The syringe contains a blue liquid."
health,Insurance,"A stylized representation of a health insurance card or a medical ID card. On the left side of the card, there is a prominent teal-colored plus sign, set within a square with borders. To the right of the plus symbol, there are several horizontal lines suggesting text or information. The entire card is encased within a rounded rectangle, indicating the shape of a physical card."
health,Itchiness,"The illustration depicts a stylized person's head and shoulders with a short black hairstyle, simplified facial features, and appears to be smiling. On the cheek, there is a circular dotted line with a red, conical object pointing towards it, possibly representing a symptom or concern in the face or cheek area. The individual is shown wearing a teal-colored shirt."
health,Legs,"A pair of legs wearing brown shorts and blue shoes. The knees are highlighted with red dashed circles, with a red arrow pointing to the right knee, suggesting movement or a specific action for the knee. This might be related to health or physical exercise instructions."
health,Ligament,"The illustration shows a simplified representation of a human knee joint from the frontal view. The largest bone at the top represents the distal end of the femur, while the two narrower extensions at the bottom suggest the proximal ends of the tibia and fibula. There is a red, slightly jagged area in the middle of the joint, possibly indicating inflammation, pain, or injury of the knee. This red area could specifically represent a ligament injury."
health,Lips,"A simple illustration of a smile showing a closed mouth with full, red lips. The illustration has a cartoonish style and uses highlights and shading to give a sense of dimension. The lips are plump and smooth, without any other facial features included in the image. This represents the concept of lips in the health category, with the mention of ""입술,"" which translates to ""lips"" in Korean."
health,Liver,"The illustration depicts a stylized representation of a human liver. It is a cartoon-like drawing primarily in red with highlights to suggest dimension. The liver is illustrated with its characteristic lobed structure, simplistically rendered with smooth, rounded edges."
health,Lungs,A stylized illustration of a pair of human lungs in a simplified red color with pale pink highlights that depict the lobes and structure of the lungs. The background is plain white.
health,Mask,"A cartoon illustration of a yellow face mask with a simple depiction of a brown bear's face on the front, including ears, eyes, and a snout. It has black stitching along the edges and black ear loops on both sides."
health,Measles,"A person from the shoulders up is depicted with a frowning expression and several red spots on their face and shoulders, suggesting skin irritation or a rash. Above the person's head are a few curved lines indicating heat or fever. The illustration likely conveys symptoms of illness or discomfort, possibly related to the Korean word ""홍역"" (hongyeok), which means ""measles."""
health,Medicine,"A simplified illustration of a medicine packet containing four pills. There are three distinct types of pills; one is oval and yellow, another is round and pink, and the last two are capsule-shaped and white. The packet has a dashed line near the top, suggesting a tear-off section, and a solid black border outlines the packet. The word ""약"", is written, which is the Korean word for medicine or drug."
health,Medicine,"A simple graphical representation of a capsule pill, oriented vertically. The pill is divided into two sections: the top half is red, and the bottom half is white, with a thin black outline tracing the perimeter against the white background."
health,Meningitis,"A stylized character's head and upper shoulders with a displeased or uncomfortable facial expression. There are a few dark lines on the forehead resembling creases from frowning or straining. Behind the character’s head, there is a semi-circular red shape, possibly representing heat or inflammation. The character is wearing a teal top and the phrase ""뇌수막염"" (meningitis) is associated with the image."
health,Month,"A symbol composed of stylized Korean characters in red. The characters represent the word ""월,"" which translates to ""month"" in English. The design uses thick, bold lines to form the Hangul letters. The symbol might be used in a health context as a time-related reference, like monthly check-ups or health routines."
health,Morning,"A clock with its face divided into two sections, a red section and a white section. The hands of the clock are pointing to the boundary between these two sections, suggesting a specific time. Additionally, there is a stylized image of a sun with rays appearing behind two green hills or mountains, depicting a sunrise or morning scene. These elements combined may be intended to represent a concept related to morning time."
health,Mouth,"A stylized cartoon face of a boy with brown hair, two eyes with visible black pupils, and a small line for a nose. The mouth area is highlighted by a dashed red line encircling it, with a small red triangle pointing to the highlighted mouth region. The background is plain white, focusing on the cartoon face."
health,Neck,"A stylized representation of the upper torso and neck of a human figure with pink lips. A dashed line encircles the neck area with a solid red triangle pointing to the side of the neck. The image symbolizes the concept of ""neck"" or ""throat"" related to health."
health,Neurology,"The cartoon-style illustration displays a human head in profile view, with a happy expression on the face. A dashed red circle indicates a portion of the head representing a focus on the brain. Adjacent to the head is a square with a plus-sign medical symbol. The image possibly relates to neurology, mental health, or brain-related medical services."
health,Nose,"A stylized cartoon face of a character with a cheerful expression. The character's hair is dark and styled upwards, it has simple ears, friendly eyes, and there is a red dotted circle on its nose, resembling a mark often found in illustrations symbolizing a location for acupuncture or highlighting a specific area related to health."
health,Ointment,"A simple, flat design illustration of a squeezable tube with the cap off, revealing its contents. The tube is representative of a medicinal or cosmetic cream or ointment packaging, with a plain body, a narrow nozzle, and the colored substance inside. It has no distinctive markings or labels."
health,One-Two-Three,"The numerals 1, 2, and 3 are featured in the image, each separated by center-aligned dots. The numeral 1 is black, while the numerals 2 and 3 are red. The sequence is presented on a plain white background."
health,Orthodontics,"The illustration depicts a simple representation of a smile with orthodontic braces. The top half of the image showcases a straightened wire with braces connected to individual teeth, indicating the upper part of a dental brace system. The bottom half illustrates a stylized lower lip and teeth with braces affixed to each tooth, suggesting the lower part of a dental brace system. The entire graphic represents a focus on dental health and orthodontic treatment."
health,Orthopedics,"The illustration features a square sign with a green plus symbol on a white background on the left side, recognized as a symbol for a pharmacy or medical facility. On the right side, there is a cartoon-style drawing of a young boy with light-brown hair and a bandaged arm in a sling, suggesting an arm injury."
health,Pneumonia,"A simplified graphic illustration of a torso and head of a person displaying their internal lungs. The person has a neutral or slightly unhappy expression on their face. The lungs are portrayed in a stylized manner within the chest cavity, with a focus suggesting respiratory health or lung disease. The term ""폐렴"" refers to ""폐렴"" in Korean, which means ""pneumonia."""
health,Poo,"A stylized, cartoonish pile of feces symbolizing excrement or something related to bowel movements, colored in shades of brown with textural detailing suggesting lumps. There are small flies and odor lines coming from the top, indicating its unpleasant smell. This image is typically used to refer to waste or toilet-related subjects."
health,Prescription,"A white rectangle with rounded corners, representing a prescription note or a medical document. It contains a blue cross at the top and lines of text, with Korean characters ""처방전"" which translate to ""prescription."" Two capsule pills, one half orange and the other half yellow, are positioned in front of the document, partially overlapping. The orange capsule is in the front and oriented horizontally, while the yellow one is set at an angle with a pattern of small circles inside."
health,Protector,"Two stylized humanoid figures standing side by side, holding hands. The figure on the left appears to be an adult while the one on the right is a child. They have simple facial features with dot eyes and a line for a mouth. The adult is wearing a green shirt and blue pants, while the child is in a white shirt and gray shorts. A horizontal red arrow points towards the adult from the left. The image suggests a concept of guardianship or protection."
health,Receive,"Two stylized figures facing each other and holding a red object between them, they are both grasping with both hands. The figure on the left is wearing a gray outfit, while the one on the right is wearing a green top and blue pants. The background of the image is white. The image symbolizes the concept of ""receiving"" or ""accepting,"" which can be associated with receiving care, help, or a physical object in a health context."
health,Reception/Payment,"A rectangular placard with an angled face. On the placard, there are four Korean characters ""접수/수납"" written in red, centered on a white background framed by light grey or silver edges. The term ""접수"" translates to ""reception"" or ""check-in,"" and ""수납"" means ""payment"" or ""acceptance."" The placard indicates an area for patient check-in and payment, likely used in a healthcare setting."
health,Reimbursement,"The illustration depicts three stacked golden coins on the left side, and a red circular arrow pointing upwards to the right side, completing almost a full circle. The arrow has a tail at the end, giving it the appearance of an upward movement. The image is likely used to represent financial recovery or increase in the context of health."
health,Retainer,"A cartoon-style representation of an open mouth with a set of upper teeth visible. A hand holding an orthodontic retainer just below the teeth, suggesting the act of placing or removing the retainer from the teeth. Above the retainer and the hand, there is a red triangle pointing downwards, indicating the direction of movement."
health,Scaling,"A stylized mouth with a set of upper teeth is depicted in a smiling arch. A dental tool with a handle is engaged with one of the teeth, suggesting a procedure or examination related to dental health. The image represents dental scaling, a cleaning treatment that involves removing plaque and tartar from teeth."
health,Shoulder,"A simplified, gray human figure without any distinguishing facial features. The shoulders of the figure are highlighted with red and yellow dashed lines, potentially indicating shoulder discomfort or injury."
health,Sick,"The illustration depicts a stylized character with a bandaged head, a thermometer in their mouth, and a visible sweat drop on the forehead, suggesting they are ill. The character is portrayed from the chest up, wearing a teal shirt and resting in a mustard-colored blanket or cover. The character appears unhappy or uncomfortable, symbolizing illness."
health,Skin,"There's a simplified representation of a person from the shoulders up and a magnified view of skin layers. The person has a neutral expression with a round head and black hair. A circular close-up details the epidermis, dermis, and subcutaneous tissue with a hair follicle. A red arrow points from the magnified skin section to a spot on the person's right shoulder. The visual aid indicates the skin or ""피부"" in Korean."
health,Sleep,"A simplified character lying on their side. The character has a round head with several short lines protruding from it, resembling hair or needles. The body consists of a few straight lines to represent the torso and legs, all resting on a flat surface that could symbolize a bed. The character's face is visible with one dot for an eye and a straight line for a mouth. The style of drawing is intended to convey the concept of ""sleep"" or ""rest"" symbolized by ""침"" in a health context."
health,Smile!,"A simplified representation of a smiling mouth with teeth and a pink gum line. One of the front teeth is marked with a small, red, diamond-shaped symbol, possibly indicating a dental issue or treatment. The image is outlined in black with a white background, suggesting it's related to dental health or care."
health,Sneezing,"A stylized person with a simplistic design, sneezing or coughing into a yellow tissue. The person has a short haircut and closed eyes. They are wearing a teal-colored shirt. There's a plain white background. The Korean word ""재채기"" is visible, translating to ""sneeze"" in English."
health,Stairs,"An illustration of a flight of stairs viewed from a three-quarter perspective angle. The stairs are composed of several steps with risers, leading upwards between two side railings, each having vertical balusters and a horizontal handrail on top. The drawing style is minimalistic and appears to be in grayscale."
health,Stairs,"A graphic of a person standing on a flight of stairs. The person is depicted with a round head, smiling face, wearing a teal top and blue pants. The stairs are shaded in orange with lines representing the edges of each step. On the right side, there's a vertical plane indicating a wall, painted in gray with a black letter ""F"" near the bottom. The image might symbolize physical activity or ascent, possibly in the context of health as suggested by the letter ""F,"" which could imply fitness or a floor level in a building."
health,Stomach,"A stylized red human stomach. It has a simple design: a curved J-like shape with a smooth, curved left side tapering to a narrower top, and a bulbous bottom part that curves to the right. The image has a solid red fill and a black outline. The image could represent issues related to the digestive system or stomach health."
health,Surgery,"A simplistic representation of a human figure with a neutral expression, bare chest with a series of black 'X' marks (indicating stitches) placed horizontally across the torso, suggesting a surgical procedure or injury. To the left of the figure is a square with a bold blue cross, symbolizing medical services or health care. The style is ideal for an icon or a sign in a health-related context."
health,Sweat,"A stylized representation of a person with a simplified facial design featuring a round head, a straight black haircut, dot-like eyes, and a curved line for a neutral or slight smile. There are several teardrop-shaped symbols indicating sweat on the right side of the face, with an arrow pointing towards them. The person is wearing a teal or light blue collar shirt. The image may symbolize sweating, associated with exercise, heat, illness, or exertion."
health,Tears,"A stylized, circular face with a flesh tone, featuring black dot eyes and a plain expression. On the cheek, there is a dotted line circle framing a single teardrop, which is highlighted by a red, triangular pointer. This symbolizes crying or tears. The Korean word ""눈물"" translates to ""tears""."
health,Teeth,"A simplified cartoon drawing of a set of white, straight, and aligned teeth with pinkish gums. The illustration typically symbolizes dental health or oral hygiene."
health,Teeth,"A simple black and white illustration of a human mouth with lips partially open, revealing a set of upper teeth. The illustration represents dental health or oral hygiene."
health,Thermometer,"The illustration shows a simple representation of a thermometer with a thin, elongated body and a bulb at the bottom that contains a red substance. A narrow strip inside runs from the bulb to near the top, signifying the scale used to measure temperature. The outline of the thermometer is highlighted in black. This symbol often represents temperature measurement in a health and wellness context."
health,Time,A simple round wall clock with a grey face and black-bordered edge. The numbers 1 through 12 are clearly readable. The clock has an orange hour and minute hand and a red second hand. The positions of the hands suggest a time display of approximately 10:10 and a few seconds. The background of the image is plain white.
health,Tomorrow,"A stylized representation of an open book or calendar. On the white side, the text reads ""오늘"" and the number ""1"" while on the red side, the text reads ""내일"" along with the number ""2,"" which suggests a symbolic transition from one day to the next. The overall design implies a focus on daily health tracking or planning."
health,Tongue,"A stylized human tongue within an open mouth. The tongue is red, the inside of the mouth is grey, and the lip portion is outlined in grey. The image is likely used for educational or informational purposes related to oral health."
health,Toothache,"Stylized image of a smiling mouth with a semi-circle, squared teeth, and a wavy line for the gum line. There is a small circle with a dashed border above the teeth, and a small red triangle points downwards towards the circle. The image appears to be an iconographic representation related to dental or oral health."
health,Toothache,"A stylized image of a smiling mouth with visible teeth. One of the teeth on the side is colored red with three small curved lines above it, suggesting discomfort or an ache. The image represents a dental health concept of a toothache or dental issue."
health,Toothache,"An illustration depicts a person with a pained expression, a red starburst-like symbol on their cheek, and is dressed in a teal or green shirt. The symbol suggests a discomfort or pain such as toothache or dental issues. The person has one closed eye and is gritting their teeth."
health,Toothache,"The illustration depicts a stylized representation of a person with a pained expression. The person has a rounded face with a flat top haircut styled with a straight line. The person is displaying a frown, downturned eyes, and a slightly open mouth, suggesting discomfort or pain. There are three short lines on one side of the face, indicating a throbbing or aching sensation. The person is wearing a teal-colored shirt. This indicates toothache or dental pain, corresponding to the Korean word ""볼거리"" (bolgeori) in the health category."
health,Treatment,"A stylized figure of a person with a neutral expression. The person is depicted from the waist up and is shirtless with a simple, round black-haired head, two dots for eyes, and a straight line for a mouth. The figure is holding their right hand over their stomach, and there is a blue swirl on the stomach, representing pain, discomfort, or nausea. The Korean text ""차요"" translates to ""treatment"" or ""cure"" in English, indicating that the symbol relates to seeking medical assistance for the stomach issue depicted."
health,Tweezers,"An illustration of a pair of tweezers, a simple hand tool with two arms joined at one end and open at the other, with tips angled slightly inwards. The color of the tweezers is black and gray, and it's presented on a solid white background."
health,Tylenol,"An illustration features a medicine package with Korean text ""타이레놀"" on it, representing Tylenol. In front of the package, there is a blister pack containing white pill capsules. The text is in red and black on a white and gray rectangle resembling a medicine box."
health,Vision,"A circle with a thick black outline and a gray background, with the word ""TIME"" in bold, capital letters inside. High contrast between the text and the background for easy visibility."
health,Vitamin,"A gray supplement bottle with the word ""비타민"" (vitamin in Korean) written on the label in black text, with a small pile of yellow capsule pills to its right. Behind the bottle on the left, a slice of orange is depicted, suggesting vitamin C or citrus association. The image appears on a white background."
health,Vomiting,"A flat-design illustration depicts a stylized person vomiting. The character has a short black haircut, large round eyes, and a straight line for a mouth. The vomit is graphically represented by two thick, beige lines with a few small, colored circles, symbolizing food chunks. The person is wearing a teal-colored shirt, and the background of the image is white. It is often used to indicate that someone is feeling unwell."
health,Well-being,"An illustration of a human stomach and an eyeball, stylized and simplified. The stomach is in profile view, in orange with a darker outline, featuring a red triangular shape to indicate the interior. The eyeball is depicted with layers like the sclera, iris, and pupil, in a color palette of pinks, reds, and a touch of gray. Both images are outlined in black, giving them a bold, cartoon-like appearance. The images are emblematic of health-related functions within the body - with '궤양' being the Korean term for ""well-being"" or ""health."""
health,Work,"The illustration displays the Korean word ""일"" (il) written in Hangul. It is composed of three characters: a vertical line representing the consonant ""ㅇ"" (ieung), a small circle above it representing the vowel ""ㅣ"" (i), and a horizontal line beneath representing the consonant ""ㄹ"" (rieul). The characters are stylized in a bold red color and are arranged vertically on a plain white background."
health,Wrist,"An illustration shows a ""손목"" (wrist) on a white background with a red arrow pointing to the wrist area."
health,X-Ray,"A cartoon character holding an X-ray film in front of their torso. The character is smiling and has spiky hair. The X-ray film displays a set of ribs and a spinal column, suggesting it is a chest X-ray. The character's hands are gripping the top corners of the X-ray."
health,Yawn,"An illustration of a person yawning, with their mouth wide open and their hand placed over it. The character has closed eyes and a neutral expression. They are wearing a teal-colored shirt. The phrase ""하품"" which translates to ""yawn"" in Korean is also present in the image. The overall image represents the concept of yawning, typically associated with tiredness or sleepiness."
hobby,Acrobat,"A white, stylized lowercase letter 'a' icon on a red square background, with the ends of the letter terminating close to each other, giving it a circular or loop-like appearance. This icon may represent an artistic version of an 'a', possibly relevant to a brand, concept, or specific activity related to '아크로벳' (acrobat) or 'alphabet'."
hobby,Agree,"A simplified, stylized cartoon of a person with a neutral expression. This character has a round head, dot eyes, and a straight-line mouth, wearing a teal long-sleeved shirt. To the left of the person is a simple red circular shape."
hobby,Ballet,"A cartoon character of a smiling ballerina with curly hair in a classical ballet updo with a tiara. She is wearing a short, light-colored tutu, a peach or pink leotard, and pink ballet shoes with ribbons wrapped around her ankles. She is posed on the tips of her toes in a ballet pointe stance called 'en pointe,' suggesting she is mid-dance."
hobby,Balloons,"Two balloons, one blue and one pink, appear shiny with slight variation in hue and reflected highlights on their surfaces. The balloons have ribbed details at the base where they are tied off and strings drifting downwards, indicating a floating motion. The image conveys a cheerful and festive mood associated with celebrations and parties."
hobby,Bingo,"An illustration of a 5x5 grid Bingo card with 25 squares, each containing a unique number from 1 to 25. Squares containing the numbers 1, 12, 19, 2, and 17 are highlighted in red and form a vertical line down the leftmost column. The card is enclosed within a black border."
hobby,Blog,"A green speech bubble with black outlining contains the word ""blog"" in lowercase, black letters. The shape of the bubble suggests the visual representation of a conversation or discussion, commonly associated with blogs and online communication."
hobby,Bowling,"A stylized illustration of two bowling pins and a bowling ball. The ball, to the left, is yellow with two finger holes visible, suggesting a rolling motion. The two silver pins, with a red band near the top, are slightly tilted, implying they have been hit by the ball. The image represents the sport of bowling."
hobby,Bowling,"A simplified representation of three bowling pins, two standing upright close together and one tilted atop a bowling ball. The bowling ball is placed to the right of the standing pins and has three visible finger holes. The design outlines in black, depicting the sport of bowling, with the word ""볼링"" (bowling in Korean) associated."
hobby,Bridge,"Two computer monitors side by side. The monitor on the left has a blank, dark screen, while the one on the right displays a bright, shining symbol, suggesting activity. There is a red arrow pointing from the left monitor to the right. The base of each monitor has a small, square detail with an orange dot on it."
hobby,Calculator,"A simplified, black icon of a calculator on a white background. The calculator has a rectangular shape with a display area at the top and buttons arranged in a grid pattern underneath it. This icon is typically used to represent mathematics, accounting, finance, or numerical computation."
hobby,Calendar,"A simple black and white icon of a calendar displaying the date as ""15 MAR"". There are two rings at the top, indicating the page could be flipped or hung. The image might be used to symbolize a specific date, an event, a reminder, or the concept of scheduling and time management."
hobby,Camera,"A black pictogram representing a camera on a white background. The camera is depicted in a minimalist, stylized manner with a rectangular body, a large circle in the center representing the lens, and a smaller rectangle protruding from the top right side symbolizing a camera's flash or control features."
hobby,Campfire,"A camping scene with a campfire and a tent. The campfire is represented by stylized red and yellow flames over brown logs. Behind the fire, there's an orange tent with a slightly unzipped and open gray entrance. This image symbolizes recreational outdoor activities associated with camping."
hobby,Camping,"An animated character, likely representing a young person or child, with a cheerful expression. The character has short hair, rosy cheeks, and is wearing a white T-shirt and a blue headband. To the right of the character is an image of an orange camping tent with an open flap. The tent is set on a green base, suggesting grass. The image conveys the theme of ""camping""."
hobby,Car,"A cartoonish illustration of a small, yellow car with a rounded shape, orange accents on the bumper and side mirrors. The car has large, expressive blue eyes on the windshield and four black tires with orange hubs. Likely aimed at children or to convey a playful theme."
hobby,Carousel,An illustration of a carousel with two visible white horses with pink saddles. The carousel has a pink platform with a yellow and pink striped canopy overhead.
hobby,Catch,"A cartoon character of a young boy with a cheerful expression is throwing a frisbee. The boy has brown hair and is wearing a white T-shirt, brown shorts, and blue shoes. He is positioned as if he has just released the frisbee, which is represented by a dotted line indicating the path of motion, with a red triangular arrowhead showing the direction of the throw."
hobby,Cave,A simplified and stylized representation of a cave or cavern. It shows a rocky formation with an entrance visible in the middle. The rocky surface is in a gray tone and the cave interior is shown in white. There is a flat base that the formation sits on. There are slight texture details on the cave indicating roughness or irregularity on the surface.
hobby,Celebrate,"An abstract representation of celebration or festivity consisting of a red and white striped party hat at the bottom with three streamers or confetti swirls above it in pink, blue, and yellow. There are also small confetti squares, both solid and hollow, scattered around the swirls in pink, blue, yellow, and purple."
hobby,Cello,"A black and white line drawing of a violin in a vertical orientation, with the scroll at the top and the chin rest at the bottom. The violin has four strings, and the f-holes, bridge, and tailpiece are shown in a stylized manner. The illustration is representative of a musical instrument."
hobby,Chatting,Two overlapping blue speech bubbles with black outlines symbolizing chatting as an activity or hobby.
hobby,Chess,"A simplified representation of a chessboard with alternating dark and light squares. On this board, there are three chess pieces depicted: a white knight on the left, a white bishop in the center, and a black queen on the right. The board appears to be on a flat surface and is presented at an angle, providing a three-quarter view of the scene."
hobby,Chiseling,"A gray square block with a red-handled chisel inserted into its top surface. The chisel has a metallic shaft and a red handle with two yellow bands. There are a few curly shavings or spirals representing materials that have been chiseled away from the block, scattered near the insertion point of the chisel. The overall image suggests sculpting, engraving, or chiseling. The term ""고칠래요"" is also included in the image."
hobby,Cigarette,"The image depicts a lit cigarette at an angle, with the red embers and gray ash at the end. Two curvy lines of smoke are rising from the burning end. The body of the cigarette is white with a brown filter at the opposite end. The illustration is in a simple, iconographic or clip-art style."
hobby,Classical,"An illustration has the words ""Beethoven,"" ""Mozart,"" ""Back,"" ""Chopin,"" and ""Tchaikovsky"" arranged in a scattered formation around a large, centrally-placed, black musical note, which appears to be a pair of eighth notes connected by a beam. The fonts are stylized in a classic, cursive script, and the theme is related to classical music composers and classic music notation."
hobby,Collected,"A simple, cartoon-style drawing of a person with a neutral expression, short hair, wearing a teal-colored shirt and three stacked golden coins. The coins are placed to the left of the person, reaching up to the height of the person’s shoulders on a white background."
hobby,Concert,"A person standing and holding a microphone close to their mouth, suggesting they're singing or speaking at a concert. They're wearing a blue shirt with a red tie or accessory. Below and in front of them, there are three simplified, black silhouettes of audience members' heads and shoulders, representing a crowd watching the performer."
hobby,Concert,"The illustration depicts a cheerful person playing the violin on stage, wearing a pink dress and is positioned between red stage curtains. There are three silhouetted heads in front of the stage, representing an audience watching the performance."
hobby,Conductor,"A simplified, cartoon-style depiction of a conductor. The character is smiling, standing upright, and holding a conductor's baton. They are wearing a green jacket with a teal collar, a white shirt with a black bow tie, and blue trousers. Next to the character is a yellow music stand, which is supported by a three-legged stand on a white background."
hobby,Cooking,An illustration of a cutting board with an orange carrot being cut by a knife. A fork is on the right side of the cutting board. A pot with a lid is on the top right of the carrot and two spice shakers are on the top left.
hobby,Croquet,"A simplified graphic representation symbolizing the action of hitting a ball. A plain circle on the left likely represents a ball. A dotted arc line with an arrowhead indicates the trajectory of the ball. An object on the right resembling a hammer or mallet swings towards the left, aligning with the trajectory indicated. The mallet likely represents the tool hitting the ball."
hobby,Cross-stitching,"The image features a grid with black lines forming numerous squares. A pattern of pink squares within this grid creates the shape of a heart, centered within the grid. The grid resembles those often used for pixel art or cross-stitch patterns. The background of the image outside the heart pattern is white."
hobby,Cyworld,"The illustration depicts a computer monitor with a shining sun or an asterisk symbol on its screen. To the right of the monitor, there's a stylized depiction of a smiling orange bowling ball with three holes. The image combines elements related to computer or screen-based entertainment and bowling."
hobby,Darts,"An illustration of a dartboard with various colored sections including black, white, yellow, green, and red, featuring a concentric circle design. A single dart, with a white shaft and a flared tail, is stuck in the center, symbolizing accuracy. The image represents darts as a recreational activity or hobby."
hobby,Database,"An illustration of a computer monitor with a blank screen and an icon of a folder containing several documents. The yellow folder appears in front and the monitor is behind it, slightly to the left. The image could represent a database on a computer, particularly in the context of digital organization or information storage."
hobby,Date,"Two stylized figures holding hands, symbolizing a date. On the left, a figure with long black hair, wearing a pink top and a purple skirt, suggestive of a female. On the right, a figure with short hair, wearing a green top and blue pants, appearing male. Both figures have simplistic facial features. The overall image conveys the concept of companionship and shared leisure activity."
hobby,Daum,"The word ""Daum"" is depicted in colorful, block-style overlapping letters. ""D,"" ""a,"" ""u,"" and ""m"" appear in blue, green, yellow, and red respectively. To the right of the word, there's a horizontal, rectangular blue bar that resembles a progress or loading bar. At the end of the bar, there's a small box with a check mark, symbolizing a completed task or verification."
hobby,Dialogue,"Two stylized figures facing each other. The figures are simple, with a round head and a straight body. One figure has a speech bubble that says, ""I don't too,"" and the second figure has a smaller speech bubble that says, ""Where?"" The figures are in grayscale and the speech bubbles are white with black outlines and text on a plain white background."
hobby,Dominoes,"A row of upright dominoes where all but one are vertical. Starting from the right, one domino is tilted and appears to be falling towards the next domino, implying the beginning of a chain reaction typical of domino toppling. There are no dots or numbers visible; the emphasis is on the shape and arrangement of the domino pieces."
hobby,Download,"A simple illustration of a yellow folder with a black, curved arrow pointing downwards into the folder. The arrow seems to signify the action of ""inserting"" or ""saving"" something into the folder."
hobby,Download,"A simplified, stylized icon representing a downward pointing arrow above a horizontal line, symbolizing ""download."" This black icon on a white background is commonly used to indicate the action of downloading files or content."
hobby,Downloading,A stylized graphic of a yellow-orange folder with a large red arrow pointing downwards into the open part of the folder.
hobby,Drawing,"A simplified, line-drawn calendar with a coil at the top, and a prominent drawing of a car in its center. To the right of the calendar is an image of a pencil with a pointed tip, positioned diagonally and appears to be drawing the car on the calendar's surface."
hobby,Dream,"A cartoon-style drawing of a character with a neutral expression, closed eyes, and a slight smile. Above this character's head is a thought bubble in which a smiling figure with long, wavy hair and hands clasped together in excitement appears. The figure in the thought bubble is dressed in pink. This image may symbolize dreaming about a person or thinking fondly of someone."
hobby,Earphones,A stylized pair of earphones illustrated in line art style with two earbuds connected by a line. The earbuds have smiley faces on them. The design uses shades of gray.
hobby,Easel,"The illustration shows a wooden easel with a blank canvas, standing upright with a central vertical support and two angled legs. A horizontal bar near the top secures the canvas. On the upper left side of the canvas, there is a dotted circle with a small red paintbrush or pencil touching the edge, suggesting the act of painting or drawing. The image conveys the concept of art, painting, or drawing."
hobby,Email,"An illustration of a simplified envelope, represented by a white rectangular shape with a triangular flap on a solid black background. This symbol is commonly used to represent an email or mail-related items."
hobby,Excel,"The logo for Microsoft Excel features a stylized green ""X"" on a white background, with green rectangles resembling cells of a spreadsheet patterned in a staggered formation behind the ""X"". Above the ""X"" is the word ""Excel"" in a sans-serif font. The graphic elements give the appearance of layered documents or sheets with a slight shadow effect."
hobby,Execute,"The illustration depicts a stylized representation of a computer monitor and a web browser window. The monitor is on the left, displaying a plain display. To the right of the monitor, there's a simplified web browser window with a blue title bar, featuring three square generic browser buttons. Below the title bar is a large circular element, surrounded by a red circle, and a simple line indicating a search or address bar below."
hobby,Facebook,"The word ""facebook"" in lowercase letters with a distinctive typeface recognized as the logo of the Facebook social media platform. The text is colored blue with a slight gradient, and a simple black outline around the letters. The image symbolizes the Facebook brand."
hobby,File,"A simple black and white icon of a document. The icon is a stylized representation of a paper file with a folded corner, symbolizing a document or a typical file used in computing interfaces."
hobby,Fishing,A simple line drawing of a fish caught on a fishing pole. The fish has a happy facial expression with a smile and a closed eye. The fishing rod is tilted at an angle. The image represents the activity of fishing.
hobby,Fishing,"A cartoon of a happy boy fishing. He is standing to the right side of the image, holding a fishing rod with a bent line, which suggests he might have caught a fish. The boy is smiling, has short hair, and is wearing a casual short-sleeved T-shirt, shorts, and boots. The bottom half of the image represents water with a light blue color, suggesting the fishing is taking place at a body of water, likely a lake or a pond."
hobby,Flute,"A simple line drawing of a flute, a woodwind instrument, shown in side profile. The flute has a series of keys and finger holes along its body, and the mouthpiece is located at the left end. The drawing uses plain lines without shading or color."
hobby,Folder,A stylized icon that represents a folder with two overlapping shapes. The tab of the folder is visible in the upper-right corner of the front shape. The icon is black on a white background. It is generally used for digital interfaces to represent file organization or document storage.
hobby,Forest,"A stylized illustration of a group of trees. The trees are shown in different shades of green and yellow, with brown trunks, set against a plain green ground. The background is white which puts focus on the colorful trees. The symbol is associated with ""enjoyment and hobby."""
hobby,Gifts,"The illustration depicts two gift packages. A round, cylindrical gift wrapped in a yellowish color with a red ribbon tied into a bow on top and a rectangular gift box in a green color with a pale blue ribbon tied into a bow on top. The Korean word ""선물"" means ""gift."""
hobby,GomPlayer,"The word ""GOM"" or ""gom"" is stylized creatively. Each letter has a thick, bold outline. The ""O"" in the middle is a graphic that looks like a foot with toes, colored in gradient shades of orange and yellow."
hobby,Gong,"A simple, stylized image of a yellow gong with a shiny appearance, indicated by a white highlight on its surface. On the left side of the gong, there's a brown mallet with a round head. The gong also has a small fixture or loop at the top."
hobby,Google,"The image features the Google logo with its distinctive lettering in blue, red, yellow, and green. Each letter is colored differently and arranged in a horizontal line to form the word ""Google."" The letters are outlined with thin black lines."
hobby,Guitar,"An illustration of an acoustic guitar with a classic body shape having a brown coloration and a darker brown pickguard. The sound hole is round and located at the center of the body encircled by a decorative rosette, and multiple frets and tuning pegs are visible. The image represents the hobby or enjoyment of playing guitar."
hobby,Hacking,"A simplified, cartoon-style drawing of a person with a neutral expression, wearing a turquoise shirt, standing in front of a computer monitor that has a red screen. The person has a round head, dot eyes, and a straight line for a mouth. The illustration seems to represent someone engaged in an activity at the computer. The background is white."
hobby,Hammock,"An orange hammock suspended between two wooden stands. The stands appear to be straight and sturdy, providing support for the hammock at each end. This image conveys relaxation and leisure."
hobby,Headphones,"A simple illustration of a pair of over-ear headphones with a black headband and grey cushioning. The headphones have two large, circular, cushioned ear cups connected to the headband with articulated brackets, representing their adjustability for comfort. The background is plain white."
hobby,Heat,"A yellow folder icon with a curved black arrow pointing towards the folder, suggesting the action of inserting or saving a document. The image represents a digital file folder typically used for organizing documents on a computer."
hobby,Homepage,"The illustration depicts a stylized web browser window with a representation of a homepage. The top bar of the browser window includes standard browser icons for navigation and window adjustments. In the content area of the browser, there is a large icon of a house, which symbolically represents a homepage or a starting point for a website. The overall graphic uses the colors blue, yellow, orange, and black for outlines and details."
hobby,Hub,"A simple, black and white drawing of a network switch or hub. The device is rectangular with a front panel featuring four Ethernet ports, each labeled with a number from 1 to 4, and a power indicator symbol on the far right side."
hobby,ID,"An illustration of a computer monitor with a dialog box on the screen displaying the text ""ID:"", suggesting a prompt for inputting an identification. The image conveys a theme of technology and online identity or access."
hobby,Ink,"The illustration depicts a desktop printer with stylized lines suggesting its form and paper feed tray. In front of the printer, there are three vertical ink cartridges aligned side by side. Each cartridge has a different color at the top: orange, blue, and green."
hobby,Installation/Boot-up,"An illustration of a logo consisting of a waving, four-pane window in green, blue, red, and yellow colors, accompanied by the text ""Microsoft Windows XP."" Below is a horizontal loading bar with blue segments that appear to be partially filled from left to right. The background of the image is black."
hobby,Jenga,"An illustration shows a three-dimensional stack of yellow rectangular blocks, reminiscent of the game Jenga. Some blocks are oriented horizontally while others are vertical, creating a crisscross pattern that is typical of the Jenga game structure. One block has been removed and is lying adjacent to the tower, indicating ongoing gameplay. The image has a plain white background."
hobby,Joystick,"The illustration depicts a classic joystick, used for playing video games with a black stick mounted on a gray base. The stick is capped with a red top button, and there is another red button on the upper right corner of the base. The base is white with a black bottom border."
hobby,Juggling,"A human hand with the palm facing upward and slightly cupped. Above the hand, there are four small, colored objects resembling striped balls or possibly yarns in shades of yellow and orange. They appear to be in motion as if they were being juggled. The image conveys a sense of playfulness and skill."
hobby,Jumping,"A cartoon character of a young boy jumping. The boy has a joyful expression, wearing a short-sleeved white t-shirt and brown shorts, with gray shoes. His hair is stylized in a spiky manner on top, and his arms and legs are positioned to represent a mid-jump or active motion."
hobby,KakaoTalk,"A simplified design of a smartphone. The screen of the smartphone displays the words ""Kakao TALK"" in stylized lettering, indicating the KakaoTalk messaging application. The smartphone has a single button at the bottom, suggesting it may be modeled after an older style of smartphone. The entire composition is meant to represent the KakaoTalk app, a popular messaging platform in South Korea."
hobby,KBS2,"Uppercase typographic logo with the letters ""KBS"" followed by the number ""2"". The characters are bold and appear to be in a sans-serif font. The color of the text is navy blue, and it is presented on a plain white background. This logo is associated with KBS2, a South Korean television channel."
hobby,Keyboard,"A line drawing of a standard layout QWERTY keyboard. The rectangular shaped keyboard has uniformly square keys, a longer space bar at the bottom row, a larger enter key, modified size shift keys, and a group of smaller keys on the upper right corner representing function keys. The keyboard has a wire extending from the top left indicating that it's a wired model. The image potentially symbolizes keyboard-related activities."
hobby,Kite,"A stylized drawing of a diamond-shaped kite, it consists of four triangles meeting in the center at a circular point. The kite's outline and the string are black, while the geometric pattern within it is uncolored. Hanging from the kite's bottom are three colored ribbons or tails—yellow, blue, and pink."
hobby,Knitting,An illustration of a pair of knitting needles using a simple line art style. Each needle has a tapered point at one end and an eye-shaped notch at the other. The symbol is commonly associated with the hobby of knitting.
hobby,Knitting,"Two round balls of yarn, colored in different shades of pink. One of the yarn balls appears to be unwound, leading to a pair of knitting needles that are knitting a pink yarn. Represents an activity associated with knitting."
hobby,Knitting,"A pair of wooden knitting needles, one with a pink yarn knitted into several rows, and a pink ball of yarn. The yarn unspools from the ball, looping between the needles. The image symbolizes knitting."
hobby,Laptop,"A simple black silhouette icon of a laptop with a blank screen and visible hinge, represents the concept of a notebook or ""노트북"" in Korean. Suitable for categories such as technology, work, education, enjoyment, and hobby."
hobby,LEGO,"Two interlocking plastic building blocks, one is blue with two circular studs on it and the other is a larger yellow and orange block, which also has two circular studs visible."
hobby,Lineage,"A stylized text logo that reads ""Lineage"". The word is written in a cursive, flowing script that is predominantly black with a shadow or outline effect. Behind the text, there are two vertical lines, one slightly thicker than the other, with a red coloration giving a backdrop to the word."
hobby,Login,"A stylized, simplistic human figure in yellow is stepping towards a grey open door. There is a yellow arrow pointing right, located on the door, implying movement towards entering or proceeding through the doorway. The figure appears to be in motion and the concept likely represents ""login"" or ""entering""."
hobby,Magic,"The illustration depicts a magician's top hat with magical swirls rising out of it. Accompanying the swirls are small shapes resembling squares or diamonds. On one side of the hat, there's a wand touching the brim, suggesting a magic trick being performed. The image is in a line art style, with no color fill, symbolizing magic or illusion."
hobby,Maracas,"Two maracas, illustrated in a colorful style. One has a blue top and a light blue band, and the other has a yellow top and an orange band. They are drawn side by side with a slight diagonal orientation. The background is plain white."
hobby,Marbles,"Three stylized marbles overlap slightly; the larger marble is green with yellow swirls, and the blue marble has lighter blue swirls. Behind these two, a small yellow starburst indicates motion or collision. Above and to the left of the main marbles, there are three smaller green marbles that seem to be floating away. The background is white. The image represents playing marbles, a traditional children's game and hobby."
hobby,me2DAY,"A logo-style image with the text ""me2DAY"" written in a bold, stylized font. The ""me"" is in lowercase, and ""DAY"" is in uppercase. There is a speech bubble icon above the ""me"", suggesting conversation or social interaction. The color scheme consists of dark gray or black on a white background."
hobby,Media,"A black and white icon combining a musical note and a play button inside a screen or frame, suggesting multimedia content like video or music playback. It symbolically represents media, entertainment, music, or video playing functions."
hobby,Memo,"A black and white icon representing a document or page with a folded corner at the top right. There are three horizontal lines on the page, symbolizing text or writing. The icon is typically used to denote a memo, note, or written document."
hobby,Merry-go-round,"An illustrated simplified drawing of a merry-go-round or a roundabout found in playgrounds. It has a grey-colored circular base, with four yellow poles forming an inner circle and four green poles angled towards the ground. The poles are also connected by orange crossbars at the top."
hobby,Messenger,"A stylized icon of two figures. Each figure consists of a solid black circle for a head and a solid black rounded shape representing the shoulders and body, suggesting social interaction, conversation, or companionship. The icon is typically used to indicate a messaging or chat feature."
hobby,Mnet,"A logo with a bright pink and white color scheme. It is composed of a stylized lowercase ""m"" enclosed within a pink rectangle with rounded corners. The letter ""m"" is in white and is designed with a modern and curvy typeface that depicts movement or fluidity. The logo is set against a plain white background."
hobby,Monitor,"A simple illustration of a computer monitor. The monitor has a widescreen aspect ratio, with a thick, light gray bezel and a darker gray stand. The screen itself is a blank teal color."
hobby,Mouse,"A simple, stylized illustration of a standard two-button wired computer mouse with a scroll wheel. The mouse is primarily gray, with the scroll wheel highlighted in yellow and the cord and button division lines in black. The image can be associated with computer-related activities, such as gaming and office work."
hobby,Musical,"A cartoon character dancing on a stage framed by red curtains. The character is smiling, has one arm raised, and stepping forward with one foot. Musical notes float around the character indicating that the character is dancing to music. The background is simple, with a plain colored floor and a white background suggesting an open space for performance. The overall image represents a musical or theatrical performance."
hobby,NATE,"The image displays the word ""NATE"" in uppercase, bold letters with cartoon-like characteristics, having thick black outlines and filled with a solid white color. Each letter is adorned with small circles—two of them are light blue and two are orange—placed at varying points around the letters."
hobby,NESPT,"A stylized logo with the word ""NESPT"" in blue capital letters. To the left of the text is an abstract swoosh-like symbol with two curved elements, one in orange and the other in a lighter blue, suggesting motion or speed. The logo represents themes of activity, sports, or other energetic hobbies."
hobby,Netbook,"An illustration of a black laptop with a minimalist appearance suggesting a thin design. The screen displays a large letter ""e"" in a lighter blue color, stylized with an orbiting ring, reminiscent of the Internet Explorer web browser logo. The symbol represents a notebook computer used for internet-related activities."
hobby,Off-season,"A desk calendar with a ring binding at the top. The calendar has a header with Korean text ""비수기"" which translates to ""off-season"" in English. Below the text is a grid representing a month view with columns for seven days of the week numbered 1 through 7, and multiple rows of which several are highlighted in yellow, indicating the off-season period."
hobby,Orchestra,"The illustration features a stylized representation of seven figures that could be interpreted as musicians in an orchestra. The figures are depicted in black with simple circular heads and featureless bodies. In front of the figures, there are five music stands, shown in a mix of black and a tan color. The musicians appear to be standing side by side."
hobby,Organize,"The illustration features a collection of books and a pencil, arranged around a central gray arrow pointing from left to right. On the left side, there are two open books, one stacked atop the other, with pages visibly spread out; a tilted book and a yellow pencil. On the right side, there is a neatly stacked pile of three books with orange covers. The overall image conveys a sense of movement or transition from a disorganized state of books to an organized stack, symbolizing the concept of ""정리해요"", translating to ""organize"" or ""tidy up"" from Korean."
hobby,Performance,"A cartoon boy standing on a stage between two red curtains, waving with one hand and holding a microphone attached to a stand with the other hand. There are musical notes in the air, suggesting he is singing or about to sing. The background represents a stage area with a spotlight effect, indicating a performance setting. The image represents the concept of a performance or concert."
hobby,Photography,"There are two simple, flat-style drawings with thick black outlines. On the left, there is a person with short hair, wearing a blue shirt that resembles a jacket or sweater. On the right, a landscape includes two green hills, a small yellow foreground, and two white clouds in the sky. Both resemble photographs and are tilted at slight angles. They correspond to ""사진"" in Korean, meaning ""photo"" or ""picture."""
hobby,Piano,"A simplified illustration of an upright piano in a perspective view. It appears to be made of light brown wood with white and black keys visible. There is a detail of black foot pedals at the bottom. The shading suggests light coming from the upper left, giving the piano a sense of volume and depth."
hobby,Pinwheel,"The illustration depicts a pinwheel with a simple stick and a windmill-like apparatus with four light blue-colored blades, connected together at the center by a yellow dot. The pinwheel is drawn against a white background. The image conveys a sense of playfulness and leisure."
hobby,Playtime,"Two animated characters. On the left, a character is walking with one arm extended upward in a waving gesture, wearing a light gray short-sleeved shirt, teal shorts, and dark gray shoes. On the right, another character is holding a pan and tossing something in the air, wearing a white short-sleeved shirt, brown shorts, and dark brown shoes, with their hair styled in a playful spiked manner. Both characters are smiling."
hobby,Playtime,"A stylized cartoon character of a young boy with a cheerful expression, short, tufted hair who is sitting on a simple wooden chair, holding onto the two front legs of the chair. The boy is dressed in a white shirt. The background is minimalistic, with a faint blue shadow to suggest the floor and space behind him."
hobby,Popopo,"An illustration of three cartoonish figures in a row, each one with a unique color: green, blue, and red. They have two large, round eyes and a playful, surprised expression, with bodies that have a broad top resembling a heart shape and two leg-like structures. The background is white."
hobby,Pororo,"The illustration depicts a stylized cartoon face of a bird with a round head. The bird has prominent circular orange eyeglasses, a yellow beak at the center, and is framed with yellow plumage with lighter shades. The ears or side of the head feature small, simplistic yellow extensions that could be interpreted as either feathers or ears. The bird has a friendly and approachable appearance."
hobby,PowerPoint,"A stylized representation of a PowerPoint presentation icon, including a stack of slides or cards. The topmost card is red with a white area showing a bar graph and a pie chart, indicating the display of data. The red card is slightly angled to show depth, suggesting multiple slides behind it, set against a white background."
hobby,Preparation-Start,"The illustration depicts a stylized figure with a round head, one black dot for an eye, wearing a teal shirt, and holding a microphone raised near their mouth. To the left of the figure, there is a speech bubble containing the Korean word ""시작,"" which translates to ""Start"". The background is plain white."
hobby,Printer,"A cartoon-style illustration of a printer from a side perspective. It appears to be a standard home or office inkjet model, with a paper output tray at the bottom, a rectangular body, and a top-feeding paper input or scanner lid at the top. The illustration uses shades of gray, white, and black. No other objects or background details are included."
hobby,Printing,"Stylized illustration of a grey printer with a central rectangular body and two paper trays, one at the top and one at the front. Visible from the front tray is a sheet of paper with two pink flowers with yellow centers on it. There's a small green indicator on the upper right side of the printer's front panel."
hobby,Puzzle,"A simple, 3x3 grid jigsaw puzzle with all the pieces interlocked except for one missing piece in the bottom right corner. The puzzle pieces have standard jigsaw shapes with knobs and sockets that fit into one another, and the image is in black and white."
hobby,Quiz,"A cartoon of a smiling male character with spiky brown hair, holding a white sign with a prominent red question mark in the center, suggesting enthusiasm or curiosity."
hobby,Radio,"An illustration of a radio with a single large speaker on the left and a frequency tuning display marked with FM and AM bands at the top-center. Below the display, there are two knobs. There are also additional control buttons, including a power button symbol, to the right of the knobs. The radio is rectangular."
hobby,Rafting,"An illustration shows a group of four people engaged in white-water rafting. They are in a yellow inflatable raft, each holding a paddle, joyously navigating through blue water. The raft is depicted in a dynamic position, suggesting motion. The group is shown with smiling faces, indicating enjoyment of the activity."
hobby,Read,"A stylized, cheerful character with a tuft of hair on top holding an open book and reading it with interest. There are three wavy lines to the left of the character, suggesting motion or the flowing nature of reading. The character is featuring a wide, friendly smile. The Korean word ""읽어요"" (ilg-eoyo),which translates to ""read"", is also visible."
hobby,Rebroadcast,"An arrow forming a clockwise circular loop, outlined in black with a bold line and filled with a bright yellow color, against a plain white background. This symbol often represents cycle, refresh, or reload."
hobby,Restart,"A black square icon with a white eight-pointed burst or asterisk symbol inside. The background is plain white. Below, there's a Hangul text that reads ""다시시작,"" which translates to ""restart"" or ""start again""."
hobby,Ribbon,"A stylized bow tie colored in shades of red with highlight and shadow effects, giving it a three-dimensional look. The bow tie consists of two looped parts and two tails, with a smaller central part cinching it together. It could potentially indicate fashion, dressing up, or formal events."
hobby,Robot,"A stylized, simplistic robot with a boxy, grey body which has a screen filled with colorful squares on its chest. The robot has a cubical head with two rectangle eyes and a set of dots representing the mouth. Its blocky arms and legs are in a geometric style, and it appears to be standing upright with one arm extended to the side."
hobby,Router,"Illustration of a blue network router with a flat top and angled edges. On the front panel, there are two circular buttons, one red and one yellow, and next to them, three identical black icons that represent the Ethernet ports."
hobby,Rummikub,"Three upright standing cards. The card on the left is marked with the number ""1"" in blue, the center card displays a red stylized smiling face, and the card on the right is marked with the number ""3"" in green. The cards are spaced evenly against a plain white background."
hobby,Running,"A simplified, cartoon-style drawing of a person running with a round head, two dots for eyes, and a streamlined body. They are wearing a teal-colored shirt with a darker teal sleeve on one side, navy blue shorts, and grey shoes. The character's arms and legs are extended in a typical running pose, indicating motion. The background is plain white."
hobby,Sandbox,"The illustration depicts a square-shaped sandbox filled with sand, and a sand shovel embedded in the sand. The shovel has a simple design with a round handle. The sand is textured to represent the granular surface. The overall image is typically associated with children's play areas or educational tools for sensory play."
hobby,SBS,"Letters ""SBS"" written in a bold, uppercase font. The first ""S"" is part of a stylized ring, in blue and orange colors, with a gap where the ends of the circle should meet. The letters ""B"" and ""S"" are adjacent to each other and are also in blue. The image could be a logo or an acronym for a company, service, or group."
hobby,Scan,"The illustration displays a stylized image of a scanner and a computer monitor. The scanner, on the left, is open with its lid lifted at an angle. A red arrow flows from the scanner to the computer monitor on the right, indicating the transferring of scanned content. The monitor displays a graphic of a yellow square on a teal background, signaling the scanned image or document. This image represents the concept of 'scan' for leisure or personal interest activities."
hobby,Scoring,"A scoreboard with a large number '42' in red against a grey background on the left side, and a smaller rectangular box above it. On the right side, there is a bright blue background with '1:2' written in large red numbers. Below the numbers is a row of four yellow dots aligned horizontally."
hobby,Screen,The image is a stylized icon of a computer monitor. The screen is blue with three white diagonal lines. The monitor itself is black with a simple base.
hobby,Search,"The illustration shows a magnifying glass with a blue lens and a brown handle to the left, and a long, horizontal grey rectangle that could represent a search bar or input field to the right. This image may symbolize the concept of searching or looking for something."
hobby,Seesaw,"A simple illustration of a yellow seesaw with a grey fulcrum in the center. On each end of the board, there's a circular grey shape that suggests a seat. The background is plain white, and there's a faint grey shadow under the seesaw indicating it's raised above the ground."
hobby,Settings,"A simple black gear or cogwheel with a circular center and several pointed teeth around its perimeter is displayed. This symbol often represents settings, configurations, and mechanical concepts."
hobby,Singing,"The illustration features a stylized representation of a smiling mouth with musical notes floating above it. The upper and lower lips are colored in different shades and a white line distinguishes the teeth. The musical notes are arranged in an ascending pattern, conveying a sense of music or singing. The concept is related to ""노래하다"" (to sing), indicating enjoyment and hobby."
hobby,Software,"A stylized representation of software shown by a blue box with a white window symbol on its side. A bright yellow-orange CD-ROM or DVD is protruding from the open grey box, suggestive of a physical medium used for software distribution. The image conveys the concept of computer software related to leisure activities like gaming, creating digital art, or making music."
hobby,Songwriter,"A simplified human hand holding a pen, positioned as if writing on a musical staff. The staff has a treble clef and several musical notes on it, suggesting the act of composing music. This image is related to the term ""작사가"" (the Korean term for lyricist or songwriter)."
hobby,Sorting,"A simple three-tiered structure resembling shelves or drawers, with the top and middle sections highlighted in blue, and the bottom section remaining white. To the right of this structure is a double-ended arrow stretching vertically across the height of the middle blue section, indicating a measure or the ability to adjust that particular section. The image could symbolize organization, customization, or adjusting compartments within a given space."
hobby,Speaker,"A stylized graphic of a speaker with a yellow-brown enclosure and two black speaker cones with gray centers. To the right of the speaker, there is a black musical note, symbolizing the speaker's use for sound or music playback. This symbol represents the concept of a ""speaker"" under the ""Enjoyment and hobby"" category."
hobby,Stadium,"A stylized version of a stadium with an oval form and tiers of seating. Inside the oval, there's a field with a mix of green grass, and a pinkish-red track. On the right-hand side of the image stands a floodlight tower with multiple circular lights. The colors used are grey for the stands, green and pinkish-red for the field, and yellow for the lights."
hobby,StarCraft,"The word ""StarCraft"" written in a stylized, bold, and angular font in yellow with black outlines and details, giving it a three-dimensional appearance on a plain white background. This text is the logo for the real-time strategy video game of the same name."
hobby,Switch,"An illustration featuring a red toggle switch within a white rectangle that represents a smartphone or a similar device. The switch is in the ""on"" position, indicating activation or operation. This could symbolize accessibility or the functionality of turning something on or off in the context of smartphones."
hobby,Tambourin,"An illustration of a hand drum, or a tambourine without jingles. It has a circular frame with a light blue band encompassing the bottom portion decorated with white half-moon shapes. The top of the drum is a flat, beige surface, likely representing the drumhead. The drum is accented with a gold strip lined with regularly spaced dots, suggesting points where the drumhead is attached to the frame."
hobby,Tent,"The illustration depicts a dome-shaped tent in a combination of orange and grey colors, with an open door revealing a grey interior. The tent is positioned on a green surface suggestive of grass, and features a white strip around the bottom. The front canopy area is supported by a vertical pole with an open flap as an entrance."
hobby,Throwing,"A stylized human hand positioned as if tossing or throwing something, with an arched dotted line leading from the hand to a simple outline of a circle, representing a ball or object being thrown. Above the arc, there is a red curved arrow indicating motion. The hand is clad in a teal or green sleeve. The image is against a plain white background."
hobby,Travel,"A cartoon character of a young boy happily walking with a green suitcase on wheels. In the background, there's a stylized image of an airplane with its wings angled upwards, suggesting air travel. The theme of the image suggests travel."
hobby,Triceratops,"An illustration of a green triceratops in profile, facing to the left. The dinosaur, characterized by its three horns on the face and a large bony frill at the back of its head, appears to be in a walking stance. The body is robust with four stocky legs and a short tail. The background is plain white."
hobby,Trophy,"A cartoon-like illustration of a trophy with a large cup with handles on both sides, a stem in the middle, and a block base. It is colored predominantly yellow, suggesting that it is made of gold, while the base is colored in orange. The trophy represents achievement or success."
hobby,Trumpet,"A stylized, black and white icon of a trumpet with a flared bell at one end and valve casings in the center. The design represents the concept of music within the category of enjoyment and hobbies."
hobby,Twitter,"The image shows the word ""twitter"" in lowercase, bold, sans-serif font, with the letters colored in a light blue shade with a darker blue outline. The background is plain white."
hobby,Unlocking,"A simple black icon of an open padlock. The padlock has a rectangular body and a U-shaped shackle swung to the right in an open position. It symbolizes security, access, or unlocking something."
hobby,Violin,"An illustration of a violin with its bow. The violin has a curvaceous body with f-holes, a fretboard, tuning pegs, tailpiece, and chin rest. The bow appears long and slender with a slight inward curve. The colors primarily used are shades of brown for the violin, symbolizing the natural wood, and black and gray for the bow."
hobby,Violin,"An illustration of a classic violin with its four strings and a bow lying diagonally across it. The violin has a light brown body, darker brown accents, and a black chin rest at the bottom. The bow has brown hair and black at both ends."
hobby,Virus,"A stylized representation of a virus relating to computing and cybersecurity. The image features a desktop computer with the monitor's screen displaying a mischievous character's face, complete with horns and a devilish grin. This image symbolizes computer vulnerabilities, the need for cybersecurity, and concepts related to computer threats and infections."
hobby,Voice,"A cartoon character of a boy with a cheerful expression. He has a tuft of brown hair, rosy cheeks, and a wide, open-mouthed smile. To the left of the boy, there are three curved lines of increasing width and color gradient from yellow to orange, suggesting sound waves emanating from the boy's mouth. The image conveys the sense of the boy making a sound, or ""목소리"" (moksori), which means ""voice"" in Korean."
hobby,Walkman,"A simple line drawing of a portable cassette player, or Walkman. The player has a rectangular shape with a central cassette compartment, control buttons above the compartment, and a pair of wired earphones with rounded earbuds extending from one side."
hobby,Webpage,"A simplified illustration of a web browser window with a light blue title bar that includes a red close button on the top right corner and a lighter bar below that suggests a location or address bar with indistinct dots. The main display area is white and features a large lowercase 'e' at the center with a part of it wrapping around a circular path, resembling the logo of a well-known internet browser."
hobby,Whistle,"A simple line drawing of a spherical whistle with an attached small rectangular mouthpiece and a looped cord or lanyard attached to the top. The illustration is in grayscale, with the whistle and lanyard outlined in black."
hobby,Windows,"The illustration depicts a computer monitor with a simplistic grey base and bezel. On the screen, there's a four-paneled window emblem, with each panel a different color: orange, green, blue, and yellow. The design is reminiscent of an iconic computer operating system logo. The overall style of the illustration is cartoon-like."
hobby,Xylophone,"A colorful xylophone with metal keys in multiple colors: red, orange, yellow, green, light blue, blue, and purple, arranged in the color spectrum order. There are two mallets with yellow shafts and grey, ball-shaped ends placed in front of the xylophone. The image has a cartoonish style."
hobby,Yahoo!,"The word ""Yahoo!"" in a bold, sans-serif typeface arranged in a horizontal line. Each character is colored in purple with thin black outlines, along with an exclamation mark at the end of the word."
hobby,Yo-Yo,"A simple line drawing of a yo-yo consisting of two rounded discs with concentric circles, symbolizing the sides of the yo-yo and the central axis, connected by a thin line that extends upwards, representing the string."
hobby,You,"Two cartoon-style male figures side by side. The character on the left has dark hair, is smiling, and wearing a light grey shirt. The character on the right has light brown hair, a broad grin, and is wearing a white shirt. The one on the right has his left hand placed on the left shoulder of the character on the left, conveying a friendly gesture. Both characters have rosy cheeks and simple facial features."
hobby,YouTube,"The logo composed of the word ""YouTube"" in black lettering next to a red rectangle with a white play button triangle in the center, recognized as the emblem for the video-sharing platform YouTube."
home,Above,"A cartoon-style character wearing a teal long-sleeve shirt, smiling and pointing upwards. Next to the character, there is a bold red arrow also pointing upwards. The gesture and arrow symbolize the concept of ""above"" or ""up""."
home,Aunt,"A cartoon character of a woman with shoulder-length wavy hair, smiling. She is wearing a yellow blouse with buttons and a collar, and a knee-length grey skirt. The character represents the Korean word ""고모"" which translates to ""aunt"" in English."
home,Aunt,"A stylized character with short black hair, a smiling face, wearing a long sleeve white top and a dark green skirt. The character is standing with their feet together, wearing gray shoes."
home,Baby,"The illustration shows a baby's face with a tuft of hair on top, wrapped snugly in a swaddling blanket. The baby appears to be calm or asleep, with closed eyes and a pacifier in its mouth. The overall shape resembles a leaf."
home,Backpack,"The illustration depicts a two-tone backpack with a light beige body and an orange flap on top. It has two straps and a small brown section at the bottom, possibly representing a reinforced base. The backpack is placed upright against a white background."
home,Bathroom,"A rectangular door that is tan or light brown in color has a sign on the upper half. The sign is divided into two equal parts. The left side of the sign is red with a white pictogram of a woman, and the right side is blue with a white pictogram of a man. The door has a black doorknob on the right side. The sign represents a gender-specific facility, such as a restroom or bathroom. The term ""화장실"" refers to ""bathroom"" or ""restroom"" in Korean."
home,Batteries,"A stylized illustration of two AA batteries lying horizontally next to each other. The batteries are mainly blue with white highlights, and each has a symbol of a zigzag or lightning bolt on its side. The top ends of the batteries appear to be silver, representing the positive terminals, while the rest of the batteries are blue with light blue bands."
home,Battery,"An illustration of two cylindrical batteries leaning against each other at an angle. They have a metallic silver body with orange bands around them, outlined with a yellow stripe. A white lightning bolt symbol is in the center of the orange bands. The tops of the batteries have a circular, flat negative terminal. The illustration represents the concept of ""battery"" which in Korean is ""배터리."""
home,Bed,"An illustration of a simple bed with a brown headboard, a lime green bedspread, and two matching pillows. The bed frame appears to be wooden, symbolizing a common and essential piece of furniture found in a bedroom within a home."
home,Bib,"An illustration of a pink bib with a large white oval near the top, simulating the area where a baby's face might show if wearing it. It has a yellow scalloped border resembling a lace or ruffled trim. The image represents the concept of ""baby"" or ""infant care""."
home,Bidet,"The illustration depicts a modern toilet with a closed lid. A flat line with water droplets above it suggests that the toilet is being used as a bidet. The toilet seat appears to be in an upright position, and the bidet feature is represented abstractly."
home,Binoculars,"A binoculars icon in a simplified and stylized manner. The icon is comprised of two symmetrical, cylindrical barrels connected by a bridge, each resembling an eyepiece. The barrels are shaded, and one of the eyepieces has a glare effect, suggesting glass or lens. The icon is outlined in black and filled with shades of white and blue, indicating metallic and glass materials."
home,Blanket,"The illustration depicts a neatly folded white blanket with a green top, placed on a beige or light brown mat or sheet, symbolizing a blanket (이불 in Korean), an everyday household item."
home,Book,"A simple line drawing of a closed book in a vertical orientation, with the spine visible on the left side. The book cover is light gray, and there is a small, stylized dark blue or black bookmark at the bottom right indicating a marked page."
home,Book,"A stylized image of a standing book. The book cover is red, and the pages appear to be black or gray, possibly indicating the shadows between them. There's a slight three-dimensional perspective, giving the book depth. This image represents the Korean word ""책,"" which means ""book"" in English. The book symbol could be associated with education, reading, or literature."
home,Bookshelf,"An illustration of a bookshelf filled with books. The bookshelf, colored in shades of brown, has four shelves each containing a mixture of books standing upright or lying flat. The books come in a variety of colors including green, red, orange, pink, blue, and brown. The background is plain white."
home,Bowl,"A stylized drawing of a side-viewed, empty bowl, consisting of two concentric circles representing the inner rim and the outer edge. The interior is colored with shades of grey and the rim is lighter grey or off-white."
home,Bra,"A simple line drawing of a bra with two cups connected at the center and two shoulder straps extending from the top of each cup. The image represents women's clothing, particularly underwear or lingerie, and could be used as a symbol or icon for a bra."
home,Button,"A flat, stylized illustration of a traditional brown wooden sewing button with four holes in the center, arranged in a square pattern. The button has a simple, raised edge on a white background."
home,Calculator,"The illustration depicts a calculator with a rectangular shape, a large display screen at the top, and a keypad with multiple buttons below. The buttons include numerical keys from zero to nine, functional keys with mathematical operations, as well as specific function keys such as ""MC,"" ""MS,"" ""MR,"" and ""CE."" A larger button with a plus sign on a distinctive red background is also noticeable. The calculator symbolizes financial management or budgeting within a household setting."
home,Camcorder,"A flat design illustration of a digital camcorder. The camcorder is gray with a blue and black lens on the front, and a rectangular, white flip-out screen to the right of the camera body. This design is easily recognizable as a camcorder icon."
home,Candles,"Two candles of varying heights with dripping wax at the top. Both candles are grey with white dripping wax, each with a flame possessing a yellow center and an outer red-orange layer against a plain white background."
home,Cartoon,A flat screen television illustration featuring two cartoon panda characters on the display. One panda appears to be smiling and the other looks surprised or shocked. There is a graphic of a green plant with two leaves to the right of the pandas. Television has two small antenna above the screen and a red power button or light below the screen.
home,Chair,"A stylized chair with a green seat and backrest. On the backrest, there is a simple white line drawing of a chicken's head with a wattle, signifying the Korean character ""의자"" (chair). The legs and frame of the chair are a lighter tan or beige color."
home,Clothing,An illustration shows a pair of blue jeans and a grey T-shirt with short sleeves. The T-shirt has a pocket on the left chest area. Both clothing items are laid out flat.
home,Coat,"The illustration depicts a double-breasted coat with two columns of three buttons each, a notched lapel, long sleeves, in a grayish hue with darker outlines and a contrasting color for the buttons."
home,Comb,"A simple, stylized image of a green comb. The comb has regular teeth on one side and wider teeth on the other, suggesting a design for general hair grooming."
home,Computer,"An icon of a desktop computer including a computer case (tower) with a red power button indicator, and a separate monitor with a blank screen and two small red lights or buttons on the lower-right side. The computer case and monitor are outlined in black, filled with white. The background of the image is plain white."
home,Confused,"A cartoon-style drawing of a person with a round head, a smiling face, two dots for eyes and a straight line for a mouth. The person is standing upright with their arms at their sides, wearing a blue jacket, collared shirt, striped tie, grey trousers and black shoes. There are three short lines near the left side of the character's head, possibly indicating speech or sound."
home,Cooking,"A smiling cartoon character, possibly a young boy with short, spiky hair, holding a white spatula in his right hand and presenting a steaming hot pie or similar food item on a plate in his left hand. The character is dressed in a plain white t-shirt. The image could symbolize home cooking or preparing food."
home,Cosmetics,"The illustration depicts two bottles with pink labels and yellow caps, accompanied by a round object with a blue bottom and a pink, frilly top resembling a sponge or a scrubbing puff. They represent toiletries or personal care products, fitting into the ""화장품"" (cosmetics) category, representative of items found in a home's bathroom or vanity."
home,Curtains,"A pair of orange curtains hanging on a rod above a white-framed window. The curtains are drawn to the sides, revealing the closed window in the center. The rod has circular elements suggesting a decorative or functional design."
home,Daughter,"The illustration depicts a young girl with long black hair tied in two ponytails with red hairbands. She is wearing a light pink long-sleeve shirt with a dark pink collar and a small bow at the neckline, a bright pink skirt and pink shoes. She is smiling and her eyes are simple black dots."
home,Daughter,"A stylized illustration of a young girl or woman with straight, shoulder-length black hair, a smiling face. She's wearing a sleeveless yellow top with straps, over a white shirt, a blue skirt or dress, and simple black shoes. The illustration represents the concept of ""daughter""."
home,Daughter,"Two cartoon-style female figures holding hands. The figure on the left appears to be an adult with short hair, wearing a pink blouse and black skirt. The figure on the right looks like a younger girl with a headband, smiling broadly, wearing a white shirt with a heart design on it and a blue skirt. A red triangular play button symbol points towards the younger girl."
home,Defrosting,"A microwave oven with its door open, revealing a plate inside with three pieces of food that resemble rolls or buns. The microwave has a control panel that includes a dial and buttons and is colored in shades of gray, black, and white, with hints of yellow and red on the buns. The front door of the microwave is tinted orange."
home,Detergent,"A plastic bottle which is predominantly a teal or greenish-blue color. It's used for household cleaning detergents or soaps. The bottle features a handle for ease of grip on one side, a pour spout with a grey cap on top, and a lighter colored label on the front."
home,Diamond,"A stylized diamond with a shining appearance. It is primarily light blue with white highlights that depict its faceted surface. Around the diamond, there are small yellow and white star-like shapes that suggest the diamond is sparkling. The background is plain."
home,Dinner,"A stylized representation of a dining setting. There is a bowl in the center, with a spoon to its right and a pair of chopsticks next to the spoon. Above and to the right of the bowl and utensils, there is a yellow crescent moon."
home,Dishwasher,"An illustration of a dishwasher, a symbol for the Korean word ""식기세척기,"" meaning ""dishwasher"". The image features a front view of a rectangular appliance with a window on the upper half where you can see a stack of plates and water jet lines. Below the window, there is a control panel with two round buttons, one red and one orange, and a rectangular screen in between the buttons."
home,Divorce,"An illustration has two geometric shapes. On the left, there's a square with a dotted line running from the bottom left corner to the top right corner, symbolizing division. The square is followed by an arrow pointing rightward. The arrow points to a triangular shape on the right side that represents a house or roof. With a black and red color scheme on a white background, the illustration appears to represent division of a household."
home,Divorce,"Two figures, one appearing to be a bride holding a bouquet of flowers with a frown on her face, and the other appearing to be a groom with a neutral expression. They are visually separated by a broken heart symbol above and between them, indicating emotional distance or the end of a relationship. The broken heart symbol and the expressions on the figures suggest the theme of ""이혼"" (divorce)."
home,Door,"A simple, flat illustration of a closed door in a warm, brownish-orange color with a darker brown frame suggesting a wooden texture. There is a silver or grey doorknob on the right side, indicating it opens from the left. The background is plain and light-colored. It represents the Korean character ""문"" (mun), which means door."
home,Dresser,"A three-drawer chest or dresser colored in a light gray tone, with the drawer fronts in a contrasting light tan or beige color. Each drawer is fitted with a simple rectangular handle. The dresser is a utilitarian piece of furniture that could be used within a home for storage."
home,Dryer,"A simple line art illustration of a hair dryer in a side profile view showing its main components: the handle, body, and air vent. It uses a limited color palette with grey tones for the body, a darker grey for the air vent, and outlines to define the shape."
home,Dustpan,"A light blue dustpan with a hollow rectangular container and a flat bottom. Attached to the container is a handle with a darker blue stripe pattern and a small circle at the end, which could be used for hanging the dustpan."
home,Earrings,"A stylized human ear in a side profile view. Below the ear, a dotted line curves downwards, ending with a circular outline. Along this line, four yellow circles resembling beads decrease in size from top to bottom. At the end of the dotted line, outside the circular outline, there's a red, solid triangular shape pointing towards the last yellow bead. The entire picture is set against a white background."
home,Family,"A stylized illustration of a family of four with a white background. From left to right, there's a adult male figure with an orange shirt, a younger female figure in a pink shirt, a younger male figure in a teal shirt, and an adult female figure in a yellow shirt. Each figure has a different hairstyle and depicted features. The style is cartoonish with solid colors and no shading."
home,Father-in-law,"An illustration depicts a friendly and approachable character with a round head, a smiling face, and a receding hairline hairstyle. The figure is wearing a red sweater over a collared shirt, paired with white pants, and white shoes. The Korean text ""시아버지"" translates to ""father-in-law."""
home,Febreze,"A simple line drawing of a light blue spray bottle with the word ""페브리즈"" written in white. The neck and the spray nozzle are depicted in gray and white, indicating a trigger-style sprayer."
home,Filter,"Two rectangular panels, possibly representing filters, with a series of horizontal lines running across them to signify the layers or pleats. The lines are evenly spaced, and the two panels appear to be overlapping slightly. This image may symbolize filters commonly associated with air or water purification systems."
home,Flowers,"A conically arranged bouquet of pink flowers with dark pink centers and black outlines. Below the flowers is a yellow shape resembling a cone or vase, indicating that the bouquet is upright. The background is white, providing contrast and making the colors stand out. The illustration represents the concept of ""꽃"" which means ""flower"" in Korean."
home,Foot,"A side profile view of a human foot, which is right-sided, showing the outer edge with five toes of descending size from the big toe to the little toe, using a skin tone color for the foot with visible lines indicating the ankle and the toes. The background is plain white."
home,Fragrance,"The illustration shows two bottles resembling perfume bottles. One bottle has a pink liquid inside and a spherical cap, while the other contains a yellow liquid and has a spray nozzle indicating a spray or mist being emitted. The bottles are oval with an indent in the center, and there are East Asian characters on the front of each bottle."
home,Furniture,"A stylized image of a brown wardrobe or closet with two doors, next to a small, round, tan table with four legs, against a plain white background. The image has a cartoon-like appearance."
home,Games,"Three objects related to games are depicted: a baseball with red seams, a brown bat, and a pink portable gaming console with screens, control buttons, and a stylus pen inserted on the side. The console has a clamshell design, open to reveal its dual screens. They are set against a white background."
home,Gemstone,"Illustration features a large, facet-cut gemstone with shades of blue. To the left of the gemstone, there's a round object with a checkered pattern, appearing to be a magnifying glass inspecting the gemstone. Small yellow stars are scattered around the gemstone, emphasizing its sparkling and shiny quality."
home,Glasses,"A pair of eyeglasses with round frames. The eyeglasses have a dark outline and a slightly shaded fill. The illustration only shows the front view of the frames, with no earpieces visible, representing ""안경,"" the Korean word for ""glasses."""
home,Gold,"The image shows a simple illustration of a stack of seven gold bars arranged in a pyramid-like structure, with the largest layer at the bottom. The gold bars have a gleaming yellow color with two twinkling stars to suggest shininess."
home,Grandfather,"A cheerful elderly man with gray hair is waving his hand. He's wearing a brown cardigan with buttons over a white shirt, paired with green trousers and black shoes. His posture is upright, and his left hand is partially tucked into his pants pocket. The illustration represents a grandfather figure."
home,Grandmother,"The illustration depicts a standing elderly woman with a smile. She has gray hair styled in a bob cut, a long-sleeve green sweater, a knee-length beige skirt, and pink slippers. The style is outlined with a fine black line."
home,Grandmother,"An illustration depicts a cheerful and friendly elderly woman with short, wavy gray hair. She's wearing a brown shirt with a lighter-colored collar, olive green skirt, and black shoes. She's standing upright with one hand raised in a waving gesture. She represents a grandmother figure in the context of home, family, and relatives."
home,Hairpins,"The illustration depicts a pair of hairpins. Each hairpin has a coral-pink bow attached to the top of a gold-colored clip with silver tips, used to pin hair up or decorate hairstyles. The bow is symmetrical with a central knot and two loops, one on each side, with tails extending downwards."
home,Headband,"A cartoon character of a young girl with a happy expression, light skin, rosy cheeks, wearing a white t-shirt with a heart symbol. She has brown hair partially held back with a blue headband. Above her head to the right, there is a red outline of an arrow pointing to her forehead, indicating a specific location, often used to represent the Korean concept of ""머리띠"" or ""headband""."
home,Helmet,"The illustration depicts a helmet in a side profile view, typically used for motorcycling or high-speed activities. The helmet features a large visor area and is designed with colorful details that may represent vents or design accents in red and blue. The background of the image is white."
home,Home,"A simple stylized illustration of a house with a rectangular shape, a flat roof, six square windows, and a central red door. The majority of the illustration is outlined in a thin grey line. The door is filled in red, making it the focal point of the image. It represents a universal symbol for home or housing."
home,Hoodie,"A flat-colored illustration of a teal hoodie with a hood and a zipper running down the middle. The garment has long sleeves and ribbed cuffs, and has a light flesh-toned oval at the top, representing a head or neck. The overall color scheme is dominated by teal with black lines for edges and details, on a white background."
home,Humidifier,"An illustration of a modern humidifier with a rectangular body, a circular window showing visible water level, and a spout on top emitting a cloud of mist. It has buttons or controls on the front, one of which is highlighted. The image uses gray for the humidifier's body, blue for the water indication, and black and red for details."
home,Husband,"A cartoon-style drawing of a person wearing a blue suit with a white shirt and a dark tie. The character is depicted with black hair, smiling, and standing upright with both arms at their sides."
home,Husband,"A pair of cartoon characters that appear to be a couple. A female character with shoulder-length hair, smiling and wearing a grey skirt, a white shirt with a heart symbol on her chest. A male character with grey hair, also smiling and waving with his left hand, dressed in brown trousers, a beige long-sleeved shirt, and a sweater with a heart symbol on the chest. They are holding hands, and there is a small red arrow pointing towards the right side of the illustration."
home,Iron,"A simple colored illustration of an iron used for pressing clothes. The body is orange with a light gray soleplate at the bottom and a darker gray area at the rear end, possibly, where the cord would be attached. The handle of the iron is white with a circular knob on top that could indicate the temperature control settings."
home,Ironing,"A modern electric clothes iron placed on top of a piece of fabric. The iron has a flat metal bottom and a thick, curved handle with a brown top. Its main body is white with a red and a yellow indicator light. There is a small puff of steam emitting from the front top side of the iron, indicating that it's in use."
home,Juice,"A glass with a stem is filled with orange juice. A slice of lemon (or possibly orange) is wedged onto the rim of the glass as garnish. The juice is bright yellow, and the glass is outlined in black with a light blue hint at the top. The lemon slice has a light yellow color with a darker yellow border."
home,Keyboard,"A simple illustration of a full-sized, wired computer keyboard in a horizontal layout with a uniform array of rectangular keys. The color scheme is monochromatic with shades of gray and blue, and the background is white."
home,Kitchen,"A simple kitchen scene with a light brown counter on the left, featuring a sink with a single faucet and a cooking pot on a stovetop. To the right of the counter is a gray two-door refrigerator with a vertical division, indicating the separation of the fridge and freezer sections. The illustration represents the concept of a kitchen, home, or domestic environment."
home,Kleenex,"A simple rectangular tissue box with one tissue partially pulled out. The box has a visible opening at the top for dispensing tissues. The tissue that is pulled out is crumpled, indicating that it has been used or is ready for use."
home,Ladder,"The illustration shows a simple ladder with blue side rails and light blue rungs, depicted in a vertical position with the rungs evenly spaced. The ladder has a flat, two-dimensional appearance with outlines and minimal shading. It resembles an icon or a symbol that could be used in a visual aid or infographic."
home,Laundry,"The illustration depicts a front-loading washing machine with a round window on the front panel. Through the washing machine window, we can see a stylized representation of clothing or laundry being agitated in water, with bubbles or foam at the top and a water splash indicating motion. Below the window, there are three round control buttons or indicator lights: two red and one orange. The rest of the washing machine is depicted in gray, and the image has a white background."
home,Lens,"A stylized icon of a camera in a flat design style. It features a large central lens colored blue, a red triangular shape above the lens, a small rectangle to the left of the lens, and a small circle towards the upper right corner of the camera body. The overall shape of the camera is a rounded rectangle, primarily colored in shades of gray with black outlines."
home,Lipstick,The illustration depicts a bright red lipstick partially extended from a black tube with a silver band near the middle and a detached cap next to the base. The style is clean and cartoonish.
home,Listen,"Illustration of a simple, stylized face with a neutral expression and a plain, rounded haircut. To the left of the face is a hand with all five fingers extended, separated by a small gap. Sound waves radiate from the hand, suggesting the act of hearing. This image represents the concept of listening, associated with the Korean word ""들어요"" (deureoyo), meaning ""listen"" or ""hear""."
home,Lotion,"A stylized illustration of a lotion bottle primarily white with a prominent yellow label in the center, which has a squiggly line and three horizontal lines. The cap of the bottle is slightly ajar, and there are two small drops above it, implying that it is either open or in use. There is a light grey outline surrounding the bottle against the white background."
home,Manicure,"An illustration of two nail polish bottles and brushes, one with pink nail polish and the other with yellow nail polish. Each bottle has a silver band around the neck, and the brushes have black handles. The image background is white."
home,Marriage,"An illustration depicts two characters standing side by side. On the left, a figure in a white bridal gown with a veil is holding a bouquet of yellow flowers. On the right, a figure is dressed in a black suit with a bow tie. Both characters are depicted in a simple, cartoonish style and are smiling."
home,Me,"A cartoonish drawing of a young boy with brown hair and a side-swept tuft. He is smiling broadly, revealing his teeth, and has rosy cheeks. He is wearing a white T-shirt and pointing to himself with his right hand thumb, giving a thumbs-up gesture. His expression and gesture suggest a positive attitude and could be interpreted as introducing or identifying himself."
home,Mealtime,"A stylized sun at the top with rays emanating from it, a rice bowl to the left, and a set of eating utensils to the right consisting of a spoon and a pair of chopsticks. The sun is yellow, the bowl is gray, and the eating utensils are black lines against a white background. The image signifies a mealtime or dining concept."
home,Mirror,The illustration depicts a rectangular mirror with a thin brown or beige frame and a reflective blue surface with a lighter shade of blue showing a reflection or glare. It is hanging from a loop.
home,Morning,"A simple representation of a breakfast scene. A stylized sun on the left indicates it is morning. In the center, there is a bowl, and to its right are a spoon and two chopsticks vertically aligned. The colors used are yellow for the sun and grey for the bowl and utensils, with black outlines. The image represents morning routines, breakfast, or the concept of starting a day."
home,Mother,"A smiling female character with black, short, curly hair. She is wearing a long-sleeved yellow top, a green knee-length skirt, and black shoes. Around her neck is a white collar. The style of the drawing is designed for easy recognition as a visual aid for representing ""mother"" in Korean, ""숙모"". The background is plain white."
home,Mother-In-Law,"The illustration depicts a cartoon-style woman. She has shoulder-length black hair, is smiling, and is standing upright. She is wearing a long-sleeved orange shirt and grey pants with dark grey or black shoes."
home,Mother-in-law,"An illustrated character representing an elderly woman with gray hair styled in a short haircut and a content smile. She is wearing a long-sleeved cream-colored shirt, a purple scarf, a green skirt, and orange shoes. The character is standing upright, facing forward. The style of the drawing is intended for a visual aid or iconography."
home,Necklace,"A cartoon-style image of a smiling person with shoulder-length light brown hair. The person is depicted from the chest up, wearing a white T-shirt with a large, chunky necklace. There is a red arrow pointing to the person's neck area, with the Korean word ""목걸이,"" translating to ""necklace""."
home,Necktie,"An illustration depicts a plain, solid colored necktie in light pink color with a pale grey knot."
home,Newspaper,"The illustration depicts an open newspaper icon with several columns of text, represented by vertical lines of varying lengths. Some blocks, likely indicating pictures or different sections, are scattered across the layout. The icon is a stylized representation of a print newspaper, commonly associated with news, information, and reading material."
home,Next,"An illustration depicts a thick, right-pointing red arrow, outlined with a black border. The arrowhead is triangular with a sharp point, and the tail is straight rectangle. It indicates direction or signifies moving on to the next item or step in a sequence."
home,Organize,"The illustration depicts a pair of hands with rolled-up shirt sleeves reaching for three cubes or blocks that are placed in a row on a flat surface. The hands appear to be in the process of organizing or rearranging the cubes. The overall image symbolizes the act of tidying up or organizing, with the Korean word ""정리해요""."
home,Outsider,"The illustration shows three stylized human figures standing side by side in black and white, with the figure on the right wearing a red top. There is a red downwards arrow pointing towards the figure in red, indicating a selection or focus on this figure. The background of the image is white."
home,Pajamas,A set of pajamas consisting of a long-sleeved button-up shirt and matching pants in a light blue color with darker blue outlines. The image represents the concept of sleepwear or nightwear.
home,Panties,An illustration of two pairs of underpants. The top pair is light gray with a blue tag on the front and a darker gray elastic waistband. The bottom pair is peach or light orange colored with a small white bow in the center and a scalloped edge along the waistband. They are set against a plain background.
home,Pants,"An illustration of a pair of blue pants with a button depicted on the waistband, against a plain white background."
home,Perfume,"A simple black and white line drawing of a rectangular perfume bottle with rounded corners, a narrow neck, a flat squared cap, and liquid in the lower part indicated by a shaded area."
home,Pillows,"The illustration depicts two white pillows, each adorned with a small blue motif resembling a flower or a stylized bow with four petals. The outlines appear to be drawn with a light, casual stroke."
home,Pitcher,"A simple line drawing of a water droplet or a gourd-shaped object with a smooth, rounded main body and a narrow neck extending upwards to the right. The image has light gray shading at the bottom of the rounded part, suggesting a bit of dimension or a reflective surface."
home,Plug,"A simple black and white line drawing of a two-pronged electrical plug. The plug has two vertical metal prongs at the top, a rounded rectangular plastic casing in the middle, and a cable extending from the bottom of the casing. The image contains Korean text ""플러그"" indicating it might be intended to symbolize electrical devices, connectivity, or household utilities."
home,Radio,"The illustration features a radio with a rectangular shape, primarily colored in shades of beige and brown. On the left side, there's a large, black circular speaker grille with concentric circles. On the right side, there are two dials, below them are a series of horizontal lines, and above these controls is a small window with ""FM"" and ""AM"" labels and several vertical lines."
home,Ramen,"The illustration shows a bowl of ramen consisting of curly noodles in an orange-tinted broth, topped with green onion slices in a simple ceramic bowl."
home,Razor,"A stylized drawing of a razor with a straight handle in a teal color that tapers slightly at the end. The razor head is rectangular with implied multiple blades, depicted in black and white. The drawing has a three-dimensional look with shading and perspective, giving the appearance that the head of the razor is tilted slightly upwards."
home,Refrigerator,"An upright, double-door refrigerator with the freezer compartment on the bottom and the fridge compartment on the top. The fridge door is open, revealing two transparent water bottles with blue caps on a shelf inside the refrigerator. The refrigerator has a control panel on the upper portion of the fridge door. The exterior of the refrigerator is a neutral color."
home,Relatives,"An illustration of five friendly-looking cartoon faces representing a family group. They are arranged in a semicircle pattern with the word ""친척"" written above, which translates to ""relatives"" in Korean. Each face varies slightly in appearance, each with a different hairstyle, and the characters appear to be of different ages and genders."
home,Relaxation,"A stylized cartoon character of a boy standing next to a tall, upright mobile phone. The boy is smiling with short, spiky hair and wearing a short-sleeved shirt, shorts, and shoes. One of his shoes is kicked off and is shown in mid-air, depicted by a dashed line to indicate the motion of the shoe being tossed gently into the air near the base of the mobile phone."
home,Remember,"The illustration depicts a person with short hair pointing to their temple with the index finger of one hand. Above and to the left of the person's head is a speech bubble containing three horizontal lines, representing text or inner thoughts. The person is wearing a green long-sleeved shirt and has a neutral expression on their face. The background is plain white."
home,Ring,"An illustration of a silver-toned ring with a stylized flower at its crest. The flower has five petals in a bright yellow color, with a golden outline. The image can symbolize concepts related to home, family, or relatives."
home,Rinse,"An illustration of a person and a bottle of liquid soap or shampoo. The person has a smiling face with a dollop of foam on their head, suggesting the act of washing or bathing. Beside the person is a pump bottle, with a dispensing nozzle that has a drop of liquid hanging from it. The bottle is labeled with a graphic of waves and horizontal lines, indicating a liquid product typically associated with cleansing products."
home,Room,"A simple, abstract representation of a room, viewed from a corner perspective. Four black lines outline the corners of the room, the back wall is colored gray. There is an open door on the back wall, depicted in orange with two yellow panels. The illustration could be associated with the Korean character ""방"" (bang) that represents the word for room or space."
home,Scarf,"A simple, flat design of a bow, also known as a scarf or ""스카프"" in Korean. The ribbon and tails are a soft mint green color with black outlines. The bow is tied in the middle with a knot in a traditional bow shape. The tails of the bow are cut at an angle and fall gracefully, suggesting lightweight material."
home,Seasoning,"An illustration of a plate of cylindrical food items resembling sausages or rolls, covered with a red sauce being poured from a spoon or ladle. There are two shakers next to the plate, one filled with red spices and the other filled with a white substance, likely representing a salt shaker. The image relates to cooking or meal preparation, with a focus on seasoning and serving food."
home,Shampoo,A stylized image of a pink bottle with a pump dispenser on top. The bottle has a slight curvature and the pump is depicted in a darker shade. There are no labels or additional detailing on the bottle.
home,Shirt,"A light blue colored long-sleeved shirt illustration with a collar, button placket with visible buttons down the center, and two chest pockets with flaps. The cuffs on the sleeves also have button details. The illustration is outlined in a darker color, possibly black. The background is plain white."
home,Shoes,"The illustration depicts a pair of green sneakers with white laces and a white rubber sole in the foreground, and a pair of red high-heeled shoes in the background, offset to the upper right. Both pairs of shoes are drawn in a simple, flat graphic style."
home,Shower,"A simple illustration of a showerhead, with water flowing from it depicted by dotted lines. The showerhead is angled downwards to the right, suggesting water flowing outwards from the head."
home,Siblings,"Two characters standing next to each other. A character with two buns in their hair, suggesting a female, wearing a pink top with a white collar and a purple skirt. A character that suggests a male, wearing a teal shirt and blue shorts. Both characters have simple black outlines, are smiling, and have a minimalist, cartoonish appearance. The illustration has a white background."
home,Slippers,"An illustration of a pair of slippers. They have a simple design, with a soft, light green insole and a blue upper part that covers the forefoot. The style is cartoonish, with outlines and slight shading."
home,Socks,"A pair of yellow socks with green heels and toes. They appear to be mid-calf length with ribbed cuffs at the top. There are lines and dots on the socks, suggesting texture or a pattern."
home,Sofa,"A cartoon-style drawing of a beige or light brown sofa with a two-cushion seat, a straight backrest, and armrests on both sides. The style is minimalistic with clear, straight lines."
home,Son,"Two cartoon-style figures, an adult and a child, standing side by side and holding hands. The adult figure has short hair, wearing a pink blouse, gray skirt, and black shoes. The child figure has short, upward-pointing hair, wearing a white T-shirt, brown shorts, and blue shoes. There is a red triangular cursor pointing at the child, with the text ""아들"" which means ""son"" in Korean."
home,Son,"The illustration depicts a cartoon-style figure representing a boy with a round head, a smiling face, and a pair of black dot eyes. He is wearing a blue long-sleeved shirt adorned with a red bow at the collar, green trousers, and purple shoes."
home,Speakers,"An illustration showing a pair of symmetrical speakers with a hexagonal body shape. Each speaker has two circular elements representing the sound drivers – a larger one for lower frequencies and a smaller one above for higher frequencies, with a single dot below these which may indicate a bass reflex port or a status LED. They appear to be styled in a grayscale color scheme."
home,Sponge,"The illustration shows a simple, cartoon-style drawing of a classic rectangular cleaning sponge, with rounded corners and typical pore marks on the surface, indicating its texture and absorbent nature. The sponge is primarily a light grey tone with black outlines for contrast. There are no other objects or background details included in this image."
home,Sponge,"An image of a wedge of cheese, yellow in color with multiple holes of varying sizes, giving it a spongy appearance."
home,Stir-fry,"The illustration depicts a bowl of stir-fried noodles with vegetables, with a pair of chopsticks picking up some noodles. The bowl is on a stove with visible flames, indicating that the food is either being cooked or kept warm. There are slices of various vegetables within the noodles."
home,Sunglasses,"The illustration depicts a pair of round eyeglasses with black frames and light gray lenses, indicating a reflective surface. The eyeglasses have a classic design with a bridge connecting the two circular lenses, and the arms of the glasses are angled upwards as if they are open."
home,Sweater,"A flat, stylized illustration of a front-facing sweater with a round neckline and long sleeves. The body of the sweater features a knitted pattern consisting of rows of semi-circular, scale-like shapes. The color is beige or light brown with darker outlines, and a slightly darker shade within the pattern for texture representation."
home,Switch,"An illustration of a light switch with a hand reaching towards it. The hand is positioned with the index finger extended, indicating the act of flipping the light switch. The color scheme includes a flesh tone for the hand, with black outlining for the elements and a gray and white color for the switch. This illustration typically symbolizes the action of turning a light on or off."
home,T-Shirt,"A simple, flat graphic of a teal-colored t-shirt with short sleeves and a round neck. Centered on the shirt is the white text ""T-Shirt"" written in English, without any other details like shading, texture, or folds. The outline of the t-shirt is defined by a thin black line."
home,Table,"A simple, flat drawing of a rectangular wooden table with a broad surface and four straight legs at each corner. It's depicted in a plain, cartoon-like style with minimal detailing. The table is brown, representing a wood-like appearance, set against a plain white background. There are no other objects or decorations on or around the table."
home,Tape,"An illustration depicting a roll of blue tape with a small amount unrolled at the end, revealing the sticky side. The tape is presented in a simple, stylized manner with shades of blue for the tape and brown for the inner roll core. The image is isolated on a white background."
home,Telephone,"An illustration of a stylized traditional landline telephone with a base and a numeric keypad. The phone has twelve buttons arranged in four rows of three, with four additional red circular buttons. The handset is attached to the base with a curly cord. The colors used are primarily shades of pink and gray."
home,Telephone,"An illustration shows a modern cordless telephone resting on its base. The phone features a display screen at the top half and a numeric keypad below, which includes numbers and a red and green button. The base is simple, rectangular and is the charging station for the handset. Its colors are neutral shades of grey and white."
home,Television,"A simple line drawing of a flat-screen television. The TV has a rectangular shape with an inner rectangle indicating the display area, and a narrow base or stand at the bottom of the TV, centered for support."
home,Tomorrow,"A desk calendar with a red top binding and the word ""TOMORROW"" written in bold capital letters on the page. An arrow is pointing to the right, indicating moving forward to the next day. One of the pages is turned halfway, indicating the transition to the next day. The image symbolizes the concept of the upcoming day or future plans."
home,Tooniverse,"A wordmark or logo consisting of the term ""Tooniverse"" written in a colorful, sans-serif font. Each letter is in a different color, ranging from shades of blue, green, orange, to red. The background is plain white."
home,Towel,"A simple representation of a light pink towel on a towel rack, consisting of two horizontal bars capped by vertical supports on each side."
home,Toy,"Three interlocking toy building blocks of different sizes and colors. The largest block is blue, the medium-sized one is half green and half orange, and the smallest block is red. They symbolize playfulness, childhood, or creativity. They're potentially representative of the Korean term ""장난감"" (jangnangam), which translates to ""toy"" in English."
home,Transformation,"An illustration of two geometric shapes with a solid red arrow between them. On the left is a square with a dashed diagonal line, and on the right, a cone pointing towards the left. The arrow points from the square to the cone. The background is white with black lines defining the shapes."
home,Trash,"An illustration depicts three items associated with trash or waste: a crumpled aluminum can, a discarded piece of crumpled paper or wrapper, and a banana peel. These items are in a simple, cartoon-like style with bold outlines. They're arranged separately, possibly symbolizing general waste or recycling. The Korean text ""쓰레기"" translates to ""trash"" or ""garbage."""
home,Tray,"A simple, stylized image of a round green tray with two side handles. The rim and handles are outlined in black, and the central portion is filled with a lighter shade of green."
home,Umbrella,"An illustration depicts a stylized umbrella with alternating panels of light blue and white, with rib structures supporting the panels. The handle of the umbrella curves at the end and is colored in a darker blue, resembling a classic hook-style umbrella handle. The overall image appears to be a vector graphic with clean lines and a clear outline."
home,Uncle,"The illustration depicts a friendly-looking cartoon man. He has brown hair, is wearing a green long-sleeved shirt, blue jeans, and black shoes. The man is standing upright with a slight lean to his right, smiling, and raising his right hand in a waving gesture. His left hand is down by his side."
home,Uncle,"A simplified, cartoon-style drawing of a man. He is wearing a dark brown suit with a light-colored shirt and a dark tie. The character has dark hair, is wearing glasses, and has a small smile on his face. He is standing upright with his arms at his sides. The trousers are a mustard color, and he is wearing black shoes on a plain white background."
home,Unplug,"A stylized representation of a plug being pulled out of a power socket. The plug, which is gray and white, is partially pulled out to the left side as indicated by a red arrow, and the cable trails off to the right. The socket is depicted on a beige background and features two round holes for the plug. The image symbolizes the action or concept of ""unplugging"" or ""turning off""."
home,Vest,"A simple, stylized drawing of an orange vest. It has a V-neck opening and a visible inner lining in a brown shade, suggesting the vest is open and not being worn."
home,Wardrobe,"A simple, cartoon-style wardrobe or closet made of wood. The wardrobe has a brown frame with lighter brown doors, a flat top, a small overhang, and stands on four short, round legs. It has two doors with vertical handles, hinting they may open outward. This symbolizes a wardrobe or ""옷장"" in Korean."
home,Watering,"A simple line drawing of a watering can tilting to the right, with three blue water droplets falling from its spout. The watering can has a handle and a long spout, typical features of a tool used for gardening purposes. The can is colored gray and the water droplets are blue. The background is white."
home,Welcome,"A stylized illustration of a person standing in profile view. The person is depicted with a round head, a single dot for an eye, and a straight-line mouth. They are wearing a long-sleeve green top and blue pants. The person's right arm is extended in front of them with the hand making a thumbs-up gesture. To the left of the person, there is a rightward-facing red arrow, pointing towards the person from the left side of the image. The style is minimalistic and flat, using solid colors and simple shapes."
home,Welcome!,"A stylized drawing of a person with a smiling face, black hair, wearing a green top and blue pants, standing next to an open door. There is a red arrow pointing rightwards through the doorway, indicating entrance or welcome."
home,Wife,"Two cartoon characters, likely representing a married couple. The woman on the left is waving with her right hand and has a heart symbol on her shirt. The man on the right is holding the woman's hand and also has a heart symbol on his shirt. Both characters are smiling and looking towards the viewer. They are standing with a plain background. There's a red play button-like shape pointing towards the woman, indicating that ""아내"" translates to ""wife""."
home,Wristwatch,"A human hand with the palm facing left and fingers extended upwards is wearing a wristwatch. The watch face is centered on the wrist, showing a time. To the right of the wristwatch, a red triangular shape points at the watch. The term ""손목시계"" translates to ""wristwatch"" in English."
home,Yummy,"The illustration depicts a cartoon-style person from the shoulders up, directly behind a round plate of food. The individual appears cheerful with their mouth open and the tongue slightly sticking out. The plate is filled with meat pieces and green leafy vegetables. The person is dressed in a simple, collarless shirt in two tones of color. The background is white."
home,Zipper,"A stylized illustration of an open zipper against a white background. It features a central zipper slider in gray, with a simplified pull tab. The teeth of the zipper extend outwards towards the top in a V shape, using dashed lines. Towards the bottom, the zipper teeth come together in a neat line."
human,Drinking,"A stylized representation of a person with a round head and a minimalist face, showing two eyes and a mouth. The person has short hair and is shown from the chest up, wearing a long-sleeved teal shirt. The individual's right arm is bent at the elbow, holding a clear glass containing a yellow-colored liquid near the mouth, signifying the action of drinking. The word ""마시다"" (masida), meaning ""to drink"" in Korean, is also present."
human,Listening,"The illustration features a large, peach-colored, cartoonish human ear on the left and a simplified grey human figure on the right. There is a large red arrow pointing from the ear to the figure, suggesting the direction of sound or information."
human,Magnify,"An illustration of a magnifying glass with a yellow frame and a brown handle on the left, and a red plus sign on the right. The two symbols are separate and do not overlap, set against a plain white background."
human,Running,"A stylized illustration of a human figure, appearing to be a woman or a girl, in mid-stride. She has long black hair, a light pink long-sleeve shirt, a dark pink skirt, and dark shoes. The figure design is simplistic with minimal detailing, flat colors, and simple lines. The background is white."
human,Sitting,"A stylized drawing of a human figure. The figure is seated with legs together, straight down, and hands resting on the sides. The person has a round head with a smiling face and is wearing a long-sleeved shirt and pants."
human,Sleeping,"A simple line drawing depicts a human figure lying on its back with a round head wearing a beanie or pom-pom hat, a straight body, and simple limbs with indicated hands and feet. The figure is inside a border. Above the figure is the Hangul text ""자다"" meaning ""to sleep."" The drawing uses just a black outline on a white background."
human,Standing,"A simple line drawing of a human figure. The figure has a round smiling face with two dots for eyes and a curved line for a mouth. The body, arms, and legs are straight lines. The figure is wearing a long-sleeved shirt and pants, both represented in a plain style. The hands and feet are simplified with no visible fingers or toes. The figure is a neutral, genderless representation of a person."
human,Taste-test,"The illustration depicts a stylized representation of an open mouth with red lips, showing a pink tongue inside. A hand with a skin-tone color is pointing at the tongue with its index finger. The illustration is likely designed to convey the concept of taste or eating, associated with the Korean phrase ""맛보다"" (matboda), meaning ""to taste."""
human,Tasting,"An illustration depicts an open mouth with red lips and a pink tongue. On the tongue rests a yellow bell, possibly symbolizing the sensation of taste. The bell has a single curved line above it that could be seen as a sensory indication."
human,Walking,"A cartoon image of a young boy walking with a cheerful expression, wide smile, and looking slightly to the side. He has spiky hair and is dressed in a white T-shirt and brown shorts. The boy also has blue shoes and is swinging his arms by his sides, indicating motion. The image represents the Korean concept of ""걷다"" which means ""to walk."""
life,105,"The number ""105"" in a bold, sans-serif typeface, aligned horizontally and centered on a white background."
life,110,"The number ""110"" in a large, bold, sans-serif font, black in color. The numbers are on a plain white background and aligned horizontally in the center of the image."
life,85,"The image shows the numerals ""85"" in a bold, black, sans-serif typeface against a white background. Both numbers are aligned on the same baseline and are of equal size and thickness."
life,90,"The image shows the number ""90"" in a bold, sans-serif font. The digits are black on a white background."
life,95,"The image features the number 95 in bold, black font centered on a plain white background. The numerals are thick and have no serifs."
life,Accessories,"A pink glove with a bow on the wrist, a yellow and brown backpack with a front flap and carrying straps, and a black high-heeled shoe. These items are common accessories for social activities or daily life."
life,Address,"The illustration shows a simplified depiction of a house with an orange and beige color scheme and a brown roof. To the right of the house, there is an overlaid image of a blue address sign. The sign has white lettering displaying the Korean text ""oo동"" at the top and the numbers ""123-1"" below it."
life,Adidas,"A logo consisting of a stylized flower with three petals extending upward and three horizontal stripes overlaid across the center of the flower. Below the flower, there is text in lowercase. The entire illustration is presented in a monochromatic color scheme, with the logo and text appearing in black against a white background."
life,Animation,"A film strip with a gray border and sprocket holes along the edges. Inside the film frame is a stylized yellow silhouette of Pikachu, a character from the Pokémon franchise. Next to the film strip is a classic film reel, also in gray. The image suggests a relation to animation or movies, specifically animated content featuring Pikachu or Pokémon."
life,Apron,"A simple, stylized green apron with yellow pockets and two vertical straps outlined in orange. The apron appears to be worn over the front of the body. The image could indicate apron-related activities, associated with cooking or artistry."
life,Auntie,"A cartoon character of a woman with short, wavy, light brown hair. She is smiling with her eyes closed, with a slight blush on her cheeks. She's wearing a pink, collared shirt with a V-neckline. The overall style is typical of modern, stylized illustrations."
life,Avocado,"An illustration of two halves of an avocado. The left half presents the creamy yellow-green flesh with a large round brown pit in the center. The right half shows only the flesh, with a circular brown spot in the center where the pit would have been."
life,Awesome!,"A stylized cartoon boy with a friendly, enthusiastic expression. He has short, spiky hair, closed eyes, and is smiling widely, revealing his teeth. He is wearing a short-sleeved t-shirt and is giving two thumbs up. The illustration is communicating a positive feeling or approval, associated with the Korean slang term ""짱이에요"" (jjang-ieyo), which means ""the best"" or ""awesome""."
life,Bamboo,"A cylindrical object with a textured yellow outer layer and a green grid-like pattern around the center. The top of the cylinder is semi-circular with a flat top, representing a bamboo section. The Korean word ""풀"" (pul), meaning ""grass"" or ""reed,"" is associated with it."
life,Bank,"The illustration shows a simplified representation of a bank building with an entrance sign bearing Korean characters ""00은행,"" which translates to ""00 Bank."" Above the text, there's an icon of a coin with the number ""100"" inscribed suggesting currency or monetary transactions. The building features two doors at the front and three smaller rectangles above them, implying windows or decorative elements."
life,Basketball,"An illustration of a basketball, a spherical ball with distinct black lines outlining the ball's sections, primarily orange with a slightly textured surface."
life,Beans,"The illustration depicts a cluster of five black beans or seeds with a simple, cartoon-like design. Each one has a distinct, central, light-brown spot, suggesting the beans' eyes or the hilum where they attach to the pod. The beans are arranged in a loose, overlapping grouping. The outline of each bean is a darker black, contrasting with the inner grayish-black color."
life,Bedtime,"An illustration of a bed viewed from the front featuring a headboard, two pillows at the top and a blanket with horizontal stripes. The overall image represents sleeping or a bedroom."
life,Bench,"A flat-style image of a bench with a sturdy design, featuring a horizontal seat made up of four wooden planks and a backrest of additional three horizontal planks. It has four legs with two armrests on the ends. The bench is colored in shades of brown and beige, suggesting it's made of wood."
life,Book,"The illustration depicts a stylized representation of a book in a vertical orientation with the spine to the left and the cover facing the viewer. The cover of the book is a solid orange-yellow color. On the cover, there's a centered, rectangular label with a black outline, containing the word ""BOOK"" written in uppercase black letters. The background of the illustration is plain white."
life,Books,"An illustration displays two books. One book is open showing its pages, and the other two are closed standing upright in the background, one green and the other pink. The image represents books, reading, literature, or education."
life,Boots,The image shows a pair of cartoon-styled blue boots with white straps and yellow tops. They represent footwear for daily life and social activities.
life,Broccoli,A cartoon-style single head of broccoli with a vibrant green color palette that highlights the textures of the florets and stem. It features a bushy crown with tightly clustered florets and a sturdy stem transitioning from a lighter to a darker shade of green. The broccoli is the sole focus of the image with no discernible background or additional elements.
life,Cabbage,"A simple, stylized, cartoonish illustration of a green cabbage with bold outlines and flat colors. Various shades of green and a small portion of yellow in the center give depth and curvature to the vegetable. The background is white."
life,Cabbage,An illustration of a green cabbage with large green leaves featuring some white and light green accents to represent the textured layers and natural variation in color. The cabbage is depicted in a stylized manner with bold outlines and flat areas of color.
life,Check,"A black and white illustration of a check with designated area for the payment amount reading ""0,000,000 $,"" several horizontal lines for details like the payee's name and the reason for the check. There is a signature line with a stylized, illegible signature. The check represents a financial transaction or payment method."
life,Churros,"The illustration shows a cylindrical churro emerging from a short container with a curved bottom and an orange band around its opening. The churro has a textured, golden or light brown surface and a hollow center. It could represent a food icon."
life,Cigarettes,"An illustration of a pack of cigarettes with one visible cigarette protruding from the top. The packaging is yellow and features an image of a lemon slice on the front, indicating a possible flavor or scent."
life,Clay,"A pair of cartoonish brown boxing gloves with the Korean characters ""찰흙"" written on the front glove, resting on a plain background. ""찰흙"" translates to ""clay"" in English."
life,Clip,"A simple black paperclip displayed with a white background. The paperclip is shown in the standard looped shape, typical of the common office supply used to hold sheets of paper together. The clip appears as a 2D image outlined in black with a slight thickness."
life,Coin,"Two circular icons stacked slightly overlapped, a larger one in the back and a smaller one in front. Both icons have a gray background with a silvery finish, symbolizing metallic coins.  The larger icon features the image of a crane mid-flight. The smaller icon depicts the face of a man wearing a traditional, possibly East Asian, headdress.  On the perimeter of each icon is Korean text. The larger icon has text that reads ""일반,"" while the smaller icon contains two segments of text, ""백만"" and ""원."" The illustration embodies the theme ""동전,"" symbolizing currency used for transactions."
life,Compass,"A simple illustration of a circular, metallic grey compass. It has a light blue background with the cardinal directions marked: 'N', 'E', 'S', and 'W'. The two-tone needle is red and white or silver, with the red end pointing north. The Korean term ""나침반"" is also included, which translates to ""compass""."
life,Cookbook,"The illustration depicts a pale yellow book titled ""요리책"" (Cookbook in English). There's a simple drawing of a blue bowl with a piece of bread, flanked by a fork on the left side and a spoon on the right side in light blue color. The background of the illustration is white, and the book is outlined in black."
life,Copier,"A stylized representation of an office printer or copier. There is a ribbon banner above the printer with Korean text that translates to ""Copier (사무용사)"" in English. To the left of the printer, there's a paper roll, indicating that the device may also handle large or continuous printing tasks. The color scheme consists primarily of blue for the machine's trays and buttons, a beige roll of paper, and a grey outline for the base and body of the printer. The background is white."
life,Counter,"An illustration representing a ""counter"" or ""checkout."" A smiling person is standing behind a counter, with a cash register to their left and a stack of folded towels or clothes to their right. The counter is marked with a label in the Korean script ""카운터,"" which translates to ""counter"" in English."
life,Crayons,"The illustration depicts three simplified, cartoonish style crayons. They are positioned vertically and slanted so that they converge towards the top without touching. They are colored in orange, blue, and green, each with different patterns of circular and straight lines segmenting the crayon body. The crayons appear to have a paper wrapping with the tips exposed, suggesting they might be wax crayons. There is a thick black outline around them."
life,Deposit,"A green-colored banknote with a black outline and a numerical value ""10000"" printed in bold. There is a portrait of an individual on the right. Above the figure, there are alphanumeric characters likely denoting the serial number of the banknote, and to the right are the words ""OO은행 만 원,"" translating to ""OO Bank Ten Thousand Won"" in Korean. Below the banknote, there is a red upward-pointing arrow. The term ""입금"" means ""deposit"" in Korean."
life,Diary,"The image shows an open diary or planner. The left page features several horizontal lines, and the right page displays a grid used for organizing a schedule. The planner has a brown cover with a visible bookmark hanging out at the bottom."
life,Dictionary,"The image represents a book with a two-tone cover divided into a light yellow top and a gray bottom. The yellow section displays Korean text ""사전"", translating to ""dictionary"". The simplistic style indicates the book's thickness with visible page layers on the side. The book is standing upright against a plain white background."
life,Disapproval,"A bold red ""X"" symbol at the top, often used to indicate prohibition or negativity. Under this, there is a simplified depiction of a human face with a neutral to slight frown expression, straight-line eyebrows slanting slightly downwards, and frowning lips. The character is bald or has very closely cropped hair. The overall illustration seems to be expressing discontent or disapproval."
life,Driving,"A simple line drawing of a car in a side profile view, with large, puffy clouds coming out from the car's exhaust, indicating the emission of pollutants or exhaust gases. The car and clouds are outlined in black against a white background. The illustration symbolizes vehicle pollution or environmental concerns related to automobiles."
life,E-Mart,"The illustration features a simplified representation of a storefront with the inscription ""E-MART"" on a yellow signboard. The building depicted is grey with multiple window panes, suggesting a commercial business front."
life,Economics,"A simplistic illustration of an orange book with its spine facing the viewer. On the front cover of the book, the word ""ECONOMY"" is written in capital letters centered within a white rectangle. The cover has a darker orange rectangle along the binding edge, and the spine appears to be a lighter shade of orange."
life,Eggs,"The illustration shows two eggs. On the left, there is a hot fried egg with the yolk in the center. On the right, there is a whole egg with a light brown shell."
life,Expenditure,"Two hands holding an object resembling a banknote or a check. The banknote has a currency symbol that appears to represent the South Korean won (₩) followed by three zeros. Above the banknote, there is a red downward-pointing arrow, which could symbolize a decrease in value or expenditure. The image suggests the concept of spending money or making a payment."
life,FamilyMart,"The logo of ""FamilyMart,"" a convenience store chain. The logo features the store's name in stylized blue lettering with a green horizontal bar above and a blue one below the name. The logo is set against a plain white background."
life,Fee,"A simplified, flat-style depiction of a grey building facade with rows of windows. To the left of the building, there is a red square sign with a black 'W' symbol that mimics the look of a currency symbol. The sign appears to be attached or adjacent to the building."
life,Fee,"The illustration shows a yellow rectangular paper or card that represents a receipt, invoice, or bill with Korean text at the top that reads ""수수료"". Below the text are several blank red lines and columns. To the right of the paper, there is a table with empty cells. In front of the paper, there are three coins overlapped, with numerical values ""10"", ""10"", and ""100"" visible, and the currency symbol '₩'. The coins are colored gold and grey, with the ""100"" coin being the largest and grey."
life,Fundraising,"A stylized, cartoonish character grinning broadly and holding up a notepad or sign. The sign displays a monetary symbol resembling a ""W"" with two horizontal lines through it. The character has a tuft of hair sticking up on the top of their head and is shown from the chest upward. The character's expression and posture suggest a positive attitude about financial matters."
life,Greeting,"The illustration depicts a person standing and smiling, waving their right hand. The person has short hair, is wearing a red top with a name tag, blue shorts, and dark shoes. This image represents friendly social interaction or greeting behavior."
life,Hamburger,"A stylized hamburger with two brown buns, a layer representing a beef patty, a yellow layer that appears to be cheese, and a green layer that may represent lettuce. The image is simplified and uses flat colors."
life,Homeplus,"A simplistic representation of a building with the label ""Homeplus"" on top. The building has a rectangular shape with a flat roof. It displays the name ""Homeplus"" in bold, red letters over a white background with a red border. There are two levels of the building shown, with six square windows evenly spaced across each level and a central door on the ground floor. The illustration likely represents a chain of retail stores or a shopping venue."
life,L,"A simple black letter ""L"" in a standard sans-serif font, on a white background. The letter is in its uppercase form and is oriented vertically and aligned to the left of the frame."
life,Letter,"An open envelope with a letter partially pulled out. The letter has two lines designated for addressing, with ""to. 에게"" on the top line and ""from. oo가"" on the bottom line, implying spaces where the sender and recipient's names should be filled in. The envelope is depicted front-facing."
life,Library,"A simplified, cartoon-style building that resembles a library, with a centered front entrance, a clock at the top, and multiple windows. In the foreground, there are two books with visible covers, one blue and the other orange, both with the word ""BOOK"" written on them. The symbol represents a library in the context of daily life and social activities."
life,Log,"A simplified drawing of a cylindrical object representing a log, showing a cross-section with circular patterns resembling the rings inside a tree trunk. Uses shades of brown for the log and beige for the cut end. The Korean text ""연근"" translates to ""lotus root"" in English."
life,M,"The image displays a large, uppercase letter ""M"" centered on a plain, white background. The font is bold and black, with straight lines and no serifs."
life,Magazine,"An open magazine or catalog with images of a pair of orange shorts and a red high-heeled shoe on the left page, representing fashion items. On the right page, there's an illustration of a cheerful woman with long hair. She is smiling, waving, and wearing a pink outfit with a white flower accessory in her hair. The overall imagery suggests a theme related to fashion or shopping."
life,Mailbox,"A red, upright mailbox on a pedestal is illustrated. The mailbox has a rectangular shape with rounded corners, two small rectangular slots at the top for letters, and an envelope with wings on the front, symbolizing the sending or receiving of mail. The envelope appears to be in motion with three trailing motion lines. The background is plain white."
life,Month,"A rectangular card with a light gray background and a dark gray border featuring a prominent red question mark in the center. Below the question mark, the word ""MONTH"" is written in bold, capital letters. The design represents a visual symbol for the concept of a month. The question mark suggests an inquiry or placeholder for a specific month."
life,Movie,"An illustration of a classic film reel with a segment of film unwinding from it. The film reel is colored in shades of gray, providing a metallic appearance with several large circular openings. The film strip appears to be celluloid with characteristic edges. There's a Korean word ""영화"" which translates to ""movie"" or ""film."""
life,Mushrooms,"The illustration depicts two brown-capped mushrooms with small white specks and white stems. One mushroom is upright, while the other is tilted slightly, showing the gills underneath its cap."
life,Nike,"The image displays the Nike logo, which consists of the word ""NIKE"" in capital letters and the iconic Nike Swoosh in black against a white background."
life,Notebook,"The illustration shows two notepads with a spiral binding at the top. The notepad on the left is larger, colored in blue with a white space on the cover. The notepad on the right is smaller, has a white cover and appears to be a plain notepad with no additional markings. The image represents the concept of note-taking, receipts, or records, correlating with the term ""수첩"" which means ""notebook"" in Korean."
life,Notebook,"An upright book with a brown cover. On the front cover, there is a white label with the Korean characters ""옥편"" written in black ink. The spine is visible, and the cover shows defined edges indicating a thick volume. The book appears to be closed."
life,Notification,"An illustration of a stylized building on the left with a badge or emblem with wings and a gemstone on its facade. On the right, there's an object resembling a telephone or keypad, with an arrow curving from it towards the building, indicating a connection between the two."
life,Office,"The illustration depicts two side-by-side desks with computer monitors on them, separated by a vertical divider. Each desk is colored in brown with a blue chair tucked into it. The computer monitors are colored white against a plain white background. The image symbolizes an office workspace or a computer workstation."
life,Onion,"The illustration depicts a single whole onion with a bulbous shape and a slightly pointed top from which green shoots are emerging. The main body of the onion is colored in shades of yellow and beige with contour lines suggesting its round, layered structure. The bottom of the onion shows the roots, which are small and dark."
life,Order,"Three geometric shapes aligned horizontally with two vertical lines separating them. From left to right, there's a pale pink circle, a pale yellow triangle, and a pale blue square, each within its own delineated space. The image has a white background."
life,Oyster,"The image shows a simple line drawing of an oyster with its two halves slightly open, revealing a yellowish element inside. The shell is in gray tones and the interior is in a cream or yellow shade. This symbol could represent seafood or ocean-related activities."
life,Paintbrush,"The image depicts a paintbrush with a black handle and an orange band where the handle connects to the white bristles. The tip of the bristles is colored orange, giving the appearance of having been dipped in paint."
life,Pastels,"Three pastel crayons colored in yellow, pink, and green are lying diagonally and overlapping each other, each with the word ""PASTEL"" written on them in uppercase letters. The image's background is white."
life,Peas,"The illustration depicts a partially open pea pod with a few peas inside. Two additional peas have fallen out of the pod and are situated below it. The image is a simplified, cartoon-like drawing with a color palette consisting of different shades of green."
life,Pen,"A simple, flat illustration of a retractable ballpoint pen. The pen is depicted diagonally from bottom left to top right. It has a clip on the side with a segmented body mainly in black and shades of gray."
life,Pen,"An orange pen with a black tip and a lanyard or strap attached to the black end. The pen features a gold or yellow clip with a small rectangular detail, possibly indicating a brand logo or a button. The image has a simple, flat design."
life,Photocopier,"An illustration shows a stylized photocopy machine from a side perspective, with the lid slightly open. There's a control panel with three circular buttons—red, yellow, and green—and a blue rectangular screen. On the front face of the copier, the word ""COPY"" is displayed. The copier has an out-tray on the side. The machine is in shades of gray on a white background."
life,Playground,"The illustration shows playground equipment, including a swing set with two swings and a seesaw with a central fulcrum and a plank balanced on top, with handles and seats at each end. The color palette primarily consists of grays, yellows, and a hint of orange on the swing seats."
life,Playground,"A colorful, simplified representation of five buildings that could be part of a playground or amusement park, each with a different roof. The central building is taller than the others, with a green pointed roof and a red flag on top. The first and last buildings have dome-shaped roofs in yellow and pink, and the second and fourth buildings have standard roofs in blue and grey. Below the buildings is a white banner with Korean characters ""00랜드"", translating to ""00 Land."""
life,Popcorn,"An illustration of a cluster of seven popcorn kernels. They are depicted in a cartoonish style. The popped kernels are yellow, with a distinct brown spot in the center. The line art is black, outlining the basic contours of each popcorn piece."
life,Potato,"Two stylized, simple illustrations of potatoes in shades of beige and brown, representing the eyes and dimples typically found on potato skin, with a cartoon-like appearance. There are no background details or additional objects."
life,Puma,"The image displays a logo with a graphic of a leaping puma positioned to the right of a bold, uppercase typographic representation of the word ""PUMA."" Both the text and the puma are black against a white background. It's associated with the sportswear brand."
life,Pumpkin,"A simplified illustration of a bright orange pumpkin with noticeable vertical ribbing and a dark brown stem. The background is plain white. The pumpkin is outlined in black, defining its shape."
life,Receipt,"A rectangular visual aid titled ""영수증"". It represents a receipt in Korean, with various items listed alongside their prices in numbers. The top section appears to be a date and time stamp, indicated by placeholder text ""0000년/00월/00일 12:00"". Two items in one section and three items in another section are listed with prices. Represents a typical sales receipt."
life,Refueling,"An icon of a simplified grey fuel container, known as a jerrycan with a cap on top, a handle, and an X-shaped detail on the front. To the upper left of the jerrycan, there's a single black droplet symbolizing a drop of fuel."
life,Ruler,A horizontally oriented ruler with measurement increments. The background color within the ruler is light blue and the border and measurement marks are in a contrasting darker color.
life,S,"A simple, black ""S"" character centered on a white background. The font is sans-serif with no additional embellishments. This image could represent the letter ""S"" as used in various contexts."
life,Sandals,"A pair of flip-flops with a white base and blue straps. The flip-flops are oriented vertically and are mirror images of each other, with the toe-thongs pointing upwards."
life,Sauna,"The illustration depicts a stylized representation of a sauna. The top half features a blank space that could represent the hot room, which is flanked by white cloud-like shapes representing steam. The lower half shows a bench with brown vertical stripe patterns, indicating wood panels. On the bottom edge, there are black dots evenly spaced, symbolizing the stones or a heater used in saunas. On the bottom right corner, an hourglass is shown, indicating a timer often used to track time spent in the sauna. The entire image is enclosed in a simple outline. The color scheme is minimalistic, using primarily brown tones with accents in white, black, and blue (for the hourglass)."
life,Sausages,"The illustration depicts two elongated, parallel objects resembling sausages or hot dogs. They have a tan hue with darker end caps, suggesting they have been sealed or tied off. There are two sets of parallel lines around the middle part, one set pink and the other white, serving as bands on the sausages. The sausages appear cartoonish with a slight gloss."
life,Scissors,"An illustration of a pair of scissors with the blades open in a V-shape. The handles are bright green, the metal blades are gray, and there is a thin black outline accentuating the shape of the scissors. The image is a clear and easily recognizable symbol for activities involving cutting or crafts."
life,Seafood,"Two fish are depicted above three sack-like, bulbous objects. The fish are oriented horizontally, facing towards the right, and appear to be a general representation of sea fish, like bass or cod. The image symbolizes ""수산물,"" which translates to ""seafood"" from Korean."
life,Seashell,"A simplified graphical representation of a seashell in side view. It has a spiraling shape with distinct lines indicating the layers as it curls inward. It's a grayscale contour with limited shading and outlines defining its shape. The icon is related to ocean, marine life, or beach objects."
life,Size,"A white background with the word ""size"" written in the center in black lowercase letters. The font is sans-serif, bold, and the dot of the letter 'i' is positioned directly above the stem. There are no additional graphics or decorations surrounding the text."
life,Sketchbook,"A spiral-bound sketchbook or notebook, oriented with the spiral binding at the top. On the visible page of the sketchbook, there is an abstract drawing featuring a blue shape at the top, a green shape in the middle, and a red, blob-like shape in front. The illustration symbolizes artistic activities, note-taking, or creativity."
life,Sportswear,"The illustration depicts a representation of sports attire, consisting of a short-sleeved t-shirt and shorts. The t-shirt is white with a teal collar, and the shorts are blue."
life,Stapler,"The illustration depicts a green office stapler. The stapler is angled slightly, with the top portion visible and the metal stapling area at the front. The color scheme is primarily shades of green with gray metal accents."
life,Sticker,"A rectangular sticker sheet with twelve heart-shaped stickers arranged in four rows of three. Each sticker is uniformly colored in a shade of pink with a slight white border around the bottom right, creating a subtle highlight effect. The sticker sheet is outlined with a thin black border, set against a plain white background."
life,Supermarket,"A stylized representation of a grocery store or supermarket with a front-facing store facade and a striped awning. Next to the store, there is a large, round, brown egg, a bottle of water with a blue label and cap, and a green leafy vegetable resembling a head of lettuce or cabbage. They represent typical items one might purchase at a supermarket."
life,Sweating,"A simplified, cartoon-style drawing of a person with short hair and a neutral facial expression. The person is wearing a long-sleeved teal shirt and dark blue pants. Above the person's head is a stylized representation of steam or a hot aroma, depicted as three wavy lines rising upward with a circular outline swirling around them. The overall imagery may symbolize heat, smell, or steam emanating from the person."
life,Tickets,"The illustration depicts two tickets lying on top of each other at an angle. The upper ticket is partially covered by the lower one. The tickets are yellowish with a white and orange section indicating ""OCR 400051."" Both tickets feature empty white rectangular boxes and a longer red box on the bottom ticket. The tickets symbolize passes or vouchers for events, transportation, or other daily life and social activities."
life,Together,"Two simplified, cartoon-style human figures are standing side by side and holding hands. Both figures have a neutral smile and are looking forward. The figure on the left is wearing a teal shirt and navy-blue pants while the figure on the right is wearing a light green shirt and blue pants. They have circular heads, straight bodies, and simple limbs, with no detailed facial features other than dot eyes and a line for a mouth. The background of the image is white, highlighting the figures prominently."
life,Toothpaste,"A simplified depiction of a tube, possibly representing a cosmetic item like toothpaste or a cream. The tube is capped at one end and the other end tapers down to a flattened edge, typical of a tube that has been squeezed. The body of the tube appears crinkled, illustrating that some contents have been used. It uses a monochromatic color scheme with shades of grey."
life,Tray,"The illustration depicts a black rectangle with a raised edge that frames an inner depressed area, resembling a shallow tray or plate. It symbolizes a tray or serving dish as one might find in daily life settings such as a cafeteria or social functions."
life,Unlocking,"An illustration of a bright yellow key inserted into the keyhole of a stylized, gray lock. A red arrow curves counterclockwise around the top of the key, indicating the motion of turning the key to unlock. The image represents the concept of unlocking."
life,Volleyball,A simple monochrome drawing of a volleyball with recognizable features such as the curved line patterns.
life,Walnut,"Two walnuts, one whole and the other one split in half to reveal the nut inside. The nuts have a textured shell and the half walnut shows the lobed, edible kernel with its creamy color and ridged texture. The background of the image is plain white."
life,Wastefulness,"The illustration depicts two toothpaste tubes, one with a red label and the other with a yellow label, both lying on their sides with the caps off. The tube with the red label is squeezed such that a red substance is oozing out onto the surface, forming a small pile. The tube with the yellow label appears to be unopened, there is no substance coming out from it. The caps of both tubes are visible near the openings but are not attached."
life,Workbook,"A stylized representation of a book standing upright with the cover divided into two sections - the upper section is yellow, lower section is grey. The text ""문제집,"" which translates to ""workbook,"" is written in black on the yellow section. The spine of the book is visible in a darker shade, and several lines on the side of the book represent pages."
life,XL,"The black letters ""XL"" in a bold, sans-serif typeface against a white background, possibly representing ""extra large"" size designation in products."
life,XXL,"The image shows the letters ""XXL"" in a bold, capital letter, sans-serif font. The letters are in black on a white background. The ""XXL"" typically represents an extra-extra-large size in clothing or other products."
marriage,Baby,"The illustration depicts a simple cartoon image of a baby. The baby appears bald on top with a band of hair around the sides and back of the head, and is standing upright. The baby has a pacifier in its mouth and is wearing a white diaper. The word ""아기"" meaning ""baby"" in Korean is also featured."
marriage,Bride,"A stylized figure of a person wearing traditional Korean attire, known as hanbok. The attire consists of a short jacket with long sleeves (jeogori) in a light green color, and a full-length, high-waisted wrap-around skirt (chima) in red with white decorative details near the hem. The figure has simple facial features with black hair in a bun-like style with two pins. The figure is also holding their hands together in front. This image represents a bride (""신부"") in Korean culture."
marriage,Dowry,"An open Korean traditional jewelry box with decorative flower blossoms at the center. On the right side, there's a yellow traditional Korean pouch (bokjumeoni) with a tied red ribbon with pink edges. In the background, there are layers of document or paper outlines. Above the image, there's Korean text ""혼수,"" which translates to ""dowry."" The image context relates to Korean culture, particularly in the context of marriage."
marriage,Dress,"A stylized drawing of a dress with a short-sleeved top and a long skirt portion. There is a colored band at the waist, separating the top from the skirt. The skirt has three circular details at the bottom, which could be decorative elements or buttons. The dress is in a flat, minimalistic style, representing clothing or fashion in contexts like marriage, childbirth, or child-rearing. The color scheme consists of a primary color for the dress, with a contrasting color for the waistband and detail elements."
marriage,Groom,"An illustration of a person standing upright and smiling, wearing traditional Korean attire, hanbok, with a light blue jeogori decorated with simple patterns around the collar and cuffs and dark blue pants. The person's hands are gently crossed in front, holding onto a fabric or an item that matches the color of the jeogori. The individual has black hair. The illustration is presented in a minimalistic, cartoon-like style using solid colors and bold outlines."
marriage,Tuxedo,"A simplified representation of a grey suit with a black-collar detail, black lapels, and a single black button in the center, along with a pair of matching grey trousers. The illustration uses flat colors and is done in a stylized, iconographic manner without any background."
nation,Africa,A simplified world map outline with only the continent of Africa highlighted in yellow. The rest of the continents are in black lines without any fill. The countries within Africa are not delineated. The focal point is Africa standing out in the center of the image.
nation,America,"A simplified, outline map of the world with the continents depicted. North and South America are highlighted in yellow, distinguishing them from the other continents. The remaining continents are only outlined with no fill color. There are no country borders or other geographic details present within the individual continents."
nation,Antarctica,"A simple outline of the world map with the continents clearly depicted. There is a stylized, highlighted shape that appears to represent Antarctica in the bottom left corner, filled in with a yellow color. This highlighted portion represents the Korean word ""남극"" (namgeuk), meaning ""Antarctica""."
nation,Asia,"A simplified world map with Asia highlighted in yellow. The map outlines are in black, and the rest of the world is not colored, only defined by their black outlines."
nation,Australia,"A simplified, grey outline of the continent of Australia positioned above a flag. The flag consists of a dark blue background with the Union Jack in the upper left corner and a large white seven-pointed star below it, directly under the Union Jack. To the right, there is a constellation of white stars, one large seven-pointed star and four smaller seven-pointed stars along with one small five-pointed star forming the Southern Cross constellation."
nation,Canada,"A grey outline of the map of Canada, including its distinctive geography with multiple inlets and islands, particularly in the northern Arctic region. Below the map, there is an image of the Canadian flag, which consists of two vertical red stripes on either end and a white square in the middle bearing a red maple leaf. The flag is a simplified depiction with flat colors."
nation,China,"A simple grey outline map of China is on the left. On the right, an image of the national flag of China, featuring a red field with five yellow stars in the top-left corner. The word ""중국"", which translates to China in Korean, is also present."
nation,Europe,A simplified world map with the continental outlines in black and Europe highlighted in yellow. The other continents and landmasses are not colored and are just outlined. The illustration is more symbolic than an accurate cartographic representation.
nation,France,"An illustration showing a simple, grey outline of France's mainland territorial shape on the left and a rectangle split into three vertical stripes colored blue, white, and red on the right, representing the national flag of France."
nation,Germany,"An outline of Germany's map in gray next to its flag, which has three horizontal stripes in black, red, and yellow from top to bottom. The background of the illustration is white."
nation,India,"An illustration of a flag with three horizontal stripes; top stripe in saffron color, middle stripe in white with a navy blue wheel with 24 spokes called the Ashoka Chakra, and the bottom stripe in dark green. This is the national flag of India."
nation,India,"A simplified, stylized world map with the outlines of the continents drawn in black. The continent of Asia, particularly the Indian subcontinent, is highlighted in blue. The rest of the continents are not colored and are left white."
nation,Italy,"The illustration shows the flag of Italy, a vertical tricolor consisting of three equal vertical bands of green, white, and red from left to right with the green band on the hoist side. There are no emblems or other details on the flag."
nation,Japan,"The illustration depicts a simple outline of the Japanese archipelago, consisting of four main islands and some smaller ones, alongside the national flag of Japan, with a white background and a central red circle. The term ""일본"" is Korean for Japan."
nation,Mexico,"The national flag of Mexico, a vertical tricolor of green, white, and red, with the national coat of arms centered in the white band. The coat of arms depicts an eagle perched on a prickly pear cactus, devouring a snake, set against a background comprising wreaths of oak and laurel leaves."
nation,Oceania,"An outlined illustration of a world map with Oceania, comprising Australia, New Zealand, and the numerous islands of the Pacific Ocean, highlighted in yellow. The rest of the continents are depicted in outline without any highlights."
nation,Philippines,"The image showcases a simplified outline of the Philippine archipelago on the left side. On the right side, it depicts the flag of the Philippines, which consists of two horizontal bands of blue and red, a white equilateral triangle at the left containing a golden-yellow sun with eight rays and three five-pointed stars in each corner of the triangle."
nation,Russia,"A flag with three horizontal stripes: white on top, blue in the middle, and red at the bottom, which is the national flag of Russia."
nation,Spain,"The national flag of Spain consists of three horizontal bands of color: a wide central band of yellow which is double the height of each of the red bands above and below it. On the yellow band towards the hoist side, there is an ornate coat of arms featuring a shield adorned with a number of different heraldic symbols, including castles, lions, and chains. The shield is flanked by two columns, and it is topped by a royal crown. The columns are wrapped with banners displaying the motto ""PLUS ULTRA."""
nation,Thailand,"An abstract gray-colored outline of a geographic shape on the left. On the right, a rectangular flag with five horizontal stripes of alternating colors: red, white, blue, white, and red, from top to bottom, with the blue stripe being thicker. The color pattern is characteristic of the national flag of Thailand. The Korean text ""태극"" is accompanying the image."
nation,Vietnam,"A flag with a red background and a large, centered, five-pointed yellow star. The flag represents the country of Vietnam."
others,Cheating,"Illustration of three figures standing side by side. A male figure in the center, wearing a teal shirt and blue pants. Two female figures on either side, one in a pink dress and another in a yellow shirt and skirt. Above each female figure's head is a red heart, indicating romantic feelings towards the male. Characters are facing forward, with the male smiling and the females looking towards the male with neutral expressions. This might symbolize a love triangle."
others,Ability,"The illustration depicts a person on the left with a neutral expression, short hair, wearing a teal shirt. On the right, there is a vertical bar graph with five bars. These bars are colored from top to bottom as red, pink, orange, light orange, and yellow. The image symbolizes ""능력"" (capability or ability) in the ""Others"" category."
others,Action/Movement,"A simplified, cartoon-style character is standing and facing forward. The character has a round head with two dots for eyes and a straight line for the mouth, creating a neutral expression. The person is wearing a long-sleeved teal shirt and dark blue pants. One arm is raised higher than the other, with a curved red arrow close to the lower arm, symbolizing movement or an action such as lifting the arm. The image is designed to convey the concept of motion or action (""동작"" in Korean)."
others,Addition,"The illustration features two square outlines separated by a red plus sign centered between them, on a white background. The image resembles a simple mathematical addition equation."
others,Again,"Simple illustration with two parallel lines connected by two yellow dots, one at each end. The upper line is straight while the lower one curves downwards before swooping up into an red upwards-pointing arrow on the right-hand side. The illustration likely symbolizes the concept of ""다시,"" which translates to ""again"" in Korean."
others,Alcohol,"The illustration depicts a variety of alcoholic beverages. From left to right, there is a frothy beer in a mug, a green bottle (possibly beer or soju), a brown bottle (possibly a different type of alcohol), a wine glass filled with red wine, and a small bowl that could contain a traditional Korean liquor."
others,All,"A simple, flat design featuring a square with rounded corners outlined by a dotted line. Inside this square are twelve circles arranged in a 3x4 grid, each circle has a solid outline. The background is white, and the lines and dots are in black and red, respectively."
others,Alone,"A cartoon-style drawing of a person sitting on steps or a platform. The person has a content expression with a small smile and is wearing a teal or green shirt, blue pants, and gray shoes. The steps are colored in a beige or light brown shade. The individual is sitting comfortably with their hands placed on their knees on a white background."
others,Ancestor,"Two figures standing side by side. On the left is a figure dressed in traditional Korean attire, specifically a hanbok, with a jeogori (jacket), baji (pants), and a black gat, which is a traditional Korean hat. The figure is also holding a closed fan or a small item in the left hand. On the right is a figure wearing contemporary clothing, including a teal-colored long-sleeve shirt and blue pants. Above the two figures, there is a red, inverted triangle pointing downwards."
others,Anytime,"A simplified illustration of a calendar with numbers on them. The calendar has a green tab and displays the number ""1"". In front of this are two detached pages overlapping each other, showing the numbers ""2"" and ""3"" respectively, with the number ""3"" being the most prominent. A fourth page, slightly detached from the others, displays the number ""4"". The numbers are in bold. This image could symbolize counting, dates, sequencing, or time passing."
others,Appearance,"An illustration of three stylized human figures standing side by side. The left figure is wearing a long-sleeve gray top and light brown pants, the middle figure is dressed in a short-sleeve blue top and gray pants, and the third one is in a short-sleeve green top and dark gray shorts. They are all smiling. Above the figures, there is Korean text ""모습,"" which translates to ""appearance"" or ""form"". The figures are enclosed within a dotted pink border on a white background."
others,Application,"A pair of hands holding a square sign or paper. The hands are facing palm-up and are positioned at the bottom corners of the square. The sign or paper appears blank, implying it's for an ""application""."
others,Aquarium,"An aquarium view with a large blue and white shark swimming alongside two smaller, striped yellow and black fish. Green aquatic plants are at the bottom of the tank. Four silhouetted figures are observing the marine life from the other side of the glass. The background of the tank is a light blue with bubbles around the fish and shark, indicating water."
others,Artist,"A stylized depiction of a person with a simple smiling face and short hair, wearing a teal shirt is in the center. Surrounding the character are symbols of: a clapperboard, two musical notes, and an easel with a painting, signifying film production, music, and visual arts respectively. These elements represent the concept of an ""artist""."
others,Ashtray,"A cartoon-style illustration of a round, white ashtray with shades of grey for a three-dimensional appearance. It contains two yellow stubs or butts that appear to be the ends of cigarettes. The central part of the ashtray has a darker grey color."
others,Asleep,"A cartoon-style image of a person sleeping on their side on a brown bed covered by a light green blanket. Their head is resting on a pillow and their face has minimal features. Above the sleeping figure, there are three ""Z"" letters indicating the sound of snoring or the state of sleep."
others,Assets,"An illustration featuring a stack of banknotes with the number ""10000"" on the top bill, a document or bankbook with numerical figures and currency symbols, and a representation of a house with an orange exterior and a brown roof. The image represents assets or wealth, comprising both liquid funds (money) and real estate. The theme corresponds to the Korean word ""재산"" (jasan), meaning property or assets."
others,Attach,"A classic horseshoe magnet in red and blue with the letters ""N"" and ""S"" indicating the north and south poles. In front of the magnet, there is an iron nail suspended in the air, aligned with the magnet's field and pointing towards the magnet's ends. Lines of force are depicted, suggesting magnetic attraction towards the nail."
others,Automatic,"An illustration of a person standing in front of sliding doors. The person has a circular head without facial features, a teal shirt, and blue pants. On either side of the doors are large arrows: the left arrow is pointing left and the right arrow is pointing right, presumably indicating the direction in which the doors open. The doors are outlined in black, and the image has a white background."
others,Background,"A stylized scene with a smiling stick figure person standing in the center, wearing a grey long-sleeved shirt and grey pants. Behind the figure, there is a grassy green landscape with two hills or small mountains in the background; one is larger and yellow-toned, and the other is smaller and green. Above the hills, there is a light blue sky with two fluffy white clouds."
others,Battle,"An illustration featuring a person with a neutral expression, short hair, wearing a teal top. In front of them are two hands clasping a red circle symbol, with yellow lightning bolts emanating from the point of contact. The hands appear to be breaking through a horizontal blue band. The image might represent a concept of empowerment, struggle, or overcoming an obstacle."
others,Believe,"Two light-skinned hands pressed together in a prayer-like gesture, fingers closed and aligned pointing upwards. Around the wrists, cuffs of a teal or dark turquoise garment are visible. The background of the illustration is plain white."
others,Bell,"A simple line drawing of a bell with a classic shape, a slightly flared bottom, and a top loop for hanging. A horizontal line indicates a visual divide towards the upper part and the clapper is depicted as a small circle below the main body."
others,Body,"A simple, flat illustration of a hairless human figure. The figure appears to be male, shirtless, wearing blue shorts and is standing with feet together, facing forward with a neutral expression. The arms of the figure are down by its sides. It could be used as a generic icon or representation of a human body."
others,Boy,"A stylized cartoon boy standing upright with a friendly expression and a simple, welcoming smile. The boy has spiky brown hair, wearing a short-sleeved white shirt, brown shorts, and blue shoes. The character's look is clean with minimal detailing."
others,Breathing,"A cartoon of a person wearing a teal-colored shirt and a white respiratory mask on their face. The mask has a grey area around the nasal part, possibly indicating the filter, and a yellow-greenish measuring tape is coming out of it, curling at the end. The person's eyes are closed and they have a bald, neutral head. The image may symbolize breathing, air quality, or respiratory protection."
others,Budgeting,"A stylized person with a neutral expression wearing a green shirt. Above and to the right of the person's head is a thought bubble outlined by a dotted red line, with a banknote and coins inside, displaying the denominations ""10000"" and ""100."" The person appears to be thinking about money or budgeting. The Korean word ""예산"" (budget) is in the ""Others"" category."
others,Burglar,"An illustration featuring a simple, stylized depiction of a house with a brown roof, beige walls, and a single window and a fence with white pickets. On the right, there's a cartoonish character resembling a burglar tiptoeing. The burglar is wearing a grey short-sleeved shirt, darker grey shorts, black gloves, shoes, and a mask. The character has spiky brown hair and carries a large grey bag over his shoulder. The overall image relates to the concept of burglary."
others,Calendar,"The illustration shows a flat design of a calendar. The top part of the calendar is red, indicating the header. Below is a large numeral ""01"" in bold, black font centered on the page. Underneath the ""01,"" ""MON"" is displayed in black lettering, indicating it's Monday, the first day of the month. The bottom right corner of the calendar page is curled, indicating the ability to flip the page."
others,Caution,"An illustration shows two stylized figures, an adult and a child. The adult, depicted in a teal shirt and blue pants, is extending their right arm towards the child's forehead. The child is wearing a shirt in a similar shade of teal and shorts that are dark blue or black. Above the child's head is a red downward-pointing triangle."
others,Central,"The illustration features a large white circle outlined in black. Inside this circle, at the center, there is a smaller solid red circle. The graphic could represent concepts like focus, targeting, centrality, or simplicity."
others,Chairman,"Two cartoon figures in a professional setting. The figure on the left is standing behind a podium, wearing a black suit with a white shirt and a tie. The figure on the right stands to the side of the podium, dressed in a black suit with a white shirt, and is wearing a medal on the left side of their chest. Above the figure on the right, there is a red downward-pointing triangle."
others,Change,"An illustration with three geometric shapes and an arrow. On the left, there is a square with sharp corners, next to it a rounded square with softer edges, followed by a perfect circle. Above these shapes, there is a large horizontal red arrow pointing right. The theme suggests a progression or transformation from a square shape to a circular shape, symbolizing change. The Korean word ""변화"" is mentioned, translating to ""change""."
others,Child,"Two cartoon-like figures are standing next to each other. A smaller figure on the left, appearing to be a child, is outlined with a dotted red line. This figure has short hair, is wearing a sleeveless top with straps, and shorts. The larger figure on the right, who appears to be an adult due to its height and proportional features, has short hair, a long-sleeve shirt, and long pants. Both figures face the viewer with neutral expressions."
others,Clash,"An image of two horizontal red arrows pointing towards each other, below them, a yellow starburst-like shape. Further below are two rounded white circles with black outlines connected together. The image symbolizes a forceful impact or clashing action between two objects."
others,Collapsed,"The illustration depicts two cartoon characters. One character is lying on their back on the ground, appearing calm or unconscious, with their knees bent and hands resting on their stomach. The other character is standing upright, looking down at the prone figure. There is a large red arrow curved between the two characters, pointing from the standing character to the one on the ground, suggesting some form of action or attention moving from the standing character to the one lying down."
others,Comforting,"The illustration depicts two stylized figures. The figure on the left appears to be an adult standing, extending their right arm to gently pat the head of the figure on the right, who appears to be a child sitting down. Both figures are depicted with simple lines and shapes. The adult is wearing a grey long-sleeved shirt and black pants, while the child is wearing a teal shirt and blue shorts."
others,Command,"The illustration depicts two stylized figures facing each other. On the left, a figure in a teal shirt is pointing a finger at the figure on the right and has a slight frown. The figure on the right, in a gray shirt, displays a neutral expression. A speech bubble with three dots is depicted, indicating speech or a conversation. The image signifies one person addressing or giving instructions to another."
others,Communication,"Three stylized representations of phones in yellow, green, and red. The phones have a classic design with physical keypads and each is tilted towards the other, suggesting interaction. They are connected by dashed red lines that converge in the center, symbolizing a network or connections. The background is white, emphasizing the colorful phones and their symbolic communication."
others,Comparison,"A line drawing illustration of a balance scale with a central stand, a horizontal beam across the top, and two evenly hung scale pans. On the left pan, there is a bright yellow square, while on the right pan there is a smaller grey square within a larger white square. The scale is in balance, with both pans at the same height, symbolizing comparison or justice."
others,Confused,"A stylized person with a neutral or slightly discontented expression on their face, having spiral marks on their eyes suggesting confusion or a dazed state. A speech bubble containing a scribbled, tangled line resembling a chaotic or confused thought is next to the person. The person is wearing a green top and the image signifies a state of confusion or disorientation."
others,Connected,"An illustration of two interconnected chain links in grayscale color, depicted in a three-dimensional perspective. The links are each an elongated oval shape and are interlocked in a way that suggests connection or continuity."
others,Consumption,"A simplistic cartoon illustration featuring a person with a neutral facial expression holding an open wallet. To the right of the person is an arrow pointing downward, with coins showing numerical values ""10"" and ""100"" along its path. These elements symbolize spending or the outflow of money. The word ""소비"" (sobi) in Korean, meaning ""consumption"" is depicted."
others,Convenient,"A simplified illustration of a person with a neutral expression, shown from the waist-up with short hair, wearing a teal or green long-sleeved shirt. They are holding a large touchscreen mobile device, or tablet, in their left hand in a vertical orientation, with their right index finger raised as if they are about to make a point or press on something."
others,Cooperation,Two stylized figures standing side by side with smiles on their faces. They have raised their arms and each has an arm over the other's shoulder. One figure is wearing a gray shirt and the other is in a teal shirt. The background is white.
others,Courage,"A simplified, cartoon-style image of a person from the waist up. The person is smiling, has short hair, raising both fists close to their chest in a gesture of excitement or enthusiasm, and is wearing a long-sleeve teal shirt. The background is plain white. The drawing is outlined in black with colored fill."
others,Courthouse,"A simplified grey building, representing a courthouse, with a symmetrical array of square windows and a central entrance. Above the building, there's a round emblem with a blue border and spikes radiating out, a sun-like appearance. Within the emblem, there's a white square with a smaller blue border, and in its center, two Korean characters ""법원"", meaning ""court"" or ""courthouse""."
others,Courtyard,A stylized gray house with a triangular roof and a single window with red and white checked curtains is in the center of a circular area delineated by a dotted red line. Surrounding this area and within the dotted line is a pattern of white picket fences. The circular area is filled with a yellow color. The entire image is enclosed within an oval border.
others,Criminal,"An illustration of two characters side by side. The left character is smiling with simple features, short black hair, a round head, and wears a light gray top. The right character looks similar but has a darker gray top and their face is partially obscured by a black mask that covers the mouth and nose, with a red inverted triangle symbol above them. It contrasts a typical person on the left with a suspicious figure on the right."
others,Crown,"The illustration shows a stylized crown with a series of abstract, decorative elements that resemble elongated leaves or petals. They are arranged symmetrically along a base that encircles the crown. The elements have alternating larger and smaller oval shapes, creating a pattern. The image is in grayscale with distinct black outlines and appears to be a flat drawing without shading."
others,Culture,"An illustration with three distinct items: two music notes in the upper left, representing music or sound; a clapperboard below the music notes, symbolizing movies or filmmaking; an artist's easel with a painting on the right side, depicting a simple landscape and symbolizing visual arts."
others,Curiosity,"A stylized character with a round head, a neutral-expression face, short hair, and wearing a gray shirt. Their hands are positioned in front, forming a circular shape with arms emphasized by a dotted red line creating an incomplete circle. A large red question mark is to the right of the character. The image suggests confusion, questioning, or the concept of something missing or incomplete."
others,Dance,"The illustration shows a cartoon-like smiling figure in a dancing pose. The figure, wearing a teal-colored long-sleeve shirt, blue pants, and dark shoes, is depicted with a round head, two dots for eyes, and a straight line for a mouth. The figure's arms and legs are dynamically positioned, indicating movement and dance. The background of the image is plain, white. The overall image represents the concept of ""dance""."
others,Danger,"A triangular warning sign with rounded corners. The sign is outlined in black with a red border, and the yellow interior has the word ""DANGER"" in uppercase black letters. Above the word ""DANGER"" there are Korean characters ""위험"" which also translate to ""danger"". The sign symbolizes a hazard or the need for caution."
others,Danger,"A stylized figure of a person standing to the left side, wearing a teal-colored top with long sleeves and blue pants, has their arms crossed over their chest and both hands are open with palms facing forward. To the right of the figure, there is a large red arrow pointing toward the right, across four horizontal lines that give the impression of motion or direction."
others,Daughter,"Three cartoon-style human figures standing side by side. From left to right: an elderly woman with gray hair, wearing a yellow top and a green skirt, an elderly man with gray hair, wearing a brown suit with a tie, and a young girl with black hair styled in pigtails, wearing a pink top and a purple skirt. The young girl is highlighted with a dashed red outline. The term ""손녀"" is written, which is Korean for ""daughter."""
others,Decision,"A simplified, cartoon-style illustration of a figure with a smiling face. The figure is depicted from the waist up, dressed in a teal long-sleeved shirt. The character's right hand is clenched into a fist and raised to shoulder level, suggesting enthusiasm or determination. To the left of the figure's head, there is a bold red exclamation mark, emphasizing a sense of importance, urgency, or excitement."
others,Democracy,"An illustration featuring five cartoon-style characters. Four of the characters are depicted in grey clothing, with their right hands raised. The central character at the bottom of the illustration is dressed in a teal shirt and is not raising his hand. Each character has a simple, smiling facial expression. The term ""민주주의"" translates to ""democracy"" in English. The raised hands could symbolize participation in a democratic action."
others,Demonstration,"A sequence of three stylized figures, each representing a different posture. All three figures are wearing a teal top and blue pants.  1. The first figure is standing with its left arm raised straight above its head, its right arm down at its side, and looking straight ahead. 2. The second figure is standing upright with both arms down at its sides and facing forward. 3. The third figure is in a similar stance to the second but has its right leg bent, elevating the right foot as if in mid-step. They appear to demonstrating a sequence of motions or positions."
others,Deposit,"A cartoon-style drawing shows a green stack of currency with the number ""10000"". A red arrow pointing towards a smiling person with short hair, wearing a teal top. Above, there's an image of an ATM or door-like structure labeled with ""0071번"" with a numeric keypad and a small overhead display."
others,Depression,"A stylized figure with a simple, round head, eyebrows angled upwards suggesting concern or sadness. The figure's hands are covering the face, with lines and droplet shapes radiating outwards implying tears or crying. The figure is wearing a long-sleeved teal shirt. The image conveys a sense of distress or sorrow."
others,Digging,"A stylized person is standing on a brown surface, holding a grey shovel with a wooden handle, in the action of digging. The person is wearing a green top and blue pants, with a simple face outline. There's a white background behind the figure."
others,Digging,"The illustration shows a simplified character, appearing to be a person digging into a mound of earth with a shovel. The figure is depicted with a black outline, wears a green long-sleeve top and grey pants. The shovel has a grey blade and a brown handle. Small, rounded particles are flying off to the side of the shovel, indicating the digging action. The background is white."
others,Diligence,"A stylized, simplified character with a neutral expression, black hair, and wearing a green top. They are holding a big yellowish object, symbolizing a sponge or foam, emitting soap bubbles. The character is squeezing the object, suggesting the action of cleaning or washing. The image includes the Korean term ""욕심"" referring to diligence or hard work."
others,Direction,"An illustration of a compass rose with cardinal directions labeled. Each direction is indicated by a large arrow, all arrows are colored in red. The north (N) arrow is pointing upwards, the south (S) arrow points downwards, the east (E) points right and the west (W) points left. The background is white and the letters denoting the cardinal directions are in black."
others,Disapproval,"A stylized character with a displeased expression, wearing a teal or green shirt and has their arms crossed. Beside the character is a speech bubble with a red ""X"" inside it, suggesting the character is expressing disagreement or refusal."
others,Discussion,"Three stylized figures engaged in a conversation. The central figure is gesturing with hands open as if explaining or discussing a topic, facing the two other figures. Each of the outer figures is turned towards the central figure. Above the trio are three speech bubbles, symbolizing the act of speaking or communication. The figures are in a simple, flat graphic style with minimal detailing and are outlined in black."
others,Dispute,"Two stylized human figures are facing each other with a small gap between them. Both figures have one arm extended out towards the other, with the index finger pointing at the other person. There are line patterns around the arms and the fingers suggesting motion or emphasis on the pointing action. Above each figure is a speech bubble, indicating they are likely engaged in a conversation or an argument. The image conveys a concept of disagreement, blame, or debate between two people."
others,Divided,"A stylized human figure stands with their legs apart on top of a cracked surface that is separating into two pieces. The figure wears a teal top and blue pants, and has a neutral facial expression and simple features. The image could symbolize concepts like division, separation, choice, indecision, or standing at a crossroads."
others,Dot,"A simplified, stylized representation of a person with a round head, a neutral expression, dot eyes, and a straight-line mouth in a teal shirt. A red cone-shaped object resembling a megaphone is pointed towards the person's ear. The background is plain and white."
others,Downwards,"A simple, flat illustration depicts a person standing on a platform, pointing downwards at an angle to the floor. The person is drawn with a round head, short hair, and is dressed in a long-sleeved teal shirt, navy-blue pants and black shoes. The pointing action is emphasized with a dotted red line extending from the person's extended hand to the floor, indicating direction. The overall style of the image is cartoonish and uses solid colors."
others,Dreaming,"An illustration depicts a person with closed eyes, appearing to be asleep or resting, with a thought bubble above their head. Inside the thought bubble, there are two stylized green mountains with a white cloud above them, floating above a yellow half-circle. The person is wearing a blue top and has a simple, content smile on their face. The image conveys the concept of dreaming about a peaceful mountainous landscape."
others,Drinking,"A stylized person with a simple circular head and dot eyes is wearing a teal-colored long-sleeve shirt. They are holding a transparent cup filled with a yellow-orange liquid, perhaps representing juice or a smoothie, with a red straw. The person's mouth is in contact with the straw, indicating that they are sipping from the cup."
others,Ear,"An illustration of a dog, standing in profile view, with a focus on its ear. A zoomed-in circular detail shows a cross-section of the dog's ear, highlighting the ear canal and a red, conical shape pointing toward it, possibly indicating inflammation or an ear condition. The image is likely intended for educational or informational purposes."
others,Earth/Land,"A simplistic landscape scene showing two hills against a blue sky: a larger yellow-green hill and a smaller dark green one, behind a flat brown ground. There are several small dark spots on the ground, and two small white clouds in the sky. The image is enclosed within a thin black border and there's a small red triangle in the bottom right corner, outside of the border, pointing to the right."
others,Eat,"The illustration shows a stylized person with a smiling face, short hair, and wearing a long-sleeved teal shirt. They appear to be holding a spoon up to their open mouth, giving the impression of eating something. The image corresponds to the Korean word ""먹어요"" (meogeoyo), meaning ""eat"" or ""eating."""
others,Effective,"An empty circle on the left, a red arrow pointing right in the center, and a larger circle on the right. Above the arrow and between the two circles, there's a cartoon-like hand with fingers positioned to suggest it has flicked or snapped, implying motion or action towards the right. The hand has an outline and a colored cuff at the wrist. The background is plain white."
others,Election,"A simple illustration featuring a frontal view of a person's head and upper torso. The figure is drawn in a cartoonish style and appears to be male, with short hair, no facial hair, and a smiling expression. He is wearing a suit with a shirt and tie. Above the figure, there is Hangul text that reads ""기후보범,"" which translates as ""Climate Model"" or ""Climate Example."" The illustration is enclosed within a border, giving the impression of a framed picture or sign."
others,End,"A horizontal line with a black dot at each end. Above the right end of the line, there's a red arrow pointing downwards. Directly below the line, the words ""THE END"" are written in bold, uppercase letters, center-aligned with the line and arrow above, with a plain white background."
others,Energy,"A stylized character with a simple human form, a round head, two dot eyes and a straight-line mouth, demonstrating a neutral expression. The character is wearing a long-sleeved teal shirt with hands gently resting on the waist. On the chest, there's a circle outlined with a dashed red line enclosing a yellow lightning bolt symbol, used to represent energy or electricity. The image is cartoonish and uses flat colors with no shading."
others,Everyone,"A stylized, simplified figure with a smiling face is standing and spreading both arms wide open. This figure appears to be gesturing towards or embracing the three other stylized figures in front of it. The central figure is wearing a teal-colored shirt, while the front figures are silhouettes with no distinct features or clothing details."
others,Exchange,"Two stick figure-like people standing facing each other. The person on the left is holding a yellow square object and appears to be handing it over to the person on the right, as indicated by a thick red arrow. There is a dotted red line underneath the arrow that forms a square with arrows pointing clockwise, symbolizing a process or cycle."
others,Exclusion,"Three simplified human figures are depicted. The middle figure raises their left hand with an open palm facing the figure on the left, potentially signalling them to stop. The figure on the right stands passively close to the middle figure, both looking in the same direction. The overall image seems to symbolize exclusion or social distancing."
others,Exploding,"A stylized cartoonish image of a bomb exploding. The body of the bomb is spherical at its base with a tapered top. At the top, there is a burst shape with several jagged edges shown in yellow, indicating an explosion or burst. A lit fuse is represented by a couple of lines with a small detail at the end suggesting a spark. The overall visual conveys the moment of detonation in a very abstract, simplified form."
others,Expressions,"Four simplistic, cartoon-style faces arranged in a two-by-two grid, each displaying different expressions; surprise or shock, anger or yelling, happiness, and satisfaction or serenity. The faces are basic with no distinct features other than the expressions, and they all have a circular outline on a white background."
others,Exterior,"The image shows a simple line-drawn illustration of a house outline in a golden brown color with a small red, downward-pointing triangle to its right. The base of the house is a darker shade of brown, and everything is set against a plain, white background."
others,Family,"An illustration shows three stylized characters. On the left, a male figure wearing a suit and tie, in the middle, a female figure wearing a skirt and a blouse, and on the right, a child enclosed in a dotted red outline. All the figures have smiling faces and minimal detailing."
others,Famous,"The illustration shows a person with short hair, a wide smile, and raised arms, appearing to be in a cheerful pose. They are wearing a teal, long-sleeved shirt, and have a round face. Below this person are three other individuals in silhouette facing away from the viewer. The background is plain white. The image may symbolize enthusiasm, victory, or joy and is associated with the Korean phrase ""유명해요"" which translates to ""famous."""
others,Farm,"A simplified depiction of a farm scene with a brown house and an orange roof, a grassy area with a white picket fence, and a brown horse with a darker mane standing in front of the fence. The scene corresponds to ""농장"" (nongjang), the Korean word for farm."
others,Farmer,"The illustration depicts a stylized figure intended to represent a farmer. The character is wearing a wide-brimmed hat with a patch, a green apron, and is holding several stalks of rice. The other hand is raised in a wave. The farmer is also wearing tall rubber boots. The overall image conveys a friendly and approachable image of a farmer."
others,Farming,"An agricultural scene features a person in green pants and a white shirt, using a pitchfork in a plot of brown soil, and a scarecrow standing in the field. The person is wearing a hat with a hashtag symbol, implying they are engaged in farming or gardening work. The background is plain white, with the ground marked by a darker color to define the farming area. The overall illustration symbolizes farming (""농사"" in Korean)."
others,Fetus,"A stylized depiction of a fetus inside a round, bubble-like structure, symbolizing a womb or pregnancy. The fetus has a neutral expression with its hands close to its face and knees bent. The round structure is enclosed within a larger shape that resembles the letter ""P."" The colors are minimal, using a pastel palette. The image may represent pregnancy or maternal health."
others,Fight,"Two stick figure-like characters facing each other with one arm extended forward from each character, making contact at their hands, depicted as clenched fists. There is a starburst graphic in yellow and red at the point where the fists meet, suggesting an impact or confrontation."
others,Filming,"A simplified, cartoon-style character holding a video camera on their shoulder. They wear a black cap and a grey outfit and the camera has a dark grey body with a black lens. To the right of the character, there is a bold red arrow pointing towards the right, symbolizing the action of filming or recording in a specific direction."
others,First,"Two cartoon-styled figures. A figure on the left in a teal shirt and blue pants is smiling and raising their right hand up with an open palm facing forward in a stopping gesture. To the right, another figure in a grey shirt and black pants stands, facing the first figure with one hand extended slightly forward, palm up, as if in a gesture of offering or requesting. The image represents a concept related to refusal, rejection, or maintaining distance. The background is plain white."
others,Fist,"A stylized side view of a clenched fist, with the thumb wrapped over the fingers, indicating the universal sign for a fist or punch. It's pointed towards the left and colored light skin tone. There is a red, solid triangle on the left side of the image pointing at the fist. The term ""주먹"" is Korean for ""fist."""
others,Focus,"A simplified human figure with a headband covering their eyes, standing up straight, facing the left side of the image, with their head turned slightly towards a plain square shape. A dashed, pink line originates from the person's forehead and points towards the square, suggesting focus, attention, or possible mental connection."
others,Fool,"A smiling cartoon-like character with a tuft of brown hair pointing upwards, with a small animal or bug perched on it. The character is wearing a plain green t-shirt and has their hand to their ear, possibly indicating listening or thinking. The facial expression is cheerful, with closed, curved eyes and a wide, open-mouthed grin. The character's overall appearance is friendly and lighthearted."
others,Fragrance,"A stylized person with a content expression is wearing a teal-colored top. A wavy line extends from the person's nose to the right, representing scent or smell, followed by a trail of pink mist or fragrance. There are several yellow leaves or petals scattered along the scent trail. At the bottom right, there's a simplistic representation of a yellow flower with green leaves."
others,Funnel,"A simple line drawing of a funnel with a wide, conical top tapering down to a narrow tube at the bottom. It is presented against a plain background."
others,Gathering,"An illustration of five simplified, cartoon-style characters arranged in two rows. The three characters in the back row are elevated above the two in the front row. All characters have round smiling faces, two dots for eyes, a straight line for a mouth, short hair, and are wearing matching gray shirts. The border of the illustration has a dashed red line. The image might be representing a label or a sign for a meeting or a community assembly."
others,Generations,"The image features three stylized human figures standing side by side. On the left, a figure represents an elderly woman with grey hair wearing a yellow top and a green skirt. In the middle, a figure represents an elderly man with grey hair and glasses wearing a brown suit with a tie. On the right, a younger figure, outlined with a red dashed border, represents a child wearing a teal shirt and blue shorts. The child is highlighted by a red dashed border."
others,Girl,"A stylized, cartoon-like female character with a joyful expression and rosy cheeks. She is wearing a white t-shirt with a heart symbol in the center, a blue skirt, and red shoes. She has a band in her light brown, straight hair and her arms are held loosely by her sides."
others,Goblin,"A cartoon character with humanoid features, short pointy horns on its head, pointed ears, and a mischievous smile is depicted. The character is wearing a brown sleeveless shirt and holding up a green, stylized, spiked object in its right hand, which resembles a fish or creature."
others,Government,"A stylized emblem with Korean characters. The emblem has a cloud-like blue border with scalloped edges and a central white oval that contains the Korean Hangul characters ""정부,"" which translates to ""government"" in English. The overall shape of the emblem is reminiscent of a traditional seal or badge."
others,Groceries,"An illustration features three colorful, stylized bottles and one box. The brown bottle could indicate a soy sauce, the red one might represent ketchup or a tomato-based sauce, and the yellow one might symbolize mustard or a yellow condiment. Additionally, there is a light yellow box with a white label that has sketch-like markings on it, implying a generic packaged food item."
others,Group,"A simple illustration of four identical cartoon faces in a 2x2 grid pattern within a square border with a dashed red line. Each face has a round shape, with two dots for eyes, a small curved line for a smile, and a straight line for a fringe or hairline. The background within the square is white and the faces are evenly spaced. The illustration appears to symbolize a group or team of people."
others,Habit,"Three identical cartoon-style figures arranged horizontally, each wearing a teal top and appear to display a stylized human face with one hand covering their mouth. Below them, there's a double-headed horizontal red arrow pointing both ways, suggesting movement or transition between the figures."
others,Hammer,"The illustration depicts a claw hammer with a smooth, slightly curved head on one side and a split, claw-like feature on the other side for removing nails. The hammer has a long handle. The entire tool is rendered in grayscale shades, providing a three-dimensional appearance on a white background."
others,Headphones,"A simple black and white line drawing of a pair of headphones from a front-facing angle, presenting a headband that curves over the top and two earpieces on either side. The earpieces have circles within them, suggesting the speaker parts of the headphones."
others,Heart/Mind,"A stylized person with a simple and friendly face, featuring dot eyes and a straight-line mouth, has a short, neat haircut and is wearing a gray shirt. There is a prominent red heart symbol centered on their chest, representing the concept of ""heart"" or ""마음"" in Korean, symbolizing emotions, feelings, or the mind in a broader sense."
others,Help,"Two cartoon-like figures standing side by side. The figure on the left is in a light grey shirt with darker grey pants, and the right figure is in a teal shirt with blue pants. The left figure has one hand resting on the other figure's shoulder, and the right figure has both hands pressed together in front of the chest. Both figures have only eyes and a simple line for a mouth."
others,Here,"A simplified, cartoon-style drawing of a person standing upright with a neutral expression, short hair, wearing a long-sleeve teal shirt, blue jeans, and black shoes. The character is pointing downward with the index finger of the right hand towards a large red downward-pointing arrow. The arrow is located right below the hand, suggesting the direction or location of ""here"" or ""this place""."
others,Hide-and-seek,"A stylized person is standing to the right side of a large wooden panel or wall, partially obscured from view. A red arrow points towards the person from the left. The image represents the concept of ""hiding"" or ""being out of sight."""
others,Higher,"Two buildings side by side with a red triangle pointing downwards above the left building. The building on the left is taller than the one on the right, and both buildings are depicted with visible doors and windows. The roofs are flat, and the overall colors are shades of gray. The visual represents the concept of ""higher,"" as indicated by the triangle pointing to the taller building."
others,Hope,"A stylized depiction of a dark gray cloud with a single beam of light piercing through from the bottom right corner, and several stylized twinkling stars where the beam emerges. ""희망"" which translates to ""hope"" in Korean is also present in the image."
others,Hotel,"The stylized building represents a hotel. It is symmetric, multi-story with a central section taller than two flanking wings. All sections feature rows of windows with a cross pattern. The top has three floors of windows, while the wings have two. There's a sign with Korean characters (OO호텔, meaning ""OO Hotel"") above the entrance which has double doors framed by columns. The colors used are shades of orange, brown, and white for the windows and doors, and a simple black outline for detail."
others,However,"A cartoon-style illustration of a character with a neutral expression, short hair, wearing a green shirt, with arms extended forward and palms facing up. There is a bold, red curved arrow depicted above the arms, pointing downwards. Above the character, there’s Korean text ""그렇지만"", which translates to ""but"" or ""however"" in English."
others,Idea,"The illustration features a young cartoon character smiling and pointing upwards with their right hand's index finger. A brightly lit yellow light bulb with glow lines is to the left side of the character's head. The character is wearing a short-sleeved shirt, and their left arm is resting at their side. The color palette includes shades of yellow, red, brown, and white."
others,Ignore,"Two characters facing each other. The character on the left, wearing a teal shirt, has a displeased or dismissive expression and is gesturing a 'stop' or 'talk to the hand' sign towards the second character. The second character, wearing a grey shirt, faces the first character but shows no particular emotion. The image conveys the concept of ignoring someone or signaling disinterest or refusal to engage."
others,Immediately,"A stylized hand pointing to the right. The hand is depicted with a simple line drawing with minimal detail and is colored in a flesh tone, with the cuff area of the sleeve in teal. Above the hand, there is text in the Korean script which translates to ""right away"" or ""immediately"" in English. The background of the image is white."
others,Income,"A stylized person with a simple smiling face, wearing a green top. To the right of the person is an image of money, both coins and a banknote. The coins are denoted with ""100"" and the banknote with ""1000,"" suggesting a currency transaction. A curved red arrow points towards the person, indicating movement of the money towards them. The overall image represents the concept of income or receiving payment."
others,Increase,"A red arrow pointing to the right toward a vertical series of squares resembling a bar chart. There's a progression of five levels of squares, with each level containing a different number of squares - one empty square, followed by two filled light yellow squares, three vibrant yellow squares, four orange squares, and two dark red squares at the top. The arrangement suggests an increasing trend or growth and is labeled with the Korean term ""증가해요,"" meaning ""increase."""
others,Individual,"A series of geometric shapes aligned horizontally: a small red triangle, three overlapping circles—green, yellow, and blue—, and a standalone blue circle on the far right. The overlapping section where the green and yellow circles combine appears to create a new color. A white arrow points rightward from the center yellow circle to the standalone blue circle."
others,Individual,"An illustration of four stylized cartoon faces featuring two circular eyes, a curved smile line, eyebrows, and black hairline. They are surrounded by solid circular outlines. Three of them are aligned at the top, while the fourth one is below them and highlighted with a red dashed square border."
others,Information,"The image shows a symbol commonly associated with information, depicted as a capitalized letter ""i"" in red. The ""i"" is encircled by a red ring. Below the symbol, there is Korean text that reads ""안내,"" which translates to ""Information"" or ""Guide"" in English."
others,Instability,"The illustration shows two stacks of bricks. On the left, there is a neat stack of six grey blocks. On the right, there is an uneven stack of eight orange blocks that leans to the right with a red downward-pointing triangle above it. The background is plain white."
others,Interior,"A simplified, cartoon-style drawing of a house with a pitched roof and a platform base. The house is outlined with a dashed line made up of small red dots, suggesting construction or outlining a pattern. There is a solid red triangle pointing downwards at the center of the house's facade, just below the peak of the roof. The outline is in black with a plain white background."
others,Investigating,"A cartoon-style character from the waist up with a smiling face, short hair, wearing a teal or green shirt and holding a magnifying glass in their left hand. The magnifying glass overlaps a white rectangle outlined with a dashed red line. Likely represents the concept of ""조사해요,"" which means ""to investigate"" or ""to examine"" in Korean."
others,Investment,"An illustration presents a stylized depiction of a building on the left side and a line chart with two data points on the right side. At the bottom right, in front of the building, there is a large stack of currency bills, marked with the number '10000.' The overall image appears to symbolize financial investment or economic growth."
others,iPad,"The illustration depicts a portrait-orientated tablet associated with the word ""아이패드"" (iPad in Korean). The screen displays a grid of colorful square icons, with three rows and four columns featuring various colors like blue, green, orange, and grey. The device has a round button at the bottom, a camera at the top, and interface elements like signal strength and battery icons at the top of the screen."
others,Island,"A simple, cartoon-style drawing of an island in the middle of the water. The island has a sandy shore at its base, a small green hill in the center and a single palm tree on top of the hill. The water surrounding is depicted in blue with calm waves. The sky above the island contains two fluffy white clouds."
others,Jeans,"A cartoon-like drawing of a pair of blue jeans, featuring red patches on both knees and yellow dashed lines running vertically down the legs, possibly representing seams or creases."
others,Judiciary,"An illustration of a wooden gavel lying on a striking block, indicative of a judge's tool used in courtrooms. Behind the gavel, there's an emblem or badge-like design with a decorative border. The emblem-like design has a central blank space. The color scheme includes brown for the gavel and base, a deep blue for the central portion of the emblem, and yellow for the emblem’s border."
others,Key,"A simplified, cartoon-style drawing of a smiling person standing inside a doorway. The person is wearing a teal shirt, blue pants, and black shoes. There is a vertical line on the right and a horizontal line on top, representing the door frame. To the left of the person, there is a dotted curved line that suggests motion. The background is plain white."
others,Key,"The image shows a simple line drawing of a key. The key has a round bow at the top, a straight shaft leading to a series of notches that form the bit. The drawing is outlined in black with a white background."
others,Kicking,"A simplified, cartoon-style image of a person performing a kicking motion in a profile view. The character has a circular head and a single dot representing an eye, and is dressed in a long-sleeve teal shirt and navy blue pants. The background is plain white."
others,Kiss,"Two stylized figures representing a man and a woman are engaging in an affectionate kiss. The man, with eyes closed, is wearing a light gray shirt. The woman, with her eyes closed and wearing a pink top, has black hair styled in a ponytail. Their expressions suggest contentment and tenderness. The background is plain white. This image symbolizes a kiss, referred to as ""뽀뽀"" in Korean."
others,Large-sized,"Two stylized car icons side by side. The car on the top is larger, colored orange, with visible windows and what appears to be door lines. The car on the bottom is smaller, in a gray outline with fewer details, lacking windows or other features. To the right of the two cars, there's a red play button-like triangle pointing to the right. The concept symbolizes the comparison of size, as indicated by the term ""대형"" which refers to ""large size"" in Korean."
others,Later,"A stylized, cartoon-like image of a person from the chest up with a smiling face. The character has a round head, dots for eyes, a line for a mouth, and a short haircut. The person is wearing a green top. There's a red arrow to the right of the character's head that points to the right. Above the arrow, the Korean characters ""나중에"" are displayed, which translates to ""later""."
others,Lease,"A simple, stylized black and white drawing of a multi-story building with a grid of windows uniformly distributed over its façade, and a rectangular doorway at the base. Above the building, there are Korean characters ""임대,"" which translates to ""rent"" or ""lease,"" indicating that the building is available for rent."
others,Lecture,"A simple representation of a person standing behind an orange podium, smiling, wearing a suit, making an open gesture with one hand. A speech bubble with three dots indicates speaking or communication. The person's gender is neutral. The image is centered with a white background, indicating public speaking or lecturing. The Korean word ""강의"" (lecture or class) is also present."
others,Levels,"A text layout consisting of three lines of Korean text. Each line has a phrase ""레벨"" (""Level"" in English) followed by a sequentially ordered number from 1 to 3. The text is in black, bold, clear sans-serif typeface on a plain white background."
others,Lies,"A stylized representation of a person with a neutral-smiling expression, black hair, two dots for eyes, and a line for a mouth, wearing a teal shirt. Beside the person's head is a solid black speech bubble, symbolizing communication or speech."
others,Life,"A stylized image of a pregnant woman in profile with long, black hair, wearing a pink dress. The outline of her belly is clear, and within it, there is a drawing of a small fetus in a curled position, indicating the baby inside her womb. Her face is represented by a simple, featureless circle. The Korean word ""생명"" (saengmyeong) meaning ""life"" is also present."
others,Mailbox,"A simplified, linear graphic of a postbox with a rectangular body and a rounded top, mounted on a single central stand. It has the word ""POST"" displayed on its front, along with an icon representing communication or message delivery, consisting of an envelope with lines suggesting movement or transmission. There are two small rectangular slots on top, presumably for inserting mail. At the top, there are Korean characters ""우편"" which translate to ""mail"". The design uses black lines on a white background."
others,Majority,"A rectangle with rounded corners outlined by a dashed red line. Inside this rectangle, there are eight yellow circles arranged in an evenly distributed three-by-three grid with the center position empty. Outside the rectangle, to the left, there are three vertically placed black circles. The background of the illustration is white."
others,Male,"A stylized figure of a person standing upright, wearing a green shirt and blue pants. To the right of the figure, there is a male gender symbol—a circle with an arrow pointing upwards. The symbol and the figure are both depicted in a minimalistic style with bold outlines and flat colors. The image represents the concept of ""male""."
others,Marketplace,"Two cartoon individuals, one male and one female, sitting at separate stalls under a shared sign with Korean text saying ""00가게"" or ""00 Store."" The male character is behind a stall with three bowls, possibly a food vendor, and the female character is behind a stall with items that resemble jars or bottles, possibly a vendor of goods. Each stall has a small stack of containers or boxes, possibly representing stock or packaging. The image represents a marketplace or vendor stalls."
others,Mask,"A stylized round icon of a human face. The top half of the face has black hair with a curved line suggesting the hairline, and a dot for an eye. The bottom half of the icon includes a white face mask covering the nose and mouth, with lines indicating the folds and edges. The rest of the face is flesh-toned."
others,Memory,"An illustration of a classic film reel on the left and a framed picture of a smiling person on the right. The film reel is stylized with its central circular hub and eight large, symmetrical openings. The picture frame is rectangular with a person with a neutral expression wearing a top with sleeves."
others,Men,"A simple illustration featuring three male figures standing side by side. They are depicted in a cartoonish style with minimal facial features. The figure on the left is wearing a teal shirt and blue pants, the center one is wearing a white shirt and gray pants, and the figure on the right is wearing a gray shirt and darker gray pants. All three figures have black hair. They are enclosed within a border dotted with red on a white background."
others,Method,"An illustration featuring a stylized person holding a sign with a question mark on it. The person has a short haircut, a smiling face, and is wearing a teal or light blue shirt. The sign appears to be a white piece of paper outlined with a dotted line, with a large red question mark at the center. The figure seems to be presenting the question mark sign as though offering information or posing a question."
others,Military,"A stylized illustration of a military-like emblem, with a red and yellow six-pointed star overlay a smaller yellow star at the center. Below the stars is a grey downward pointing anchor, flanked by white horizontal bars. Attached to the anchor's ring is a grey chain link. The overall image resembles maritime or navy insignia."
others,Mistake,"An image of a person with a surprised or shocked expression. The character has both hands covering their mouth, and there are two lines above the character's head to the right. The person has wide eyes and eyebrows raised. The character is wearing a teal-colored, long-sleeved top against a plain white background."
others,Monster,"A cartoon-style green monster with a pair of red eyes, pointed ears, sharp white teeth, and a snarling expression. It has clawed hands and feet, a white belly with grey stripes or segments, and a tail with an arrow-like tip. The creature's stance is upright and slightly menacing."
others,Moonlight,"A stylized, cartoon-like depiction of a crescent moon. The moon has a friendly anthropomorphic face with a closed, contented eye and a small smile. The color of the moon is a warm yellow with some spots and variations in shade to give it texture. No other elements or background features are present in the illustration."
others,Mousetrap,The illustration shows a simple mouse trap which consists of a small rectangular wooden base with a metal spring-loaded bar mechanism attached to it. A simulated bait holder is depicted in the center of the mechanism. The trap is typically used for catching mice or small rodents. The image has a cartoonish style.
others,Murder,"An illustration with two cartoon-style figures. One figure is lying on the ground, seemingly unconscious, with a swirl symbol above their head indicating confusion or disorientation. The other figure is standing, wearing a mask over their mouth and nose, holding a large knife in one hand over the prone figure, suggesting a threatening posture. The figures are drawn with minimal features and solid colors for the bodies and clothing."
others,Museum,"A stylized building, likely representing a museum, as indicated by the Korean word ""박물관"" for ""museum"". The building has a central section with a peaked roof and an entrance, as well as two longer wings on each side with regularly spaced windows. In the foreground, there's a square frame featuring abstract shapes in blue and green which could represent an art piece or exhibit."
others,Nail,"A simple line drawing of a nail or spike, with a prominent head at the top and tapers down to a sharp point at the other end. The illustration is black and white."
others,Narrow,"A cartoon character standing between two tall, yellow vertical panels with both arms outstretched and palms pressing against the panels. The character has a neutral facial expression, is wearing a turquoise shirt, blue pants, and black shoes. The background is white. The image symbolizes the concept of ""being in a tight space,"" ""feeling confined,"" or ""narrowness."""
others,Nature,"An illustration depicts two mountains, a sun above to the left, and two fluffy white clouds to the right of the sun. The mountains are green with a lighter and darker shade. A thick green line, possibly representing the ground, is in front of the mountains. The sun resembles a sunflower with a circle center and rays around it. The scene overall suggests nature or the outdoors."
others,Neighbors,"Two stylized, simple human figures standing side by side with a smile on their faces. Each figure is in front of a similar-styled but differently-colored house. There's a red, downward-pointing triangle centered above the two figures. This image can represent concepts such as housing options, neighbors, community, or choices in residential locations."
others,News,"A stylized cartoon representation of a person from the shoulders up, smiling and facing forward. Above and to the left of the person is a red curved arrow pointing from a white envelope icon towards the person's head. To the right of the person is an image of a pink-colored telephone with a numeric keypad and a curled cord at the base."
others,News,"An illustration featuring two characters. One figure with a neutral expression is wearing a grey suit, standing behind a light brown desk. The background shows a framed picture of another figure in a blue suit, holding a microphone near their mouth. Both figures have similar hairstyles and appear to be male. The context of ""news"" is suggested by the microphone and suit attire."
others,Nighttime,"A crescent moon on the upper left side and four stars around it, symbolizing night time. On the right side, there is a simple round clock with its hands indicating approximately 10:10. The clock has a red semicircle in the top half and white in the bottom half. The background of the image is white, the elements are outlined in black, and the moon, stars, and the upper half of the clock are colored."
others,Normal,"Three rectangles in varying sizes, arranged side by side. The middle rectangle has text written on it in Korean script. The rectangles are outlined with no fill and the text is centrally aligned within the middle rectangle."
others,Now,"An illustration of a stylized person with a simple, smiling face and short hair. The person is wearing a teal-colored long-sleeved shirt and interacting with a horizontal slider control. Their index finger is on a red knob or button on the slider. The illustration has a white background and depicts concepts like control, adjustment, interaction with technology, or selecting options."
others,Number/turn,"Three lines of Korean text with each line consists of a numeral followed by the Korean character ""번"". The numerals are ""1,"" ""2,"" and ""3,"" and they are arranged vertically with ""1번"" at the top, followed by ""2번"" in the middle, and ""3번"" at the bottom. The text appears in bold black font on a white background."
others,Often,"Three red square panels aligned horizontally, each containing a white Korean character. The characters read ""어제"" (yesterday), ""오늘"" (today), and ""내일"" (tomorrow) from left to right. Above the panels are two arrows pointing in opposite directions, indicating a comparison between past, present, and future days."
others,Opinion,"A stylized person with short hair is depicted, wearing a teal-colored long-sleeved shirt, smiling and making a ""listening"" gesture. There is also a speech bubble near their head, suggesting conversation or the concept of listening. The overall representation seems to relate to the Korean term ""의견,"" meaning ""opinion"" or ""view"" in English."
others,Organization,"An organizational chart depicts a hierarchy diagram. A single large grey circle is at the top. A row of four equal-sized squares, each connected to the circle above by a straight line, is directly beneath it. Each square connects to another square beneath it, creating a second row of four squares. The structure forms a pyramidal shape with the circle at the apex and the two rows of squares arranged in tiers below it."
others,Owner,"Two stylized characters standing side by side. The character on the left is wearing a green shirt and holding a yellow document or card, with a red upside-down triangle above their head. The character on the right is wearing a gray shirt and is not holding anything. They are depicted with simple lines and shapes, with round heads and dot eyes."
others,Oxygen,"The illustration depicts the molecular symbol for oxygen, ""O2"" in bold black font. Above and to the right of the ""O2"" are two stylized representations of oxygen molecules, depicted as white circles with a smaller, shaded blue circle inside, representing the simplified structure of an oxygen molecule."
others,Parents,"The illustration shows three simple cartoon-style figures within a red dotted border. A male figure wearing a suit with a tie and a badge, a female figure wearing a pink dress, and a smaller figure that appears to be a child in a green top and blue pants. They are all standing upright, side by side, and directly facing the viewer. Their facial features are simple, with straight-line mouths and dot eyes. The term ""부모님"" is included, which is Korean for ""parents""."
others,Pathogen,"An illustration featuring two characters: a person with a neutral expression, black hair, and wearing a gray top, sitting behind a yellow rectangular shape. A red devil-like figure with horns, a tail, a mischievous smile, and raised eyebrows, who is waving with one hand and holding a trident with the other, stands on the right. The illustration conveys the concept represented by the Korean word ""병균"" which translates to ""pathogen"" or ""germ""."
others,Patient,"A simplified, cartoon-style drawing of a person standing to the left, smiling and wearing pajamas with a pattern of blue crosses on a white background. Beside them on the right, there is a square sign with a large, bold green cross in the center. The overall imagery implies the theme of ""patient"" or ""healthcare,"" and the Korean word ""환자,"" meaning ""patient,"" is also depicted."
others,Peekaboo,"Two cartoon-style human figures against a white background. Both figures are wearing teal shirts. The figure on the left is covering its eyes with both hands, while the figure on the right is smiling, with both hands raised, palms facing forward in a gesture that could indicate a greeting, surprise, or a show of presence."
others,Peeking,"A cartoon figure is standing to the left of a large, vertical, yellow rectangle. The person appears cheerful and is peering around the edge of the rectangle with half of their body visible. The character has short hair and is wearing a teal or greenish shirt with sleeves that come just below the elbows."
others,Personality,"An illustration with three stylized figures side by side, each with a neutral facial expression and depicted from the shoulders up. The left figure wears a teal top, the middle one a grey top, and the right figure a white top. Above the figures is Korean text, ""좋아한다,"" which translates to ""like"". The illustration is minimalistic, with black outlines and a plain white background."
others,Pins,"A group of four pins or needles with round heads, two are red, one is yellow, and one is white. Each has a long, thin, straight metal shaft, all angled away from a common center point. The background is plain white."
others,Place,"A stylized representation of a green map or abstract land form. There are four triangular flags emerging from the top surface of the shape, three of which are yellow with black outlines, and the floating one is solid red. The flags are placed in a trail or path over the green shape, indicating waypoints or points of interest."
others,Please,"A cartoon-style person with a simple smiling facial expression, short hair, and a gray shirt. The person is holding a large red heart symbol with both hands, suggesting the giving or sharing of love or affection."
others,Pliers,"A simple line drawing of a pair of needle-nose pliers. The pliers have long, thin gripping jaws, a pivot point where the two handles are connected, and elongated handles which curve inward at the ends. The drawing is black and white against a white background."
others,Poet,"A cartoon figure wearing a red beret-style hat and a green long-sleeved shirt with a white collar. The character is smiling and posed as if writing or drawing with a black pen or pencil on a piece of paper that rests on a brown surface or table in front of them. The character represents a poet, writer, or artist, and ""시인"" means ""poet"" in Korean."
others,Policeman,"A simplified depiction of a person with short hair wearing a gray top and a badge clipped to their chest featuring a similar design to the one above them. In the background, there is a gray building with several windows. Above the building, there is a stylized golden bird emblem with outstretched wings and a circular symbol in the center containing a red dot. The overall style of the illustration is cartoonish."
others,Popularity,"An illustration of a smiling figure with raised hands, appearing happy and excited, being the focal point or center of attention within a group of silhouetted figures. These figures are possibly cheering or applauding. There are small yellow diamond-shaped sparkles around the central figure, suggesting a celebration, success, popularity, or possibly fame. The image conveys the theme of popularity or being the center of attention."
others,Pouting,"A simplified representation of a person with a neutral expression, wearing a teal long-sleeve shirt, has black hair and stands with hands on hips. The individual's lower part of the body is suggested by a curved dashed line. The style is cartoonish and minimalistic with clean lines."
others,Practice,"A cartoon-style illustration of a person from the waist up, they are wearing a teal long-sleeved shirt. They have neutral expression with a small, closed-lip smile and are making a gesture with their right hand, scratching their head. There are three lines drawn near the hand to symbolize motion. On the right side, there is Korean text ""연습해요,"" translating to ""Practice"" in English."
others,Pregnancy,"Two stylized female characters are featured in the illustration. The figure on the left is standing straight, facing right. The figure on the right is similar in appearance but depicted with a pronounced belly, indicating pregnancy, and she is cradling it with her hands. Between them is a red arrow pointing from the left figure to the right one, signaling a transformation from a non-pregnant to a pregnant state. The concept symbolizes the Korean word for ""pregnancy,"" which is ""임신""."
others,Prices,"A cartoon-style drawing of a person holding two stacks of coins, wearing a teal shirt. The person has a simple, smiling face symbolizing wealth, savings, financial success, or the concept of ""물가,"" which is the Korean word for ""prices""."
others,Progressing,"An illustration showing four vertical bars of increasing height arranged from left to right, resembling a bar graph. On top of the first bar, there's a large red arrow pointing upwards, indicating growth or an increase. The bars and the arrow have black outlines on a white background. The image suggests a concept of progression, improvement, or escalation."
others,Protect/Safeguard,"A stylized person with a simple, smiling face and short hair, wearing a teal shirt, is holding a large, white, circular icon in front of them with both hands. The circular shape could represent a lifebuoy. The term ""보호해요,"" which translates to ""protect"" or ""save"" in Korean, aligns with the image."
others,Protecting,"The illustration depicts a soldier standing in front of a stylized map. The soldier is wearing a military helmet and camouflage uniform, and is holding an assault rifle diagonally across his chest. The map in the background is an outline of the Korean Peninsula, with a visible stitch-like line representing the Korean Demilitarized Zone (DMZ)."
others,Quality,"An image featuring four distinct icons arranged in a square layout. The top left icon is monochrome with the ""K"" wrapping around the ""G"". The top right icon features a stylized blue ""G"" surrounded by a circular border. The bottom left icon presents a black ""KG"" in a solid, circular outline. The bottom right icon is a two-toned design with the ""K"" in black and a red speech bubble containing a white ""G""."
others,Questioning,"Two stylized figures are facing each other in an illustration. The figure on the right has an open hand gesture and there is a speech bubble with a large question mark coming from its head. The other figure on the left is standing attentively, implying a question is being posed to them."
others,Reaction,"A stylized person with a simple, friendly facial expression, round head, two dots for eyes, a straight line for a mouth, short hair, and a green, long-sleeved shirt. The person has their hands raised with palms facing out. There is a white empty rectangle with a dashed red border located directly in front of the person's midsection. The term ""반응"" means ""response"" or ""reaction"" in Korean. The character's pose might be a visual representation of a response or a reaction in the ""Others"" category."
others,Really?,"A simply drawn character with a neutral expression and an open mouth, as if speaking or surprised. The character is wearing a teal shirt and has minimal facial features – dots for eyes and a simple line for a mouth. To the right of the character is a speech bubble containing the Korean text ""진짜?"" which translates to ""Really?"" or ""For real?"" in English. The background is white."
others,Reason,"A red question mark at the left, followed by a yellow arrow pointing towards the right, and next to the arrow tip is a blank square. Above this sequence of symbols is the word ""Why"" in black letters. Represents a concept that starts with a question and points towards an answer, symbolized by the square."
others,Recovery,"Two stylized human figures side by side. The left figure appears unhappy with a glum expression and arms folded downwards, wearing a pale orange hat and standing behind a yellow rectangular block. To the right, separated by a pink arrow, a cheerful figure with a broad smile and arms raised in the air, wearing a teal-colored shirt. The arrow suggests a transition from the unhappy state to the happy state. It may represent improvement, transformation, or the concept of ""recovery"" which corresponds to the Korean word ""회복"" (hoebok)."
others,Refill,"A white cup with a green circle on it and an open lid, suggesting a reusable container. Above it, a jug with a metallic handle and a flip-top lid, tilting towards the cup, pouring a brown liquid into it. A red and curving arrow originates from the bottom of the cup pointing upwards towards the jug, suggesting a cycle of refilling and reusing the cup."
others,Replacement,"An illustration shows two stylized figures standing side by side. The figure on the left has a neutral expression, short hair, and is wearing a long-sleeved gray shirt with gray pants. The figure on the right is smiling, has a hand raised in a waving gesture, short hair, wearing a long-sleeved teal shirt and blue pants, and placing the other hand on the left figure's shoulder. Both figures are depicted with simple line art and flat colors, without detailed facial features."
others,Report,"A person in a suit sitting at a desk while another person stands in front, handing them a document."
others,Representative,"A simple illustration of a cartoonish person with a round head, a smiling face, and short, straight black hair. They are wearing a long-sleeved teal shirt. On the chest of the shirt, there is a starburst-shaped badge or icon with the Korean characters ""대표"" written vertically within it, signifying a representative or leadership role."
others,Research,"A stylized character representing a scientist or researcher, depicted with a simple and clean line art style, wearing a white lab coat over a shirt with a tie. They have round glasses and a short haircut. The character is holding a conical flask with a blue liquid in one hand and a test tube with a red fluid in the other. The illustration is on a plain white background with the text ""연구해요,"" which translates to ""research"" in Korean. The image symbolizes someone engaged in scientific research or laboratory work."
others,Result,"An illustration features a sequence of shapes oriented horizontally across the image. Two overlapping circles—green and yellow—that blend into each other to form a third, separate blue circle. A white arrow extends from this blue circle towards the right, leading to a standalone blue circle. Above the second blue circle, there is a small red triangle oriented with its point downward. The background is plain white. The visual could represent a process or transformation from two separate elements into a unified result."
others,Revolver,"An illustration of a revolver viewed from the side with visible barrel, cylinder, trigger, and grip. The revolver is depicted with the barrel pointed to the left."
others,Rock,"The illustration depicts a large rock or boulder next to a smaller stone. The rocks are shaded in tones of gray, and both have a simplistic design with minimal details, such as some lines suggesting facets or edges and a few spots that might represent texture or irregularities on their surfaces."
others,Role,"The image features three stylized figures sitting next to one another. The center figure appears to be an older person with grey hair, while the figures on either side appear younger. Each figure is wearing a differently colored top—green, orange, and grey—all with a neutral expression and a slight smile. Their hands are resting on their laps, and all are facing forward."
others,Rotten,"An illustration of a nose smelling a square-shaped object with smoke, implying that it's stinky."
others,Rules,"An illustration of a hand pointing to a document titled ""규칙"", Korean for ""rules"". The document contains three numbered lines, suggesting a list of rules or guidelines. The hand is stylized with the index finger extended. The image conveys the concept of rules or regulations."
others,Safety,"A triangular symbol with a bold red outline. Inside the triangle, against a white background, there is Korean text ""안전"" which translates to ""safety"". Such symbol typically represents safety warnings or information."
others,Sale,"The illustration displays a green shirt and a pair of blue jeans under a signboard with Hangul text, translating to ""Sale"" in English, indicating discounted clothing items."
others,Sale,"A stylized representation of a sales transaction. A person behind a cash register, wearing a teal shirt, is handing over a white rectangular item to a customer dressed in gray. A red arrow points from the person behind the counter to the person in front, indicating the direction of the transaction. The concept of a sale corresponds to the Korean word ""판매""."
others,Sand,A simple cartoon drawing of a conical pile of sand with a yellowish-beige color and a somewhat flattened top. The surface has small dots and lines to represent the texture of the sand grains. A few loose sand grains are scattered away from the main pile. The background is white.
others,Scenery,"A stylized landscape scene within a square frame features a winding blue river leading towards two simple houses on green ground. In the background, there are two hills, one larger and closer in bright green, and the other smaller and distant in darker green. The blue sky has three white puffy clouds scattered across it. The style is cartoon-like with solid colors and clean lines."
others,Scholar,"Illustration of a person wearing a graduation cap with a red tassel, glasses, and a grey outfit indicating a graduation gown. The individual has a neutral expression and is looking straight ahead."
others,Scoot,"A cartoonish drawing of a light brown dog standing to the left with darker brown accents on its back and tail, a white muzzle, and is facing slightly to the right. Above and to the right of the dog is a symbol representing the male gender—an upward-pointing arrow with a circle at the base, all on a plain white background."
others,Screw,"An illustration of a screw from a top-down perspective. The head of the screw has a Phillips (""cross"" or ""plus"") shaped recess and the shaft is threaded, narrowing towards the bottom. The screw appears to be silver or grey, suggesting a metallic material. The image has a mix of both two-dimensional and three-dimensional visual effects, giving an outline and some depth to the screw."
others,Screwdriver,"A simple line drawing of a screwdriver with a straight, elongated shaft and a flared handle. The drawing possibly represents a flat head screwdriver given the lack of detail on the tip."
others,Search,"A magnifying glass is aligned to the left of a long horizontal rectangular search bar. The magnifying glass features a blue-tinted lens and a dark grey handle. The search bar is a simple outlined rectangle with a white or light-colored interior, indicating a space for text or queries."
others,Seasonings,"The illustration shows three seasoning shakers side by side, each with a different colored content visible through a clear portion of the shaker. The shakers have a white body with a grey top, and there are multiple holes on the top. The first shaker from the left contains a red substance, the middle shaker contains a white substance, and the third shaker on the right contains an orange substance. Each shaker also has a few small black dots below the viewing window."
others,Secret,"A stylized figure with a neutral expression, placing their right index finger over their lips in a shushing gesture. The character has a simple, round head with no visible hair and dot-like eyes. They wear a long-sleeved, teal-colored shirt. The background is white. This image is often used to represent silence, secrecy, or the concept of keeping something a secret (""비밀"" means ""secret"" in Korean)."
others,Selection,"A simplistic graphic with two grey circles aligned horizontally with a bit of space between them. To the right of the top circle, there's a stylized hand with a pointing index finger, in flesh tone with outlined fingers, indicating the top circle. This image represents the concept of making a choice or selection."
others,Self-esteem,"A cartoon-style figure with a simplified human appearance is wearing a teal long-sleeved shirt with a large red heart icon. The figure has short black hair, is smiling, and has their hands placed on their hips in a confident and casual stance. The heart could symbolize love, passion, or self-esteem, aligning with the concept of ""자존심"" (self-respect/pride in Korean)."
others,Send,"A stylized grey building with a large envelope on its roof, and a red arrow pointing from the building to a smaller envelope with dashed lines, indicating movement or sending. The building appears to represent a post office, and the overall image suggests the action of sending mail."
others,Shock,"A stylized representation of a person with a surprised or shocked facial expression. The person has a simple round head, two eyes, and an open mouth. Next to the person's head, there is a red, jagged-edged shape with lines emanating from it, symbolizing a loud sound, an impact, or sudden pain. The figure wears a plain teal-colored shirt."
others,Sigh,"The illustration features a straight-faced person with short hair, wearing a turquoise shirt. The person's mouth is slightly open, and a symbol resembling a speech bubble is coming out of it, indicating an exhale or sigh. The image represents someone taking a deep breath, symbolizing the concept of ""한숨"" from Korean, translated as a sigh."
others,Similar,"Two identical transparent glasses side by side, filled with blue liquid. The glass on the left contains less liquid, filled roughly to the halfway point, while the glass on the right is filled nearly to the top. It appears to symbolize different levels of fullness, and is related to the Korean phrase ""비슷해요"" (biseushaeyo), meaning ""similar"" in English."
others,Smile,"A graphic representation of a mouth smiling, with teeth clearly visible. The mouth is depicted as a half-circle shape with the upper part representing the upper teeth, and the bottom as the lower lip. Adjacent to the mouth is a double-headed arrow, pointing up and down, aligned with the central part of the mouth. A red dotted oval shape is inside the mouth between the upper and lower teeth, slightly to the left, possibly indicating movement or an area of focus."
others,Smile,"The illustration depicts a stylized person with a round head and short haircut, smiling with closed eyes. They are wearing a teal or green long-sleeved shirt. The graphic could be used as an icon or an avatar representing positivity, satisfaction, or friendliness."
others,Sound,"The illustration depicts three separate icons arrayed horizontally. On the left is an icon of a person holding their hands over their ears, with a distressed expression. In the middle, there is an icon of a megaphone, shown emitting sound waves. On the right, there is an icon of a steering wheel with rays coming out from it. The overall theme of the illustration appears to be related to noise or sound."
others,Soup/Broth,"The illustration depicts a simple, stylized bowl of soup. The bowl appears to be ceramic or stoneware with a broad rim, colored in light grey. It contains a liquid colored in shades of orange or light brown, indicating the presence of soup or a broth. The surface of the liquid is slightly curved, indicating a filled bowl."
others,Souvenir,"A neatly wrapped rectangular gift box in a peach or light orange color, with a light green or mint ribbon wrapping around it both horizontally and vertically, topped with a decorative bow. The illustration style is simple and flat."
others,Speech,"A laptop with a teal-colored screen displaying several horizontal lines, suggesting text on the screen. A speech bubble is emerging from the laptop, containing a pair of Korean characters ""뜹"" with a curved line beneath, symbolizing a mouth as if the laptop is 'speaking' the characters. The imagery symbolizes voice output or speech synthesis technology."
others,Stage,"A stylized representation of a stage with red curtains drawn open on either side, revealing a flat, horizontal surface in a beige or light brown color, which could represent the stage floor. The background of the stage area is white. The curtains have a simple design with vertical red panels and lighter red inner edges that suggest depth or shadow. There are no people or additional details in the scene."
others,Start,"A simple horizontal line with a circular dot at one end. Above this dot is a downward-pointing red arrow, indicating the starting point on the line. Directly below the dot and line is the word ""START"" in capital letters."
others,Stolen,"An illustration showing a person wearing a black mask running away, holding a white object. Dotted red lines indicate movement from the other character towards this figure. On the right, a character stands with their hands outstretched as if something has been taken from them, with two droplets above their head indicating surprise or shock. The scene represents a thief stealing an item from someone."
others,Storefront,"A stylized illustration of a storefront featuring a gray rectangular structure with a brown, scalloped awning. There are two white front doors with circular handles in the center. Above the doors, a white sign with ""00가게"" written in black, block text, which translates to ""00 Store"" in English."
others,Storytelling,"A simple cartoon character, with a round head, a smiling face, and a slender body, wearing a teal shirt and gesturing with their right hand. Above the character's head is a speech bubble filled with a series of dots, indicating dialogue. The word ""이야기,"" which translates to ""story"" or ""tale"" in Korean, is present in the image."
others,Strength,"A stylized illustration of a person with a neutral expression, raising both fists in the air with lines around them is shown. This suggests strength or enthusiasm. The character is wearing a teal-colored long-sleeved shirt, and the background is plain white. The overall image conveys a sense of empowerment, energy, or victory."
others,Sunlight,"A stylized sun with rays emanating from it is positioned in the upper left corner of the image. The sun is vibrant, with a circular center and pointed petals suggesting its corona. Several diagonal lines extend downward from the sun representing its rays, intersecting a series of geometric shapes which could represent solar panels or sunlight casting shadows. Small star-like shapes are scattered around the image, adding sparkle. The primary colors used are yellow for the sun and its rays, white and gray for the geometric shapes, and the background is white."
others,Table,"A simple illustration of a round table. The table has a flat, circular top that is colored beige, and it is supported by four straight, vertical legs that are brown. It could be a stylized or symbolic representation commonly used in signs or instructional purposes."
others,Tail,"The illustration is a stylized drawing of a medium-to-large breed dog with fluffy fur standing in profile. A portion of the dog's body, specifically its hindquarters, is encircled with a dashed pink line. Above the dog, there is a red downward-pointing triangle."
others,Tax,"A green-colored paper bill with the number ""10000"" on it, alongside coins indicating denominations ""100"" and ""10."" There's a red arrow curving downward towards the right directing from the money to a white outline of a geographic silhouette, resembling the shape of a country or region. The image could symbolize taxes or financial transactions directed towards a specific country or governmental entity."
others,Team,"The illustration includes two rows of cartoon-style human figures accompanied by Korean Hangul characters. In the top row, labeled with ""1조,"" there are two figures standing side by side, and in the bottom row, labeled with ""2조,"" there are also two figures standing side by side. The four figures are minimalist, each featuring a round head, a simple smiling face with dot eyes and a line mouth, and shoulders dressed in a grey shirt. Between the rows, the Hangul characters for ""1조"" and ""2조"" are displayed. The background of the image is plain white."
others,Teamwork,"Three cartoon-style figures standing side by side with their arms around each other's shoulders. They are simplified representations of people with broad smiles. The figures wear matching gray shirts and pants, representing a sense of friendship, teamwork, or unity."
others,Television,"A flat screen television with a modern design is placed on a stand, displaying vertical color bars in a sequence of colors including blue, red, yellow, green, and pink. There's a power button symbol on the lower right part of the television frame."
others,Title,"A green closed book with its spine facing the viewer, featuring a white label with ""제목"" written on it which translates to ""Title"". There's a grayish outline around the edges, giving the book a slight three-dimensional effect."
others,Toolbox,"A line drawing of a rectangular tool box with a hinged lid, a handle on top for carrying, and a latch at the front for securing the lid when closed. The drawing represents a generic tool box."
others,Trace,"The illustration shows three separate images aligned horizontally. On the left side, there are two black footprint outlines stacked, displaying the sole pattern with horizontal lines. To the right of the footprints, there's a large, flesh-colored thumbprint or fingerprint detailed with typical curves and whorls."
others,Tradition,"A stylized image of a person sitting cross-legged, wearing traditional Korean attire known as hanbok, holding a book or block of wood resting on their lap. The background contains a shape resembling the peninsula map of Korea. The image uses a limited color palette of pink, yellow, black, and green."
others,Training,"The illustration shows three cartoon-style soldiers marching in a line, facing to the right. They are dressed in green military uniforms with camouflage patterns and wearing helmets. Each soldier is holding a rifle at chest height. They are in a disciplined and synchronized stance, suggesting they are engaged in military training or marching as part of a drill. Each soldier has a stern, focused expression."
others,Truth,"The illustration depicts a simple, stylized person with short black hair, a broad smile, and a green shirt. A speech bubble containing the Korean word ""진실,"" which translates to ""truth,"" is positioned to the right of the person's head, showing they are speaking or advocating for truth."
others,Underground,"An abstract representation of an underground or basement area. At the top is a structure resembling a house or building with a peaked roof. Below, connected by a vertical line, is a rectangle representing a subterranean space or room colored in brown. Above the rectangle, a dark red down-pointing triangle suggests a direction or something entering into the ground or basement. The design mainly uses geometric shapes with a restricted color palette."
others,Unification,"Two stylized shapes resembling the Korean Peninsula are facing each other with a gap. The shape on the left is colored in red on top and blue on the bottom. The right shape is filled with a greenish-yellow color. A horizontal red arrow pointing from the left shape to the right shape sits between them. The image represents the concept of ""unification"" or ""integration."""
others,Unload,"A stylized character, a boy, stands beside a moving trolley. The boy is lifting or placing a box on the trolley, indicated by a red curved arrow symbolizing the box's motion. The character is depicted in a simplified, cartoonish style."
others,Us/We,"Two cartoon-style boys are smiling and standing side by side, with one boy having his arm around the other's shoulder. Both are wearing casual clothes, white t-shirts, and shorts of different colors. The background is white with a dashed red border resembling a coupon or a ticket. The image represents the Korean word ""우리"" which implies togetherness."
others,Vegetables,"The illustration depicts a bundle of vegetables including a bunch of green onions with their white bulbous bases and long, slender green tops, and leafy greens which could be either young bok choy or some kind of lettuce, featuring stout stems and broad, green leaves. The vegetables appear crisp and fresh."
others,Vertical,"A simple line diagram of two elements. A square outlined by thin black lines is on the left, and to its right is a double-headed arrow pointing both up and down, indicating a vertical direction or dimension."
others,Victory,"A stylized character, presumably male, with a cheerful expression. This character has brown hair and is smiling widely, showing his teeth. His hands are raised above his head in a gesture of victory or celebration. Above the character, the word ""WIN"" is written in bold, uppercase letters, suggesting the character is celebrating a win or a successful achievement."
others,Victory,"A stylized figure with a smiling face, raising one arm in the air while holding up a large golden trophy with the other hand. The figure is celebrating a victory or achievement, wearing a teal long sleeve shirt. The background is plain white."
others,Vote,"A square divided into four equal quadrants, with a prohibited peace symbol located in the upper right quadrant. The symbol is enclosed within a red circle. On the top of the square is written ""투표"" in Hangul, which translates to ""vote"" in English, and the entire square is framed within a border."
others,Wall,"A simplified interior room view featuring an orange wall with a framed picture or a mounted flat-screen TV on the left side and a minimalist sofa in the bottom right corner. In the center are drawn curtains parted in the middle, suggesting a window, with a small rug in front of them. The scene represents a basic, stylized living room."
others,War,"A cartoon-style illustration featuring eight symmetrical soldier figures, four on each side, facing each other. Each soldier is depicted in a sitting position with legs stretched out in front and wearing a helmet with camouflage patterns. They are holding long, gray rifles pointed outward, away from the center of the image. Their uniforms are green and they are seated on red objects."
others,Welcome,"A stylized illustration of a person wearing a black suit with a white shirt and a black bow tie. They are standing straight with their hands clasped together in front. The person has a round face, simple dots for eyes, and a straight line for the mouth, conveying a neutral expression. The character’s hair is short and neatly combed. The design is primarily in flat colors."
others,Whole,"A square border with a dashed red line. Inside the square are twelve gray circles arranged in a grid pattern of 3 rows and 4 columns. The circles are evenly spaced, identical in color and size on a white background."
others,Width,"A simple square with a pair of horizontal arrows below it, pointing in opposite directions. One arrow points to the left and the other to the right, representing the concept of width or breadth. The square may represent a frame or a reference area for the dimension indicated by the arrows. The graphic is black and white."
others,Woman,"A cartoon-like drawing of a woman with black hair, wearing a pink long-sleeved shirt with a purple skirt and gray shoes, standing next to the female gender symbol. The female symbol consists of a circle with a small cross extending downward. The image has a white background."
others,Workplace,"The illustration features a stylized depiction of a person and a building. The person is shown from the chest up, smiling, and wearing a suit with a tie. They have a round head, dots for eyes, and a line for a mouth. To the right of the person is a simplified representation of a multi-story building with multiple windows and a main entrance at the bottom center. Above the person to the left, there is a simple, red, triangular shape, possibly indicating a location or a cursor."
others,World,"A simplified world map with the continents outlined and filled in with green against a blue background. The map is contained within a larger square frame. It's designed to symbolize the concept of the world or the Earth. It could be recognized as a representation of the Korean word ""세계"" (segye), which means ""world."""
others,Worry,"A figure with a neutral or slightly concerned facial expression. The person depicted has short hair, is wearing a teal shirt, and is holding one finger to their temple, often suggesting the concept of thought, worry, or contemplation."
others,Wrench,"A simple line drawing of an adjustable wrench. The wrench has an open movable jaw at one end for gripping and turning nuts or bolts, with a mechanism just below the head for adjusting the distance between the jaws. The rest of the tool forms a long handle that ends with a small hole."
others,Youngsters,"Two cartoon-like figures standing side by side. On the left is a figure that appears to be male, wearing a teal long-sleeved shirt and blue trousers, with black shoes, short hair and a smiling face. On the right is a figure that appears to be female, dressed in a pink long-sleeved shirt, a light pink skirt, and black shoes. She has long straight hair and a smiling face as well. Both figures have simple facial features."
people,Actor,"A stylized, cheerful character within a filmstrip frame, waving with an open hand. The character has a cartoon-like appearance, with a prominent smile and a tuft of hair on the head. To the right of the frame is a classic film reel, suggesting a connection to cinema or video. The overall image conveys a friendly and welcoming gesture associated with learning or entertainment in the context of film and movies."
people,Actor,"The image is an illustration of a person with shoulder-length black hair and a friendly facial expression, wearing a long-sleeved gray shirt. Above and to the left of their head is a speech bubble containing three dots, showing that the person is either speaking or ready to speak. The entire image represents a ""speaker"" or ""communicator"", translated as ""연기자"" from Korean."
people,Actress,"A stylized representation of a woman within a film strip frame, and a classic film reel to the right. The woman has a friendly expression, her mouth open as if speaking, and her hand raised in a wave. She has long hair and is wearing a blouse with a collar and a small adornment at the neck. The Korean characters on the image, ""여배우,"" mean ""actress."" The symbol might represent someone involved in the film industry."
people,Announcer,"Image depicts a stylized figure of a person with a neutral, friendly face. The character has short, black hair, wearing a pink blazer or suit jacket with a yellow shirt underneath. A microphone is attached to the lapel of the blazer suggesting that the person may work in a role that requires addressing an audience."
people,Archaeologist,"A cartoon figure depicts an archeologist. The character is a stylized, simplistic humanoid figure with a beige safety helmet on. They are wearing a green shirt with a collar, and holding a yellow and brown tool that resembles a trombone with a shoe at the end. The character has a straight, simple black line for a mouth and two dots for eyes."
people,Artist,"A friendly cartoon character, known as ""미술가"" in Korean, representing an artist. The character has a joyful expression, small rosy cheeks, and a slight smile. They are wearing a red beret tilted to one side of their head and a short-sleeved yellow shirt. The character is holding an artist's paintbrush with green paint dripping off the bristles."
people,Artist,"A simplistic, cartoon-like character representing an artist. The figure has a round head, short black hair, and simple facial features. They are wearing a long-sleeved brown shirt, holding a palette filled with various colored paints and a paintbrush in their hands, poised as if ready to paint."
people,Author,"A cartoon-like figure representing an author or writer. They have a smiling face, straight, shoulder-length black hair, and are wearing a brown V-neck sweater. The figure is seated behind a desk and holding a pencil, poised over a piece of paper, suggesting they are in the process of writing."
people,Baker,"A simplified, cartoon-like image of a person with chef's attire. This character, with a smiling face, has a rounded chef's hat on their head and is wearing a plain shirt or chef's uniform. In front of the figure, there is a depiction of a loaf of bread, which the person appears to be either presenting or preparing to serve. This image symbolizes a baker or pastry chef."
people,Baker,"Depicts a character who is likely a baker wearing a white chef's hat and a gray apron with a front pocket. They are smiling and holding a plate with a steaming loaf of freshly baked bread. The character appears to be content and proud of their baked creation. The illustration style is simple and cartoon-like, with minimal detail and clean lines."
people,Ballerina,"A stylized figure of a ballerina mid-pose, with one arm lifted above her head and the other extended to the side. One leg is lifted and bent at the knee, extending out to the side while the other leg is straight, supporting her body. She wears a ballet outfit, including a tutu skirt, leotard, and ballet slippers, and has her hair styled in a neat bun."
people,Banker,"The illustration depicts a simplified, cartoon-style character representing a banker. The character has a smiling face with short, black hair, and is wearing a white shirt with a collar and a blue necktie. To the left of the figure, there are three stacked gold coins, implying a connection to banking or finance."
people,Barista,"A cartoon character representing a barista (""바리스타"" in Korean). The character has dark hair, a smile and is wearing a white top with a collar. In front of the character is a counter where a coffee cup filled with a brown liquid, implying coffee, is placed. The barista appears to be gesturing with one hand."
people,Bartender,"The illustration features a simplified representation of a bartender. The figure is a smiling person with short hair, shown from the waist up, wearing a bartender's uniform: a white shirt with a black vest and a bow tie. The bartender is holding a cocktail shaker near their chest, and on the left side of the image, there is a martini glass with a cocktail garnished with a small fruit. The background is plain white."
people,Businesswoman,"A simplified, cartoon-style figure of a person raising their right arm high in the air. The character appears to be female, with short black hair and a smiling face. She is dressed in a brown blazer over a white shirt, and there's a suggestion of a gray pocket or document on the blazer."
people,Chef,"A stylized figure representing a chef or cook, indicated by the chef's hat. The character has a simple, cartoon-like appearance, with a broad, friendly smile and rosy cheeks. The figure is holding a fork in the left hand and a spoon in the right hand. The figure is wearing a long-sleeved white shirt."
people,Chef,The illustration depicts a cartoon figure representing a chef. The chef is wearing a traditional white chef's hat and a white apron. They have a gentle smile on their face and are waving with one hand.
people,Cinderella,"A cheerful character resembling Cinderella is depicted. The character has blonde hair styled in an updo, is wearing a blue ball gown, holding a blue high-heeled glass slipper in her right hand, and is smiling."
people,Designer,"A stylized cartoon figure, appearing to be a designer or creative professional. The figure is wearing glasses, a blue long-sleeved shirt with double buttons, mustard-colored pants, and brown shoes. One hand is raised as if waving or presenting, and the other hand is on the hip, giving a friendly and approachable demeanor. The figure is intended to represent the occupation of a designer (""디자이너"" in Korean)."
people,Diplomat,"A character with a simple, stylized human appearance, short black hair, and a gray short-sleeved top is depicted. They are holding a large globe with blue oceans and white continents in front of them with both hands. The globe is centered and prominent, symbolizing a connection to international relations or global affairs. The term ""외교관"" (diplomat) is also present."
people,Doctor,"An illustration portrays a male figure symbolizing a medical professional. He is dressed in a white lab coat, and around his neck, he wears a stethoscope, with one hand holding the chest piece. In his other hand, he carries a clipboard. He's wearing grey pants and dark shoes."
people,Dooly,"A cartoon character of a green dinosaur with a large head and oversized eyes. It has a wide smile, tongue showing, and is standing upright on two legs with one hand raised in a greeting gesture. The dinosaur has a light green stomach, darker green body, a small tail, and little spikes running from the top of its head down to the tail."
people,Entertainer,"A stylized figure that appears to be a male entertainer or television personality. He is waving with one hand, and holding a microphone in the other. His hair is brown with a distinct curl on the forehead, he's wearing sunglasses pushed up on his head and dressed in a white shirt with sleeves rolled up, blue jeans, and dark shoes. A retro, yellow television set with knobs and a blank screen is positioned behind him."
people,Fairy,"A whimsical, cartoon-style fairy with a cheerful expression, standing with one foot slightly raised. The fairy is dressed in a playful green dress with two large, pointed, blue-tinted wings. She has blonde hair styled in a bun."
people,Firefighter,"An figure dressed as a firefighter (""소방관"" in Korean), wearing a dark blue firefighter jacket with reflective stripes and a badge on the chest. They are also wearing bright orange pants and a dark blue helmet with a badge at the front, along with black boots. The character is drawn in a cartoonish style with a smiling face and hands positioned by the sides. The color scheme consists of dark blue, bright orange, and black, with yellow accents for badges and reflective elements."
people,Fishmonger,"An illustration depicts a figure that appears to be a fishmonger wearing a hat, an apron, and boots. The person is holding a large fish in one arm and is smiling and waving with the free hand."
people,Hairdresser,"A simplified cartoon-like character representing a hairdresser or barber. The character has short, dark hair and is smiling. They are wearing a white shirt with a grey belt or apron around the waist, and holding up a pair of scissors in the right hand."
people,I-Want-To-Be-000,"A stylized cartoon of a person with a cheerful expression, enclosed within a speech bubble outline. The person is wearing a plain long-sleeved teal shirt and has short, dark straight hair. The background is white, creating a clear silhouette of the speech bubble and person. The image suggests that the person is saying or thinking something."
people,Judge,"The illustration depicts a figure representing a judge or a legal professional. The character is wearing a traditional black robe with red accents on the lapels, and is holding a gavel. The individual is smiling and has one hand raised, while the other hand is holding a gavel. The character has grey hair and is standing against a plain, unadorned background."
people,King,"An illustration shows a simplified character resembling a king with a smiling facial expression, simple dots for eyes, and a line for a mouth. The character wears a golden crown with three points and clothing that appears royal, including a collar and a teal tunic or robe with grey accents at the bottom. The background of the image is white."
people,Laughter,"A person with a joyful expression, black-framed glasses, and hands playfully placed on their cheeks with fingers pointing upwards. They have short black hair and are wearing a dark watch or bracelet on their left wrist. The image evokes a sense of happiness or laughter, representing the ""하하"" (haha) laughter sound."
people,Lawyer,"An illustration depicts a stylized figure, presumably male, wearing professional clothing—a blue suit jacket over a white shirt with a black tie. He is displaying a pleasant facial expression holding a brown folder with Asian characters on it in one hand and gesturing with the other. The character represents the profession—in this case, the term ""변호사"" which translates to ""lawyer"" in Korean."
people,Magician,"The illustration displays a stylized figure intended to represent a magician. The character is shown wearing a formal black tailcoat with a red bow tie, white shirt, and a classic black top hat with a red band. The magician is holding a thin black wand in one hand. The figure has a simple, smiling face."
people,Mermaid,"The illustration depicts a mermaid with a human upper body and a fish-like lower body, characterized by a blue tail. She has red hair that looks like it's flowing behind her. She is wearing a blue bikini top and has a friendly expression with one hand raised as if waving or greeting."
people,Model,"The illustration depicts a female character standing with her left hand raised in a greeting or waving pose. She has long, flowing hair that appears to be blowing in the wind and is wearing large, round sunglasses on her head. She is dressed in a short-sleeved, knee-length light grey dress and dark grey high boots. Her hair is a reddish-brown color, and she has a cheerful facial expression with a wide smile."
people,Naruto,"A stylized cartoonish depiction of a male character's head. He has spiky, bright yellow hair and blue eyes, and is wearing a headband with a symbol in the center. The character has three whisker-like marks on each cheek and is dressed in an orange and white outfit with a collar. His facial expression is serious and focused."
people,Nemo,"An animated clownfish with a friendly expression. The fish is predominantly red with three white stripes bordered with black lines. The character has large, round eyes and a smiling mouth."
people,Nurse,"A simplified, cartoon-like illustration of a female figure with long hair, wearing a light colored medical lab coat or scrubs. She has a headband with an attached mirror on her head. She's standing behind a counter where a round object resembling a coin with a face and a band-aid is resting."
people,Nurse,"An illustration depicts a person, likely a nurse or healthcare worker, standing behind a desk in a white medical uniform with a blue scarf or collar and matching blue headband. On the desk, there's a computer monitor displaying a green cross, symbolizing medical services or pharmacies. The figure has a friendly, welcoming facial expression. The background is plain, and the style of the illustration is minimalistic with clear lines and a flat color palette."
people,Pharmacist,"The illustration features a simplified figure representing a pharmacist, depicted as a person with long dark hair, a friendly facial expression and wearing a white lab coat. Accompanying the figure are two oversized capsule pills, one teal and the other yellow, each half-transparent to show the white spheres inside, symbolizing medication."
people,Photographer,"A simplified, cartoon-style image of a female photographer. She has a smiling face, black hair tied back, and is wearing a white shirt. In her hands, she's holding a sizable, black camera with a prominent lens facing forward. Her stance suggests that she is ready to take a photo."
people,Photographer,"A cartoon-style illustration of a person holding a DSLR camera, detailed with a lens, viewfinder, and other typical camera features. The person is depicted with a simple, smiling face with two dots for eyes, a straight line for a mouth, short hair, and a white shirt."
people,Pianist,"A simplified, cartoon-style figure representing a pianist, with long, straight black hair, dressed in a blue suit with a white shirt and a black tie. The character is playing a keyboard with musical notes floating around their head, implying the creation of music. The word ""피아니스트"", which means pianist in Korean, is also present in the image."
people,Pikachu,"The illustration is of Pikachu, a yellow, rodent-like creature from the Pokémon media franchise. Pikachu is depicted in a simple, cartoonish style, with large ears tipped with black, round eyes, red cheeks, and a lightning bolt-shaped tail. Pikachu appears happy and is in an upright position with one arm raised. The character's body is predominantly yellow with brown stripes on the back and a white front."
people,President,"A cartoon of an older male figure with gray hair, wearing a suit with a tie. He is smiling, standing upright, and raising one hand towards a square board featuring an emblem, which contains a stylized depiction of a bird with outspread wings and a shield-like design with three shapes resembling paw prints. The term ""대통령"" (Daetongryeong) meaning ""President"" in Korean is suggested."
people,Prince,"A simplified cartoon figure stylized as a king ""왕자"" (prince) in Korean. The character has a smiling face, wearing a crown, a blue uniform with golden buttons, a red cape, and a gold-colored belt. The prince stands with a confident posture, hands on his hips, suggesting a pose of leadership or authority. The simple lines and cheerful expression give the illustration a child-friendly appearance."
people,Princess,A stylized cartoon figure of a smiling princess with fair skin and brown hair fashioned with a crown. She's adorned with small earrings and a necklace. The princess is wearing a white and orange regal dress with circular patterns near the hem and short sleeves. Her left hand is raised in a waving gesture.
people,Programmer,"A character symbolic of a ""programmer"" is seen wearing headphones with a microphone attached, engrossed in their work. Behind the character is a computer monitor, associated with digital work, coding, or software development. The character is presented in a simplified, stylized form with a smiling face, signaling a friendly and approachable demeanor."
people,Queen,"A female figure representing a queen, indicated by the crown on her head and dressed in a long grey and red gown with a red and gold collar. The queen character has a friendly expression, with one hand raised in a waving gesture. The style is cartoonish and simple."
people,Reporter,"An illustration of a figure standing in front of a stylized cityscape of skyscrapers. This figure, presumably representing a reporter or journalist, is wearing a smart blazer, presenting with one hand, and holding a microphone labeled with a ""7"" in the other hand. Their facial features are simple, cartoonish, and don't indicate specific gender traits."
people,Reporter,"A stylized figure of a female with long black hair, wearing a blue shirt, and holding a microphone close to her mouth. The face includes a wide smile. Could represent a news reporter or journalist."
people,Rilakkuma,"A cartoon-style brown bear lying on its back, with rounded ears, small circular eyes, and a tiny nose. Its limbs are short and rounded, and its belly is white, in contrast to its brown body. The bear is holding a green four-leaf clover above its head with one paw, symbolizing good luck."
people,Rudolph,"A cartoon representation of a reindeer's face, with a round yellowish-brown head, large red nose, happy eyes, a smiling mouth, and antlers. The face is likely intended to symbolize Rudolph from the Christmas folklore."
people,Sailor,"A cartoon-like illustration of a figure in a naval uniform, standing straight with their left hand raised in a salute. The uniform is white with gold buttons, and the figure is wearing a cap that matches the uniform, also with a gold emblem at the front. The character has a pleasant expression with a small smile."
people,Scientist,"A smiling cartoonish character wearing a white lab coat, shirt, and tie. The person with stylized spiky hair is holding two test tubes, one in each hand, containing yellow and blue liquids. The character's expression and posture suggest enthusiasm and confidence. The character aligns with the Korean term ""과학자"" meaning ""scientist."""
people,Secretary,"A cartoon-style illustration of a smiling woman holding a telephone receiver to her ear with her left hand and poised to take notes with her right hand. She is wearing a pink blouse with a collar, and her hair is straight. The desk in front of her has a phone and a notebook on it against a white background. She gives an impression of a professional and organized individual in an office setting."
people,Simsun,"A full-color illustration of a young male character from an animated series with spiky yellow hair, round eyes with prominent circular glasses, a red shirt, blue shorts, and blue shoes. He is standing with his weight on one leg and the other foot slightly raised behind him. The character is holding a green skateboard with black wheels in one arm, which is resting by his side. The background is solid white."
people,Singer,"A stylized figure that appears to be a female singer with black hair, closed eyes, wearing a pink top. She is holding a microphone close to her mouth, appearing to be singing. To the right of the figure is a single musical note. The overall image conveys the concept of singing, represented by the Korean word ""가수"" (gasu), meaning ""singer."""
people,Singer,"A stylized cartoon-like character that represents a singer or vocal performer. The character is wearing a formal outfit consisting of a dark suit and bow tie, smiling, has a hand raised, suggesting a singing gesture, with two musical notes floating above the hand, indicating the act of singing or musical performance."
people,Soldier,"A stylized, cartoon-like figure of a soldier saluting. The character wears a military uniform with a camouflage pattern and a matching cap, and has a neutral, friendly facial expression."
people,Songwriter,"Illustration depicts a character that symbolizes a ""composer"". The character has a smile, long hair, and is styled in a white shirt with a collar and a tie. The figure is holding a pen in the right hand and gesturing with the left hand, with musical notes floating above the open palm. The character appears to be sitting, with a partial depiction of a desk or surface in front. The concept of the person involved in writing or composing music is represented."
people,Stewardess,"A female flight attendant with a cheerful expression is waving her hand as if gesturing a greeting or giving instructions. She is wearing a professional uniform, which includes a blazer, a blouse, and a skirt. Behind her is a large airplane wing. The image likely indicates the aviation industry and is potentially for informational or educational purposes."
people,Sungwoo,"A person with a round face, black hair styled in a bob wearing a green, long-sleeved shirt and smiling. In one hand, they are holding a microphone on a stand, while in the other hand, they are holding a paper or card. The person's posture suggests they might be related to speaking or presenting, such as a news anchor, reporter, or public speaker."
people,Swimmer,"A simplified graphic of a person swimming sideways, with their body submerged in blue water up to the neck. The swimmer has one arm extended forward and the other along their body, with the head turned to the side. There are a few water droplets around the swimmer's head, illustrating the motion of swimming. The color scheme is primarily blue for the water and a flesh tone for the swimmer, against a plain white background."
people,Teacher,"A stylized figure representing a teacher, inferred from the Korean word ""교사"" (gyosa), meaning ""teacher."" The figure is depicted with two dots for eyes and a curved line for a mouth. The character has long black hair and is wearing a pink blouse or jacket over a white shirt. The figure's left hand holds a book or notebook with a blue cover, and the right hand is raised holding a brown pencil or pointing stick."
people,Teacher,"A cartoon character that appears to represent a teacher giving a presentation. The character stands to the left of a green chalkboard, smiling and pointing at the board. They are wearing an orange sweater with a white collar shirt underneath. An unidentifiable white object sits on a ledge just below the board."
people,Technician,"A cartoon-style figure, representing a technician or mechanic, is standing upright with one hand on their hip and the other hand raised, holding an orange wrench. He is smiling, wearing a brown uniform with pants that have a side pocket. The character has dark hair with a hint of gray, suggesting age or experience. Their facial expression conveys confidence and friendliness."
people,Translator,"An illustration of a person with short black hair, sitting at a desk, smiling and holding a pencil over a piece of paper. The individual is wearing a blue long-sleeved shirt. Above the person, there's text that reads ""APPLE"" with a red arrow pointing toward the word ""사과,"" representing the translation of the word ""apple""."
people,Translator,"A simplified, stylized drawing of a person from the chest up. The person has a broad smile, round eyes, and is depicted with a simple round head and no hair detail. They are wearing a white shirt with a collar, a dark tie, and a pocket is visible on the left side of the shirt. Above the person are two speech bubbles, with the left containing the word ""APPLE"" in English, and the right shows the Korean word for ""apple,"" 사과. An arrow points from the English word to its Korean translation, symbolizing translation. This appears to represent the occupation of a translator or interpreter in Korean, which is ""통역가."""
people,Violinist,"A cartoon-style illustration of a person with short black hair and a smiling face, wearing a pink shirt, playing a violin. The violin, strings, f-holes, bridge, and bow are drawn in a relatively detailed manner. The character is in the position of playing the instrument."
people,Webmaster,"A simplified cartoon-style human character with a smiling face, short hair, and a blue top. The character is in front of a stylized representation of a computer interface or web browser window, with buttons and content placeholders, indicating tabs, navigation arrows, and website content areas in yellow and orange. Below the character is a depiction of a keyboard, implying that the character is engaged in working on the website or managing web-related tasks."
religion,Amen,"A simplified representation of a person praying. The person has short black hair, closed eyes, and a serene expression. They are wearing a teal-colored top, with the hands pressed together near the chest in a traditional prayer gesture. The background is plain white."
religion,Angel,"The illustration depicts a stylized angel with curly hair, a pair of wings, a halo above its head, and dressed in a simple, flowing garment. It is in a flying pose with one leg extended backward, suggesting movement. The drawing is rendered in a simple black outline with minimal shading, giving it a cartoonish look."
religion,Bible,"An illustration of a gray book with a yellow outline for a highlighted effect. On the book's cover, there is a golden-brown cross symbol. Above the cross, there is a rectangular label with Korean characters ""성경"", translating to ""Bible"" in English. The characters are written in black against a white background. The book represents a Bible."
religion,Candle,"The illustration depicts a white candle with a lit flame at the top. The flame has an orange interior and a red outline, suggesting a flickering effect. The body of the candle is cylindrical, with a droplet of wax melting and dribbling down one side. The background is plain and unadorned."
religion,Choir,"Image of six identical, simplified figures wearing white robes with gray collars, arranged in two rows, seated behind a brown partition. Figures have round, simple faces with black dots for eyes and straight-line mouths. The background is plain white."
religion,Christmas,"An illustration featuring a green church building with multiple rectangular windows, a central entrance, and a steeple topped by a cross, resembling a decorated tree. To the right of the church, a Christmas tree, green with a brown trunk, decorated with colorful ornaments and red garlands. The image symbolizes the celebration of Christmas within a Christian religious context."
religion,Church,"A simplified, stylized representation of a church building, symmetric with two sections on each side having multiple square windows. The center has a taller section with a pointed roof topped by a cross, symbolizing Christianity. The central roof segment is colored pink, and the cross is gold or yellow, standing out against the rest of the structure, which is grey. There is an arched doorway at the base of the central section."
religion,Church,"The illustration depicts a stylized representation of a church with a central tower capped with a pointed green roof and a Christian cross at the top. The body of the church is rectangular with a green gabled roof and multiple visible windows. The building is primarily brown with the roofs in green, and the cross is a darker shade. The image could be used to represent Christian religious activities or places of worship. The Korean term ""교회"" (gyohoe) also appears which translates to ""church"" in English."
religion,Clergyman,"A simplified, cartoon-style figure of a person appears to be a Christian clergy member, standing upright, facing forward, with a slight smile. He is depicted wearing a dark suit with a clerical collar. The figure is holding a book, potentially a Bible, with a prominent yellow cross on the cover. The overall image depicts a religious figure associated with Christianity."
religion,Faith,"The illustration depicts a cartoon-style person with long black hair and a smiling face. They are wearing a pink cardigan over a white top, paired with a knee-length pink skirt. They are holding a black book with a gold Christian cross on its cover in their left arm and wearing black shoes."
religion,Lord,"A stylized illustration of a figure associated with Christian iconography, representing Jesus Christ. The figure is depicted with arms outstretched, palms facing forward, and is wearing a long, flowing robe. The character has a serene expression and long hair with a full beard."
religion,Meditation,"An illustration depicts a person sitting cross-legged on a yellow cushion. The individual appears calm with their eyes closed, wearing a teal shirt and blue pants. Their hands are gently resting on their lap in a posture suggestive of meditation or prayer. The background is plain white, and the image graphically represents the Korean phrase ""참선해요,"" meaning ""meditate""."
religion,Meditation,"The illustration depicts a simplified character representing prayer or meditation within a religious or spiritual context. The character has a neutral expression with closed eyes, suggesting a state of peace or reflection. Above the character's head is a halo. The character is wearing a teal top and is positioned behind a partial barrier, which could imply a podium, altar, or desk."
religion,Missionary,"A simplified, cartoon-style depiction of three figures and a Christian cross. In the center stands a taller figure wearing a suit with a clerical collar. To the figure's left and right are two child-like figures, one wearing a pink dress and the other wearing a blue shirt and green pants. Behind the figures, to the right, is a brown cross. Above the figure's head is a red triangle."
religion,Monk,"An illustration of a person who appears to be a religious figure, representing a ""스님"" (Korean Buddhist monk). The character is depicted with a bald head, a smiling face, and wearing traditional gray robes associated with Buddhist monks. The figure stands upright with hands placed together in front of the body. The background is plain white."
religion,Nun,"The illustration depicts a smiling female figure, wearing a religious habit commonly associated with a nun. The habit includes a black tunic with a white collar, a black veil covering her hair, and a white headdress underneath the veil. The nun is standing upright with her hands at her sides."
religion,Pagoda,"A stylized pagoda, a tiered tower structure often associated with East Asian religious architecture. The pagoda is composed of a series of stacked shapes, with a base platform, one vertical section that looks like the main body, and a smaller top section with a pointed or spire-like top. It represents the Korean word ""탑"" which translates to ""pagoda"" or ""tower"" and is used generally to represent temples, religious heritage, or spiritual sites."
religion,Pastor,"The illustration depicts a person standing with a gentle smile. They are wearing a white robe that reaches down to their feet, with a pink stole draped over their shoulders. The stole features yellow crosses near the bottom. The person has short black hair and is shown in a front-facing, symmetrical pose. The style of the illustration is simple and cartoon-like. The background is plain white."
religion,Pastor,"The illustration shows two figures standing opposite each other. One figure is holding a book with a cross on its cover, with a small cross hanging above their head. The other figure appears to be listening or in a posture of receiving. Above the scene is a red inverted triangle. The overall image suggests a religious or spiritual interaction, often associated with teaching or guidance in a religious context."
religion,Practice,"A person sitting cross-legged on a yellow cushion with eyes closed, palms pressed together in front of their chest in a prayer-like pose, suggesting a moment of contemplation or meditation. The person is dressed in a simple gray robe. The overall impression is one of peace and quiet reflection."
religion,Prayer,"The illustration depicts a stylized representation of a person engaged in a spiritual or religious activity. The character is shown wearing a grey robe with a geometric pattern and a grey skullcap. The person has a serene facial expression, with a simple smile and two dots for eyes. The individual's hands are pressed together in front of the chest in a gesture often associated with prayer or respect."
religion,Priest,"The illustration depicts a cartoon-like figure that represents a clergy member or religious figure, possibly a priest. The character is standing upright, facing forward. The figure has short hair, a smile, and is wearing a white robe with a red stole draped over the shoulders. The character's hands are placed together in front of them, and they are wearing black shoes. The background is plain and white, highlighting the figure."
religion,Priest,"The illustration depicts a simplified, cartoon-like figure of a person that appears to be a priest or clergy member. The character is dressed in black attire with a clerical collar, is standing upright with hands by the sides, and has a smiling face and short hair."
religion,Religion,"The illustration contains a brown cross on the left, a golden-colored gong with a mallet on top in the center, and a rosary with wooden beads and a cross at the end on the right. These symbols represent various aspects of religious and spiritual life."
religion,Temple,"A traditional Asian-style building, possibly a temple with a prominent blue-tiled roof, tan facade with white accents, two large windows with a grid pattern. There's a small golden fish-shaped ornament on the roof and a small set of steps leading to the front door. The building rests on a stone base. This suggests the image displays a simple representation of a historical Korean building typically associated with religious activities."
religion,Temple,"A cartoon-style representation of a structure interpreted as a traditional Korean house or temple. The building has a gently slooping blue roof with overhanging eaves, with a small, yellow fish-shaped wind chime hanging. The facade is tan with white accents and a central white lattice window. There are two grey steps leading up to the entrance. The image suggests a place associated with religious or spiritual activities."
religion,Tithe,"The illustration features an envelope with Korean text written vertically. The text on the envelope reads ""십일조"" in yellow on a brown background. Protruding from the top of the envelope are banknotes indicating money, with the visible denomination being ""100,"" and part of the text seems to be in Korean. The characters translate to ""tithe"" in English."
school,1000,"The numeral ""1000"" is centered on a plain background. The numbers are in a bold, sans-serif font, and are black against a white backdrop. It represents the number one thousand."
school,10000,"The numeral ""10000"" in a bold, black font on a white background. The font is sans-serif, with clean lines and evenly spaced and aligned horizontally."
school,11,The image shows two black digits representing the number 11. Each digit is in a bold sans-serif font with a plain white background.
school,15,"The image shows the number 15 in a bold sans-serif font. The number is large, black, and centered against a plain white background. The ""1"" is a straight vertical line, and the ""5"" features a curved top, transitioning into a round bottom half. The image does not contain any other graphics or text."
school,17,"The number 17, composed of the digits ""1"" and ""7"" displayed next to each other in a bold, black font against a white background. No additional decoration or imagery is used. It may be used as a visual aid in a school setting or for numeric identification purposes."
school,21,"A black and white representation of the number ""21"" in a bold serif font. The ""2"" is on the left and the ""1"" on the right, both digits are of equal size and emphasis. The number is the focal point with no additional contextual imagery."
school,23,"The numerals ""2"" and ""3"" are depicted in black against a white background, stylized in a plain, bold, and sans-serif font, representing the number twenty-three."
school,24,"The illustration shows the numerals ""2"" and ""4"" adjacent to each other, forming the number ""24."" The numbers are depicted in a bold, black font on a white background."
school,25,"The image features the number 25 in a bold, black, sans-serif font on a white background. It could represent an age, an anniversary, a quantity, or a numerical position."
school,27,"The numerals ""2"" and ""7"" written next to each other in a bold and black font on a white background, representing the number twenty-seven."
school,28,"The numeral ""28"" in a bold, black font on a white background. The numbers are in a clean, simple typeface that is easily readable, with no additional graphics or decorations."
school,29,"The image shows the numerals ""29"" in a bold sans-serif font, in solid black color against a white background. The ""2"" has a loop at the top and a straight line at the bottom. The ""9"" is an inverted version of the ""6"" with a circular loop on the bottom and a straight line on top."
school,31,"The image features the number ""31"" in a bold, sans-serif typeface on a plain white background. The numbers are black, and the font has clean lines, giving it a modern look. There are no additional graphics or text."
school,32,"A bold black-on-white depiction of the numerals ""3"" and ""2"" written side by side in a clean, sans-serif font. There are no additional decorations or images. The image conveys the number 32."
school,36,"The image displays the number ""36"" in a bold, black font on a white background. The digits are large and there are no additional graphics or decorations."
school,38,"The numerals ""3"" and ""8"" displayed side by side in a bold, black font on a white background. The numbers are fairly large and are displayed in a simple, clean typeface."
school,39,"The illustration shows the numeral ""39"" in a bold, sans-serif font. The numbers are in solid black on a white background."
school,41,"The number ""41"" is presented in bold, black font on a white background. The digits are in a sans-serif typeface and are arranged side by side with ""4"" on the left and ""1"" on the right. There are no additional graphics or decorations."
school,42,"The image displays the number ""42"" in bold black font on a white background. The numbers are presented in a clear, sans-serif typeface."
school,44,"The image shows the number '44' in a bold, black font on a white background. The digits are depicted in a sans-serif style with straight lines and no curves, and there is a slight space between them."
school,45,"The image displays the numerals ""4"" and ""5"" juxtaposed to form the number ""45."" The digits are depicted in a bold, black font on a white background."
school,46,"The number ""46"" in a bold, black font on a plain white background. The numbers are depicted in a simple, modern style with no additional graphics or decorations surrounding them."
school,47,"The numerals ""4"" and ""7"" are written in black against a white background. The numbers are depicted in a bold, sans-serif font, positioned side by side with no other graphics or text surrounding them."
school,48,"The numerals ""4"" and ""8"" are placed next to each other, in a bold, sans-serif typeface. They are colored black against a white background."
school,49,"The image shows the numbers ""4"" and ""9"" in bold, black font against a white background to form the number ""49"". The numerals are presented adjacent to each other without any additional graphics or embellishments."
school,51,"The image displays the numerals ""5"" and ""1"" in a bold sans-serif typeface, arranged side by side to form the number ""51"". The numbers are black against a white background."
school,52,"The illustration shows the number ""52"" in a bold, black font on a white background. The digits are in a plain, sans-serif typeface. The number is large, making it easy to read and recognize."
school,53,"The image shows the number ""53"" in a bold, sans-serif font. The numbers are black with a plain white background. It's a simple representation of the number fifty-three."
school,54,"The image shows the number 54 displayed in a large, bold sans-serif font. The numbers are black against a white background."
school,55,"The image shows the number ""55"" in a bold, sans-serif font. The numbers are black against a white background. It's a minimalistic representation of the number 55."
school,57,"The image displays the numbers ""5"" and ""7"" in a bold and black sans-serif typeface. The numbers are adjacent to each other and vertically aligned, creating the combined figure ""57"". The background of the image is plain white."
school,58,"The image displays the numbers ""5"" and ""8"" in bold, black font against a white background. The numbers are arranged side by side to form the numeral ""58""."
school,59,"The number ""59"" in bold black font on a plain white background. The digits are written in a clear, sans-serif typeface. There is no additional decoration or imagery within the frame."
school,61,"An image features a two-digit number ""61"" with a bold and simple typeface. The number six is on the left, with a closed loop on the top and a circular shape at the bottom. The number one is on the right, presented straightforward and vertical without any serifs or additional flourishes. The numbers are black against a white background."
school,62,"The numerals ""6"" and ""2"" in a bold, black font on a white background, forming the number ""62"". The numbers are depicted in a simple, sans-serif typeface."
school,63,"The numeral ""63"" in a bold, black font on a white background. The numbers appear as a single, contiguous object with the digits ""6"" and ""3"" joined side by side."
school,64,"The image shows the numerals ""64"" in a bold, black font on a white background. The numbers are presented in a clear, simple typeface making them easily readable, with no additional graphics or decorations surrounding them."
school,66,"The illustration shows the number ""66"" with both digits in black font on a white background. The digits are written in a bold, sans-serif typeface, identical in size and shape, arranged side by side, horizontally."
school,67,"The image shows the two-digit number ""67"" in a bold, sans-serif font. The numbers are in black against a white background. The ""6"" is on the left, styled with a round open loop at the top and a closed bottom loop. The ""7"" is on the right with a straight horizontal line at the top and an angled vertical line descending from it."
school,68,"A black and white illustration featuring the numerals ""6"" and ""8"" in a bold, sans-serif font. The ""6"" is open at the top right, and the ""8"" consists of two stacked circles, open where they meet. The background is white. The numbers are highly legible and easily recognizable as ""68."""
school,70,"A simple, bold, black number ""70"" centered on a white background. The font appears to be a clean sans-serif."
school,71,"The illustration displays the numerals ""71"" in a bold, black, sans-serif font on a white background. There are no additional graphics or embellishments."
school,72,"A large, bold, black numeral ""72"" centered on a plain white background. The font is sans-serif."
school,73,"The image shows the number ""73"" in a bold, sans-serif font. The characters are black and are set against a white background. The design is clean and straightforward."
school,74,"The numerals ""7"" and ""4"" in bold, black font on a white background, representing the number 74. The numerals are adjacent to each other and aligned on the same baseline."
school,75,"The image shows the number ""75"" in bold, black font on a white background. The numbers are depicted in a clean, sans-serif typeface."
school,77,"Two number sevens, ""77,"" depicted in a bold sans-serif font. The digits are black against a white background, evenly spaced and aligned at the base. Each number seven has a horizontal top stroke and descends diagonally to the left with a vertical straight leg that extends to the base line."
school,78,"The numeric characters ""7"" and ""8"" are depicted in a bold, sans-serif typeface. They are aligned vertically and presented in black on a white background. The ""7"" is on top and the ""8"" is directly below it, creating a visual representation of the number ""78."""
school,79,"The number ""79"" is presented in a bold sans-serif font. The digits are black against a white background. The number is aligned horizontally with both digits at the same size."
school,80,"The number 80 in a bold, sans-serif font, black on a white background. Both digits are upright and placed next to each other with no additional embellishments or imagery."
school,81,"A black and white number representation of ""81."" The ""8"" is depicted in a classic, rounded style, with the top and bottom circles vertically aligned. The ""1"" is represented with a straight vertical line and a minimalistic horizontal base at the bottom. Both numbers are bold and black against a white background, styled in a sans-serif font."
school,82,"The image shows the number ""82"" in a bold, sans-serif font. The numbers are black on a white background. The ""8"" is placed directly above the ""2"", with both digits centered in alignment with each other. The ""8"" is fully rounded, and the ""2"" has a straight base with a curved top."
school,83,"The image shows the number ""83"" in a bold, sans-serif font. The numbers are black on a white background. The ""8"" is placed directly above the ""3,"" vertically aligned."
school,85,The image displays the number 85 in a bold black font on a white background. The digits are aligned horizontally.
school,86,"The image contains the numbers ""8"" and ""6"" displayed next to each other on a plain background. The digits are in black, with a bold and simple font."
school,87,"A black-and-white design of the numbers ""8"" and ""7"" adjacent to each other in a bold, sans-serif typeface. The background is plain white."
school,89,"The numbers ""8"" and ""9"" in bold, black font against a plain white background. The numeral ""8"" is composed of two stacked circles vertically aligned, the numeral ""9"" looks like an inverted number ""6""."
school,90,"The image displays the number ""90"" in a bold, sans-serif font. The numbers are black against a white background."
school,91,"The number 91 in bold black font on a white background. The ""9"" is larger and on the left, while the ""1"" is smaller, on the right, and aligned with the top of the ""9"". No additional graphics, symbols or text."
school,92,"The image shows the number ""92"" in a bold, sans-serif font. The figures are black on a white background. The digits are aligned next to each other and are of equal height and thickness."
school,93,"The image features the number ""93"" in a bold, sans-serif font. The numbers are in black on a white background without any additional decorations or elements."
school,94,"The image shows the number ""94"" in a bold, black font on a white background. The ""9"" is on the left and the ""4"" is on the right. Both digits are upright and in a clean, sans-serif typeface. There are no additional graphics in the image."
school,95,"The numerals ""9"" and ""5"" in bold, black font against a white background. The numbers are adjacent and aligned on the same baseline, with no additional graphics or text. The style appears to be a sans-serif typeface."
school,96,"The image displays the numerals ""9"" and ""6"" in black against a white background. The numbers are bold and presented in a clear, sans-serif font, forming the number ""96."""
school,97,"A simple, black and white image featuring the numbers ""9"" and ""7"" adjacent to each other in a bold sans-serif font and black against a white background. The digits ""97"" are easily readable, symbolizing a numeric value or year."
school,98,"The illustration shows the number ""98"" in a bold, sans-serif typeface. The numerals are black against a white background. The ""9"" has a circular loop on top and an open, straight tail at the bottom, while the ""8"" consists of two stacked circles. The numbers are positioned closely next to each other."
school,99,"Two black numerals ""9"" next to each other, forming the number ""99."" The numerals are in a bold typeface with no additional background or decoration."
school,Addition,"A simple plus sign with a vertical and a horizontal line of equal length that intersect in the middle, having rounded edges, colored in a shade of grey against a plain white background. This symbol represents the concept of addition or increase."
school,Agriculture,"A stylized icon that represents ""Agriculture"" (""농업"" in Korean). It features a purple book with ""농업"" written at the top in a clear, bold font. Inside the page, there are two house-like structures on a purple background. Below the houses, there's a figure resembling a person with a crown, standing on a tan field suggesting farmland. To the right, there's an illustration of a rice or wheat stalk with multiple grains, indicating a harvest."
school,Angle,"A simple 2D Cartesian coordinate system with black axes on a white background. A dotted arching line starts from the origin and curves upwards to the right. A solid red triangle appears to be in mid-motion along the dotted trajectory, its sharp point facing toward the upper right direction. This image represents a basic physics concept, possibly projectile motion."
school,Answer,"A mathematical equation written in bold black font on a white background. The equation is ""1 + 1 = 2,"" representing basic arithmetic addition. Above the equals sign, there is a small red triangle pointing downwards. The symbol of the triangle possibly indicates a focus on the answer or may serve as a marker emphasizing the result of the equation."
school,Answer,"A simplified, cartoon-style drawing of a person from the waist up with a round head, two dots for eyes, and a straight line for a mouth, a short haircut, and wearing a teal long-sleeve shirt. To the right of the person’s head, there is a speech bubble with the Korean word ""대답,"" which translates to ""answer"" in English. The speech bubble implies that the person is either about to give an answer or has just given one."
school,Art,"An easel with a canvas on it, featuring abstract blobs of paint, in yellow and red colors. A paintbrush, dabbed in red paint, touches the canvas at its lower left corner. The easel is wooden. The image symbolizes art or painting, commonly associated with the subject of art in school."
school,Beaker,"The illustration depicts a beaker with measurement markings on the side indicating different volumes in milliliters: 50, 100, 150, 200, 250, and 300 ml. At the 300 ml mark, there is a rectangular box drawn to visually highlight that level on the beaker. The beaker has a lip at the top and the silhouette is typical for laboratory glassware with a slight curvature at the opening and a more cylindrical shape towards the base."
school,Binoculars,The illustration depicts a pair of binoculars colored in shades of gray. The main body is a lighter gray and the lenses and eyecups are a darker gray. The binoculars are presented in a tilted position.
school,Biology,"A simple, cartoon-style drawing of a red book with a cover featuring a rectangular white label centered on the front. Inside the label, there is Korean text ""생물,"" which translates to ""biology"", suggesting the book is a biology textbook. The book appears upright with the spine visible on the right side, implying depth. The book is against a plain white background."
school,Blackboard,"A simplified illustration of a chalkboard or whiteboard typically found in a classroom setting. The lower tray of the board contains two pieces of chalk—one red and one blue—and a blackboard eraser. The board is empty, indicating readiness for writing or drawing. The background is plain white, with the board outlined in black."
school,Blackboard,"The illustration depicts two framed images. On the left, a picture frame on an easel contains a simple drawing of a smiling person wearing a suit with a tie, depicted with a round head and stick figure-like arms. On the right, an oval frame on a stand showcases a landscape scene of green hills or mountains, a yellow field, and two white clouds in a light blue sky. Both frames and their stands are depicted in a cartoon-like style."
school,Book,"A simple line drawing of a closed book. The cover is facing forward and it has a rectangle with Korean characters ""도서"" which translates to ""book"". The spine of the book is visible on the right side, and the bottom edge is clearly defined. The drawing is monochromatic with the book depicted in shades of grey. The lines outlining the book are black."
school,Bookbag,"A simple, green backpack illustration with a prominent yellow star in the center. The backpack has a rounded top with a hanging loop and a visible front pocket that is closed with a zipper. It appears to represent a ""bookbag"" or ""backpack"" in a category related to school or education."
school,Calculator,"A simple line drawing illustration of a calculator which has a rectangular shape with a large display screen at the top. It features a grid of buttons below the screen including numerical keys from 0 to 9 and function buttons such as addition (+), subtraction (-), multiplication (*), division (/), a percentage (%) key, decimal point (.), and a button that likely represents the equals (=) sign. The drawing is monochrome and represents the concept of a calculator."
school,Campus,"A stylized graphic of a green hilly landscape with three peaks, curvy lines representing paths or roads winding around the hills. There are small houses or buildings with brown roofs and light-colored walls scattered at different levels on these paths. The icon might represent a community, neighborhood, or educational campus located in a hilly or mountainous area."
school,Centimeter,"The abbreviation ""cm"" in large black letters is at the top, indicating centimeters. Below the letters is a graphic of a ruler marked with lines for measurements. Above the midpoint of the ruler, there's a red downward-pointing triangle indicating a specific measurement."
school,Change,"The illustration shows a circle containing a three-way directional arrow symbol. A single upward-pointing arrow at the bottom, indicating a direction straight ahead. From the tip of this arrow, two dashed lines branch out towards the top left and top right corners of the circle, meeting with a downward-pointing arrow with the arrowheads angled slightly outwards. The overall layout of the arrows and lines symbolizes a path splitting into three separate directions."
school,Chemistry,"An orange book with a black outline, on the cover of the book there is a symbol that includes a microscope on the left and three test tubes on a test tube rack on the right. Above this symbol is Korean text that reads ""화학,"" which translates to ""Chemistry"" in English. The book symbolizes a textbook or educational material related to chemistry."
school,Circle,A simple black-outline drawing of a circle on a white background. The line constituting the circle is uniform in thickness.
school,City,"An illustration depicts a cityscape featuring three buildings of varying heights that resemble urban high-rise and mid-rise structures. The buildings have numerous windows and seem to rest on a flat horizontal surface, possibly representing the ground or a street. The image uses a color palette primarily consisting of grays, black, and yellow. The context suggests an educational or school-related setting."
school,Classification,"An image of two different sets of shapes separated by a dashed red line. On the left, there are three grey circles in a triangular configuration. On the right, there are three blue squares arranged in a similar pattern. Each square has a lighter blue inside and a darker border. The design symbolizes categorization or sorting with different shapes divided into distinct groups."
school,Classroom,"The illustration depicts a stylized representation of a gray door with a large blue window pane. Below the window, there is an orange section with the numbers ""2-3"" written in white, indicating a classroom number. On the right side, there is a rectangular, green sign with the same numbers in white."
school,Compass,"An illustration of a pair of compasses used for drawing circles or measuring distances, with yellow fittings at the pivot and marker points and hinges at the top, and predominantly metallic or silver color for the legs."
school,Composition,"A simple, stylized drawing of a book standing upright with the spine visible on the left side. The cover is a light brown or beige color, and gray lines along the right side indicate the book's thickness. On the front cover, a centered, white rectangular label with the Korean characters ""작문"" suggests that the book is related to writing exercises or composition lessons."
school,Cone,"The illustration depicts a geometric shape of a cone. It is composed of a flat circular base with a shaded bottom and a single curved side that tapers smoothly to a point at the top, forming the apex of the cone. The outline is black, highlighting the shape against a white background."
school,Connotations,"Two red horizontal arrows point towards a black dot placed centrally between them. The arrows are identical in size and color, with the points facing inwards towards the dot on a white background."
school,Constellation,"The image shows a series of lines and dots, arranged seemingly at random, reminiscent of a connect-the-dots activity or an abstract representation. It may be trying to depict a constellation pattern, but it does not resemble classical or commonly known constellations."
school,Correct,"A stylized, cartoon-like character of a young boy with a happy expression, simple brown hairdo with a tuft sticking up on the top of his head, rosy cheeks, and wearing a white t-shirt. To the left of the boy, there is a large red circle. The term ""맞아요"" which means ""that's right"" or ""correct"" in Korean is also present."
school,Cosine,"The text ""cose,"" written in lowercase, black, sans-serif font on a white background. The last letter, ""e,"" is represented by a stylized version that resembles the mathematical symbol for theta (θ)."
school,Countryside,"A digital illustration of a countryside scene with two stylized houses with white walls and pink roofs, a blue curved line representing a river between the houses, and three pointed green shapes in the background suggesting trees or a forest. The image uses geometric shapes and a cartoon-like style."
school,Countryside,"A rural farming scene with a smiling person to the right wearing a green apron and holding a bundle of golden-brown cereal crops, which could be wheat or rice. To the left, there is a classic scarecrow with a hat, standing in the field. Behind the scarecrow are two small houses with white walls and grey roofs in a rural village setting. The field itself, indicated by a beige background, represents farmland, and the entire scene is enclosed within a simple, bold outline."
school,Crayon,"A simple line drawing of a crayon with a pointed tip, presumably representing the coloring end, and a flattened bottom, which may indicate the crayon's base or paper wrapping end. The crayon has two bands around it that may signify the paper wrapping that typically covers a crayon. The image is set on a plain background."
school,Curry,"A bowl of curry in a white bowl with a handle on one side. The curry is yellow-orange, with visible cubes that could be tofu or potatoes, and a couple of red chunks that might be carrots or other vegetables."
school,Cutting,"A pair of black scissors with two large circular handles in an open position. The blades are angled away from each other to the sides, with the inner edges presenting a sharp cutting surface. A dashed line extends horizontally across the image, starting from the tip of one blade across to the tip of the other, indicating a cutting motion or path. The background of the image is white."
school,Debate,"A sequence of circles arranged in a straight horizontal line, which gradually increase in size. One circle is filled in solid red, with a small triangular shape extruding from its right side, resembling a speech balloon or chat icon. The pattern and the red speech balloon-like circle suggest a representation related to speech, communication, or an increasing effect within a context denoted as ""토성""."
school,Decalcomania,"A stylized representation of a person holding an open book. The person is depicted without any facial features, with a basic gray top, and a flesh-toned neck and hands. The book displays a heart design with orange, yellow, and red colors blending into a heart shape in the center of the open book. This image may symbolize a love for reading, learning, or the spreading of knowledge and emotional intelligence."
school,Design,"The word ""Design"" written in a playful and colorful font; each letter in a different color and pattern, such as polka dots or stripes. The colors include pink, yellow, red, blue, green, and orange. The capitalized letters are arranged in a staggered formation."
school,Diploma,"A certificate or diploma with a simple rectangular border and decorative elements at the corners. Inside the border is a beige background with Korean text. The text at the top reads ""졸업장,"" which translates to ""Diploma."" Below that, two lines of smaller text likely indicate the granting institution or specific details related to the diploma."
school,Dissecting,"A green frog lying on its back with a dashed line running down the center of its belly, commonly used to symbolize dissection. A dissecting tool, such as a scalpel, is also depicted along the dashed line on the frog's belly. The image represents the concept of ""dissection"" within an education or school setting. The Korean term ""해부하다"" which translates to ""dissect"" is also related to the image."
school,Distance,"Two cartoon-style figures in school uniforms standing apart from each other. The one on the left is wearing a green blazer and blue trousers, and the one on the right is in a grey blazer and grey trousers. There's a measured dotted line arc on the ground between them, suggesting they should maintain a certain space apart. The image seems to depict the concept of ""distance"" or ""spacing"" between individuals."
school,Divide,"A simple graphic with two red arrows pointing away from a central black dot. The arrows are horizontally aligned with the dot and are identical in shape, size, and color. The arrow on the left points to the left, while the arrow on the right points to the right. The background is white."
school,Division,"A simple representation of a division symbol, consisting of a horizontal line sandwiched between two dots, one above and one below the line. This symbol is typically used in mathematics to denote division, which corresponds to the word ""나누기"" in Korean."
school,Division,"An illustration of a circle split horizontally by a solid line. Above this solid line, there's a dotted line forming a semicircle, mirroring the top half of the circle's edge. The illustration is a monochrome line drawing with a light gray fill in the background of the circle. The image represents a generic symbol, possibly associated with the concept of ""space"" or ""division""."
school,Doodle,"A spiral notebook with a sketch of organic shapes or possibly abstract floral elements, with lines and curves on one of its pages. A pencil is shown in the act of drawing. The image captures a moment of creativity or note-taking related to the ""School"" category."
school,Drawing,"An illustration of an easel with a drawing on its canvas. The drawing is a simplistic representation of a landscape; it features a blue sky or space, above a green area with some touches of pink. The easel itself is made of a light brown material, likely wood."
school,Dropper,"A simple illustration of a dropper, typically used in a laboratory or educational setting. The dropper has an orange top with a gray bulb, a thin, clear tube, and a single blue drop of liquid falling from its tip. The background is white."
school,Earth,"A simplified circular image of Earth. A combination of blue representing oceans, and green and brown patches symbolizing continents. This flat style image is suitable as an icon or a visual symbol for educational purposes to represent the planet."
school,Education,"A cartoon image of a smiling young person with a tuft of hair pointing upwards on the right side of their head, holding a large red pencil in their right hand. The text to the top right of the figure - Korean characters ""교육"" - is associated with the concept of education or schooling. The overall image conveys a theme related to education, learning, or academic activities."
school,Ellipse,"A simple illustration of a gray oval shape with a black outline. The image is minimalistic and has no additional details, text, or symbols."
school,English,"A simple and bold representation of the Latin alphabet characters ""A,"" ""B,"" and ""C"" in black, arranged in a horizontal line on a white background. The letters are in uppercase format, which corresponds to the Korean term ""영어"" (English) in the ""School"" category."
school,Equal,"Two horizontal rectangles placed parallel to each other with a slight gap between them. Both rectangles are of equal length and width, with a thin black outline, against a plain white background. This could represent the Korean word ""같다"" (gatda), meaning ""same"" or ""equal""."
school,Eraser,"A simplified illustration of a three-dimensional rectangular object, interpreted as an eraser. The object is divided horizontally into two equal sections, with the lower section in white and the upper section shaded. A dotted, curved line runs along the dividing line on one side, indicating flexibility or movement at that juncture. It symbolizes the concept of ""bending"" or ""flexibility""."
school,Eraser,"A simple illustration of a white eraser with a blue paper sleeve on one end, lying on its side with a curled, swirly line representing the eraser shavings coming out from its end."
school,Eraser,"The illustration depicts a stylized representation of a rectangular eraser with a slight trapezoidal taper towards the top, suggesting usage. Below the eraser is a smudge typically associated with the residue left by an eraser. The eraser and smudge are depicted in gray tones."
school,Ethics,"A vertical, pink book with a cover displaying a label in Korean characters, ""윤리"", which translates to ""ethics"". The spine of the book is visible and the top edge of the pages suggests depth, giving a three-dimensional appearance to the book."
school,Exam,"An illustration showing a piece of paper filled with text lines, representing an exam or test sheet. Next to the paper is a pencil, pointing down as if ready for writing. Above the paper is an answer sheet with multiple-choice answer bubbles. The items are outlined in black, with the answer sheet in a beige tone and the pencil in grey and black tones. The visual suggests a test or exam environment."
school,Factorization,"A mathematical expression written in black font on a white background. The expression is:   (xy+1)|(x+1)(y+1)+xy  The text ""인수분해"" is also mentioned, which is the Korean term for ""factorization"" or ""factoring."" The image may be related to an exercise or concept in factorization within a school or educational context."
school,Factory,"The illustration shows a factory with three buildings and three chimneys. Each chimney is emitting a plume of smoke, with smoke from one chimney being larger. The buildings are stylized, blue, with multiple windows lined up in rows. The sky and a small white cloud are in the background."
school,Fire,"A simple, line-drawn icon representing a flame with three lobes: two larger ones on top and a smaller one at the bottom, suggesting a fire. Below the flame, there are two diagonal lines with a vertical line in the center, symbolizing logs of wood at the base of the flame, indicating a fire or bonfire icon. The image is outlined with no fill."
school,Focus,"An open book with a dashed circle drawn on the right page. A solid arrow points inwards, indicating movement toward the center of the page. The image suggests a concept of focusing or selecting a specific part of the page. It relates to a concept of ""쪽"" in the context of a school category."
school,Fourteen,"The illustration shows the number ""14"" in a black, solid, bold typeface against a plain white background. The font has straight edges and is sans-serif."
school,Fractions,"An image displays three common fractions, ""1/2"", ""3/4"", and ""2/9"", aligned vertically with one below the other. Below the fractions is a colon followed by a vertical ellipsis, suggesting the continuation of a list. The numbers and symbols are in black against a white background. The illustration represents fractions, which are mathematical expressions that describe division or parts of a whole."
school,Function,"The image features a mathematical function notation in black on a white background. It consists of the equation ""y = f(x)"", which represents an abstract function 'f' that takes 'x' as an input and outputs 'y'."
school,Gas,"A stylized representation of gas with smooth, flowing lines in gray tones, resembling wisps of gas or vapor rising. There is text above the graphic; the top word, ""기체,"" is written in Korean, and the corresponding English word, ""GAS,"" is written below it. The overall color scheme is monochromatic, with shades of gray on a white background."
school,Geography,"A stylized red outline of the state of Oklahoma with a simplified cartoon character's face positioned near the southeast corner. The cartoon character has a smiling expression, a beard, and is wearing a blue headband with a feather attached to the left side. It appears to represent an Indigenous person. The background is a plain white with the state boundary in a neutral gray color."
school,Goryeo,"A stylized representation of the Korean Peninsula in red color with a simplified caricature of a human face in the southeastern part, wearing a traditional Korean headgear called 'gat'. The illustration conveys a mix of geographical and cultural elements, possibly symbolizing the historical and educational significance of the Goryeo period or the Goryeo dynasty in Korean history."
school,Grabbing,"A simplistic line drawing of an open hand facing forward. Fingers and thumb are extended and slightly spread out. The palm is visible and there is a dashed line suggesting the motion of hand closing or the action of gripping. The hand gesture might represent ""grabbing"" or ""holding"" which aligns with Korean word ""잡다"" (jab-da) meaning ""to grab"" or ""to hold""."
school,Gram,"A grayscale school wheel, resembling a beaker on a stand. A circular gauge at the center, with a needle pointing towards the red zone on the right side. Above the apparatus is the lowercase letter ""g"" in a black, serif font. The elements appear against a plain white background."
school,Group,"Three cartoon-style boys standing side by side, smiling, and wearing simple clothing: plain white t-shirts and colored shorts—each in different colors, blue, brown, and green shorts respectively. They have different hairstyles, with the first boy having short, tidy hair, the second with spiky hair, and the third with slightly longer, wavy hair. The background is plain white, and the characters are enclosed within a dashed-line red border."
school,Gymnasium,"A simplified representation of a blue gymnasium building with a darker blue roof, white doors and three square windows. In front of the building, there is a black and white soccer ball on the left and a pair of orange dumbbells on the right."
school,Hand,"A flat, stylized illustration of a human right hand, palm facing forward. It includes a clear depiction of all five fingers with a simple representation of a fingernail. The hand is colored in skin tones with a contrasting color for the outline and nails. The background is a solid, neutral color."
school,Harmonica,"An illustration of a harmonica in a three-dimensional isometric view, inclining slightly towards the viewer. The harmonica has a series of holes along its length, allowing for different notes to be played. The color scheme is monochromatic, with varying shades of grey to give depth, indicating a metallic structure with a reflective surface."
school,Height,"A simple, three-dimensional rectangular box is shown at an angle with three faces visible, giving it a sense of depth. On the left side of the box, a dotted line curves around the corner, possibly indicating a dimension or motion. This might suggest the concept of ""height"" related to the Korean word ""높이"" (nopi), meaning ""height"" in English."
school,Hexagon,"An outlined hexagon with six straight edges of equal length that connect to form six angles. The hexagon is outlined with a thin black line and filled with a solid light grey color. No additional details, patterns, or text within or around the hexagon."
school,Homework,"A stylized cartoon character with a concerned or puzzled face. Above the character's head is a speech bubble containing the image of an open book next to a pencil. The book appears to be blank, with no visible text. The pencil is placed diagonally across the right page of the book. The image suggests the concept of homework or study, related to the Korean word ""숙제""."
school,Igniting,"A simple drawing of a burning match. The matchstick is brown with a red and yellow flame at the tip. Next to the matchstick is a gray tube-like structure that represents a tube of glue standing upright, with the glue cap on top. The image is on a plain white background. The image represents the phrase ""lighting a candle"" or ""starting a fire."""
school,Insufficient,"Five yellow round smiling face icons, two of these icons are solid and fully colored in, while the other three are outlined with a dashed line and not filled in, suggesting incompleteness. This image can symbolize ""insufficient"" or ""incomplete,"" correlating with the Korean phrase ""부족해요"" which means ""insufficient"" in English."
school,Iron,"The illustration features Korean text ""철"" with its English translation ""IRON"" below it, a simple line drawing of a vintage-looking iron with a cord and plug, and a simplified, side-view drawing of a car with clearly defined wheels, doors, and windows. The image represents the concept of ""iron"" in a teaching or learning context."
school,Jumping,"A simple stick figure of a person with a smile on their face, arms extended to the sides, and legs together, positioned above an upward-pointing arrow. The figure appears to be in mid-jump above the arrow, which symbolizes the action of jumping or ""점프하다."""
school,Kilogram,"An illustration of a stylized representation of a weighing scale. Above the scale, the letters ""kg"" are prominently displayed, indicating kilogram. The scale is a simplified drawing of a classic, round-top balance scale with a gray base and a dial in the center. The dial has an orange indicator needle pointing to a position suggesting it is at rest or zero. The image is a symbol for weight measurement related to the school category."
school,Kilometer,"The letters ""km"" in bold black font, symbolizing the unit for kilometer, are featured in the illustration. Below the letters, a red inverted triangle points downwards, highlighting a measure on a curved ruler with black measurement markings. This visual signifies the concept of distance measurement."
school,Kindergarten,"The illustration depicts a person standing partially submerged in water up to the waist, smiling, wearing a sleeveless top and pants, and holding a large circular symbol with Korean characters on it. There are two simple house structures in the background, resting above the waterline. The image style is a simplified, cartoon-like drawing with bold outlines and flat colors."
school,Latitude,"A two-dimensional circle with horizontal red lines across its width, outlined in black. There are four black labeled angles around the circle: two labeled with ""90°"" at the top and bottom, and two with ""0°"" at the left and right sides. It appears to be a diagram possibly for educational purposes."
school,Lectern,"A simple classroom setting with a teacher's podium at the center. A bold red arrow is pointed downwards at the podium. There is a wide, dark teal colored chalkboard stretching across the width of the background. To the right of the podium, on the board's surface, is a small pile of books, colored in shades of blue and purple."
school,Lecture,"An illustration depicts a person in business attire standing behind an orange podium, delivering a speech or presentation. Three silhouettes of heads, signifying an audience, are facing the speaker. The background is white."
school,Lecture,"The illustration depicts a person standing behind a podium, shown from the waist up, smiling, and appears to be giving a presentation or lecture. The person is dressed in a business attire featuring a light-colored shirt with a darker jacket. The podium is a simple, unadorned design with a flat top and a solid front panel, rendered in a shade of orange or light brown."
school,Length,"A simple geometric illustration consisting of a dotted arc line creating a semicircle at the top, a solid horizontal line below it, and a large, solid grey rectangle with straight edges and rounded corners underneath. The overall structure may symbolize a visual representation of the Korean word '길이' ('length' or 'distance' in English)."
school,Library,"An illustration features a person sitting at a desk reading a book, with a small stack of books on the desk and a bookshelf filled with books on the left. A clock is above the whole scene. The entire image is encased within a border that suggests it's a room, possibly a library or reading room. The image is labeled with a Korean word ""도서실"" which refers to a library or reading room within a school context."
school,Lips,"An illustration shows a pair of stylized, slightly parted, red lips with black outlines."
school,Liquid,"The image shows a simple illustration of a liquid spill with an irregular-shaped puddle on a white background. Above the puddle, there are two words—one in Hangul, ""액체,"" and one in English, ""LIQUID."" The illustration is meant to represent the concept of a liquid."
school,Literature,"An orange-cover book with a white rectangular label where the Korean characters ""문학"" (literature) are written in black text. The book is shown in a simplified, stylized manner, with the spine visible on the left side and the pages depicted in white on the bottom edge. It appears to be closed. The overall style of the image is two-dimensional and cartoonish."
school,Longitude,"A graphic representation of a sphere with meridian lines. The sphere is encircled by a bold black outline, and it contains numerous vertical red lines which represent the meridians. Labels indicating 0° and 90° are placed at four points where the meridian lines intersect with an equatorial line."
school,Magnet,"A simple illustration of a horseshoe magnet in a classic U-shape with two different colors. The left side of the magnet is red with the letter ""N"" for north, and the right side is blue with the letter ""S"" for south. The background is plain white."
school,Map,"A simplistic outline of a world map drawn on a grid background with beige squares. The map illustrates the continents in a minimal, line-drawn style without any country borders, names, or other geographical features. The continents are positioned roughly where they would be in relation to each other on a traditional flat world map projection."
school,Markers,"An illustration of three upright cylindrical objects resembling markers or colored pens, aligned diagonally on a white background. Each cylinder is filled with a different color: white, blue, and pink from left to right. They are representative of school supplies or drawing tools, associated with the Korean word ""분필,"" meaning ""chalk."""
school,Mathematics,"An illustration features a pair of yellow compasses with its legs angled apart, one leg appears to have a pencil or drawing implement attached. Below the compasses, is a ruler displayed horizontally showing increments. Above the ruler are numerals ""1 2 3"" in black, placed centrally in a large font. These elements represent the subject of mathematics in school-related context. The background is white."
school,Measurement,"The illustration shows a straight line with a two-headed arrow beneath it, indicating measurement or the concept of length, and a ruler marked with numbers from 1 to 9, signifying units of measurement. Each number is evenly spaced, suggesting a standard scale. The image represents the concept of measurement."
school,Meter,"A stylized letter ""m"" in black at the top, representing the unit of measure ""meter."" Below the ""m"" is a graphic that resembles a ruler, depicted in black and white, with graduations and numbers indicating measurement increments. Centered above the ruler is a red downward-pointing triangle that aligns with the middle of the ruler, indicating a specific measurement. A dashed arch line connects the peak of the triangle with the ruler."
school,Microscope,"A simple microscope is illustrated, equipped with a viewing tube, an objective lens near the specimen stage, focusing knobs, and a base for stability. It has a color palette of various shades of gray, black, and white."
school,Millimeter,"The letters ""mm"" in a large, bold, black font centered at the top, below them is a graphic representation of a ruler marked with millimeter increments. A red inverted triangle points at one of the millimeter marks on the ruler, possibly indicating a specific measurement. The background is plain white."
school,Moon,"A stylized depiction of the word ""GOD"" where the ""O"" is replaced with a graphical symbol of a crescent moon. Each letter, including the crescent moon, is outlined with thin black lines and the interior of each shape is white. The crescent moon could be associated with night or divinity."
school,Multiplication,"A simple, black outlined multiplication (times) symbol, consisting of two crossed lines forming an ""X"" shape. It's frequently associated with mathematical operations, specifically multiplication."
school,Music,"A black and white icon representing a pair of musical notes connected with a beam. On the left, there is a single eighth note with its stem pointing downwards. On the right, connected by a beam at the top, there is a beamed group of three smaller notes on a staff, with the staff lines running horizontally through the note heads. These smaller notes resemble sixteenth notes."
school,Nemo,The image contains a plain gray square inside a border that resembles a picture frame or a placeholder.
school,Notebook,"A line-drawing illustration of a vertically oriented spiral notebook, with visible spiral binding on the left side and horizontal lines across each page, indicating ruled lines for writing."
school,Numbers,"A simple grid with two rows and three columns, where each cell contains a single digit. The top row has the digits 1, 2, and 3 from left to right, and the bottom row has the digits 4, 5, and 6 from left to right. Each number is black, and set against a white background. This image symbolizes the concept of basic numbers or counting as part of a ""School"" category learning aid. ""수자"" translates to ""numbers"" in Korean."
school,Octagon,"A simple illustration of an octagon with eight straight sides of equal length and eight angles. The octagon is outlined by a bold black line, and the interior is colored light grey, against a plain white background."
school,One,"The image shows a single, bold number ""1"" centered in the frame in a flat, grey color against a white background. There are no other elements or decorations."
school,Palette,"The illustration shows a simple line drawing of a leaf resting on top of an artist's palette, outlined with circles representing the holes where paint would typically be placed. The image is monochrome, resembling a coloring book style. This symbol could be associated with art or creative activities within the ""School"" category."
school,Parabola,"Two green hills or mountains are side by side, with two white fluffy clouds in the sky. A dotted line starts from the top of the first hill, follows a trajectory over the summit, and descends to the base of the second hill, indicating a path from one hill to the other. The hills are without any additional details or texture, and the background is white."
school,Parallelogram,"A simple geometric shape that appears to be a parallelogram with a thin black outline and a solid grey fill. This shape is a four-sided figure with opposite sides that are parallel and equal in length, slanted to the side so the angles between the sides are not right angles."
school,Parentheses,"An image displays a pair of curved black lines, open in the center, resembling parentheses facing each other. The symbol represents an aspect of punctuation or mathematical symbols."
school,Pencils,"The image features two yellow pencils with sharpened points facing upwards. They are arranged in a V-shape, displaying the wooden casing and black lead at the tips, indicating they are standard graphite pencils."
school,Pentagon,"A simple geometric shape which appears to be a pentagon. The pentagon has five sides and is outlined by a thin, dark line, while the inside of the shape is filled with a light grey color. The shape is symmetrical with a flat top edge, angled sides descending toward a flat bottom edge. It is a two-dimensional figure on a plain white background."
school,Physics,"The illustration depicts a yellow book with a gray edge. On the cover of the book is the Korean word ""물리,"" which translates to ""physics"" in English. Below the text is a simple line drawing of a scale balancing two cubes, suggesting a concept related to physics such as mass, weight, or balance."
school,Plastic,"Three line art symbols represent items commonly made of plastic, associated with a school theme. There is Korean text ""플라스틱"" and its English translation ""PLASTIC"". The first image is a waste basket with a series of dots decorating its exterior, in the middle, there is a dustpan, and to the right, there is an image of a closed plastic pencil box."
school,Playtime,"An illustration of a simple analog wall clock with its hands pointing at 10 and 2, and a cute, smiling plush teddy bear sitting upright. The clock has a blue rim, a white face, black indicators, and a red second hand. The teddy bear is brown with lighter patches on its snout, tummy, and the insides of its ears. The combination suggests a concept of ""playtime"" or ""recess""."
school,Podium,"Three stylized figures standing on a three-tiered podium. The figure on the top tier is the tallest with long hair, labeled with number 1. The second figure, with short hair and smaller stature, stands on the middle tier, labeled with the number 2. The third figure, the smallest in height and also with short hair, stands on the lowest tier, labeled with number 3. All characters are wearing simple clothes, have neutral expressions, and the colors used are black, white, grey, and red for the bottom tier."
school,Pointer,"A stylized red cursor arrow points towards the top right corner of a three-dimensional rectangular box visible from the right and front face, with the top face appearing to be open. Around the area where the cursor points, a dotted circle segment, indicating a focus or interaction point on the box corner. Represents an action such as selecting or highlighting a specific area of an object."
school,Politics,"The illustration features a beige-colored book standing upright with its spine visible on the right side. The book's cover has a white label centered on it, which contains the Korean text ""정치,"" meaning ""politics."" The cover and spine are detailed with a few lines suggesting the cover's texture and the pages within."
school,Poster,"A poster with a yellow background and the word ""POSTER"" at the top in bold, capital letters. There is an illustration of a green sprout with two leaves growing from a brown seed in the center. Below the seed, two human hands are shown cupping the seedling. Behind the sprout, there is a stylized representation of the Earth."
school,Presenting,"A stylized character, appearing as a student, sits at a brown desk, raising their right hand. This character is dressed in a green jacket with a badge, white collared shirt, and blue necktie. The student, with short black hair, smiles and faces forward. Legs are visible in a seated position, clothed in blue pants and black shoes, against a plain white background."
school,Principal,"The illustration shows a friendly-looking elderly character with grey hair. The character is wearing an orange shirt with a collar. On the chest area, there is a name tag with Korean text. The overall image conveys the idea of a person, likely a teacher or school administrator, who fits the respectful Korean title ""교장선생님"" which translates to ""principal"" or ""headmaster"" in English."
school,Problem-Solving,"A stylized hand holding a pen and marking a checkbox on a paper that appears to be a test or questionnaire. This paper features a diagram of a half-shaded circle to the left, and a list of numbered checkboxes to the right. The second checkbox is marked. The graphic uses mainly black, red for the check mark, and shades of green for the sleeve. This image conveys the concept of answering a question on a test or form, symbolizing ""solving a problem"" or ""answering a question""."
school,Protractor,"Image of a semi-circular protractor with degree markings ranging from 0 to 180 degrees. The markings are in increments of 10 degrees, with smaller lines for single degrees. The center of the baseline has a small hole."
school,Pushpins,"An illustration showing two drawing pins or thumbtacks. One pin is oriented with the point facing upward and the head resting on the surface, displaying the underside of the head which appears ridged or grooved. The other pin is pointing downward, with a conical elevation on the top of the head, suggesting three-dimensionality."
school,Pyramid,"The illustration depicts a three-dimensional pyramid with a grid pattern on its visible faces. The pyramid is shown in perspective, with the base appearing wider and the top receding. Each face of the pyramid is divided into smaller squares, indicating the individual blocks that make up the pyramid's structure. The outline and grid lines are black on a white background."
school,Recorder,"A simple illustration of a musical instrument, specifically a flute, in an oblique profile view. The flute is elongated with a series of circular holes and is light brown color with darker brown accents defining the holes and the mouthpiece area."
school,Recorder,"The illustration depicts a light blue recorder with darker blue caps at both ends. The instrument has seven finger holes on the top side, and a tapering mouthpiece. The recorder's body is cylindrical and elongated."
school,Rectangle,"A rectangle with a simple outline, its longer sides horizontal and the shorter sides vertical. This image represents the Korean word ""직사각형"" (jiksa-gakhyeong), which means ""rectangle"" in English. It is associated with basic geometric shapes."
school,Rolled-Up,"The illustration depicts a cylindrical object that appears to be a spool of thread or string. The spool has a central hole and is wrapped with several layers of material, giving it a ribbed texture. The top and bottom of the spool are flat. The object is depicted in grayscale, with a white body, grey shading for depth, and a black outline for definition."
school,Rubber,"A simplified depiction of latex being collected from a rubber tree. A section of a vertical brown tree trunk in the center with a light tan tapping panel. White latex is shown dripping into a half-filled white bowl at the base of the trunk. The word ""고무"" is written on the trunk, with the English translation ""RUBBER"" below it."
school,Salad,"An illustration of a bowl of salad with several red tomatoes and green lettuce leaves. The salad is fresh, with ripe tomatoes and vibrant lettuce. The bowl is light-colored."
school,Science,"A stylized illustration of the Earth is depicted, with the planet represented as a circle with a blue background for the oceans, and green shapes for the continents. This image could be associated with geography, global studies, or environmental education, within an academic or educational context."
school,Scythe,"A traditional scythe with a curved steel blade and a wooden handle is presented on a white background. The scythe is rendered in a simple, cartoon-like style with a slight shadow for a three-dimensional appearance."
school,Seesaw,"The illustration depicts a simple seesaw with a long, straight plank balanced in the middle on a triangle-shaped fulcrum. At one end of the plank, there is a circle, likely representing a ball or a person's head, suggesting that side of the seesaw is currently touching the ground. The image is a line drawing with no color, set against a plain background."
school,Self-study,"Two simple, cartoon-style figures sitting side by side. Both characters appear to be smiling and are holding a pencil in their hands, which are resting on a surface that is presumably a table or desk. The character on the left is wearing a grey shirt, while the one on the right is wearing a green shirt. The image has no background detail."
school,Seven,"The illustration shows the number 7. It is depicted in a bold and solid black font on a white background. The number has a straight horizontal line at the top and descends diagonally down to the left, with a slight bend at the beginning of the downward stroke."
school,Several,"Five dotted circles arranged in no specific pattern on a plain background. Each dotted circle contains a question mark in the center. The circles and question marks appear to be in black color. This image symbolizes a set of unknown quantities or items, which corresponds to the Korean word ""몇개."""
school,Shapes,"A black and white illustration featuring three basic geometric shapes along with Korean text. At the top, a circle with the caption ""동그라미"" beneath it. In the middle, a square with the caption ""네모"" below it. At the bottom, a triangle with the Korean word ""세모"" under it. Each shape is paired with its Korean name."
school,Signature,"A stylized representation of a signature with a pen at the end of the signing motion. The pen is detailed, displaying buttons on the side and a tip that is extended. The fluid, cursive lines suggest a personal handwriting script. The style indicates that it could be related to signature practice or a signature for a document."
school,Sine,"The word ""sine"" written in lowercase black letters on a white background. The font is simple and sans-serif, with clean lines."
school,Sleepy,"A cartoon boy with his eyes closed, a relaxed, sleepy facial expression, and his head slightly tilted to one side. Three ""Z""s float above his head to represent sleeping. He appears to be sitting with his arms crossed in front of him, possibly at a desk. The image conveys the concept of sleepiness or drowsiness."
school,Solfege,"A set of music staff lines with a treble clef on the left side, and four musical notes placed on it. Below the musical staff, there is Hangul text. All the elements are in black on a white background."
school,Solid,"Two geometric shapes that appear to be three-dimensional solids. On the left is a shape that resembles a cube with rounded edges and corners, on the right is a regular cube with sharp edges and corners. Above the shapes is Korean text ""고체"" and below it the English word ""SOLID"". This image represents the concept of solids."
school,Sound,"A yellow speaker icon with sound waves emanating from it, indicating the sound waves spreading outward. The icon represents sound, volume, or audio, fitting the description of ""소리"" which translates to ""sound"" in Korean. This icon might typically be used to represent audio settings, a loudspeaker, or an alert/notification sound."
school,Spark,"A simple black line drawing of a lightning bolt on a white background. This symbol is often used to represent energy, electricity or something that is fast or high-energy."
school,Specimen,"A square frame with an orange-brown border enclosing a cream-colored background. Inside the frame are nine stylized icons of beetles arranged in a grid of three rows and three columns. The beetles are depicted in a simple black silhouette, facing upwards, with each beetle having prominent pincers or mandibles. All the beetles look very similar, suggesting a theme of uniformity."
school,Stars,"Five yellow stars with a darker yellow to orange border, of varying sizes. One of the smaller stars appears to be bouncing or jumping, as indicated by the two small lines drawn at its bottom left side. The stars are suggestive of a rating system, representing quality, achievement, or performance."
school,Statistics,"A text-based illustration consisting of three percentage values listed vertically: 10%, 25%, and 65%. Each percentage is in a bold, sans-serif font on a plain, white background. The image is possibly associated with statistical data."
school,Stool,"A simple line drawing of an upside down wooden stool with four legs and a woven seat, on a clear white background. The color scheme is shades of brown."
school,Subjects,Four Korean words written in Hangul are arranged in a grid pattern with two words on the top row and two on the bottom row. The words represent different school subjects or categories. Each word is in black font on a white background.
school,Surface,A three-dimensional cube with a dotted circle on one of its visible faces and a red cursor pointing at the dotted circle. The background is white.
school,Tag,"The image displays a simple, horizontal rectangular shape with a thick black border and a solid red fill. There is no text or symbol inside the rectangle. It is mentioned as a visual aid for ""빼기"" in the ""School"" category."
school,Tangent,"The word ""tangent"" is stylized in a modern, sans-serif font in black color on a white background. The ""g"" in the word is represented by a symbol that looks like a circle with a line cutting through it, which is a stylized representation of the mathematical tangent function symbol."
school,Teacher,"A male figure, representing a teacher, is standing in front of a classroom blackboard. The teacher is wearing glasses, a tie, and a suit. He is smiling and waving. On the blackboard behind him, there are two pieces of chalk and a chalkboard eraser on the tray."
school,Tennis,"A simple line drawing of a tennis racquet with a detailed mesh pattern within the oval head, indicating the strings, and a slender handle. A small tennis ball is shown with a curved line to suggest its round shape and texture. The image represents equipment used in the sport of tennis."
school,Textbook,"A vertically oriented book with a slightly visible thickness, suggesting multiple pages. The cover is divided into two colored sections: the top section is yellow, and the bottom is orange. On the yellow section, Korean text ""교과서"", which translates to ""textbook"", is written in black. The image has a plain white background."
school,The-More,"An illustration depicting two geometric shapes, a tall cylinder on the left and a shorter rectangular prism on the right, with an arrow pointing from the cylinder to the rectangular prism, suggesting a transformation or comparison process."
school,Thermometer,"An illustration of a wall-mounted thermometer with a beige rectangular backing. The thermometer tube is centrally placed on the backing and marked with a scale on the left, suggesting temperatures. The liquid inside the thermometer is red, with the bulb at the bottom also being red, indicating the current temperature level."
school,Timer,"A stylized illustration of an hourglass with a classic design. The structure holding the bulbs has four posts at the corners, and thin lines representing the flow of sand. The background is plain. Colors used are primarily shades of yellow for the sand, brown for the end caps and borders of the stands, red for the flowing sand lines, and a touch of black for accents. A symbolic pendulum is depicted on the right side of the hourglass."
school,Timetable,"An illustration features a round analog clock with its hour hand pointing at 10 and the minute hand at 12, a piece of paper with a grid that resembles a timetable, and a sharpened pencil placed diagonally across the paper. The clock overlaps slightly with the paper, indicating the concept of time management or scheduling, which corresponds to the Korean word ""시간표"" (timetable or schedule)."
school,Tone,"The lowercase letter ""t"" at the top, followed by a simplified drawing of a Bunsen burner. The Bunsen burner is depicted as a gray stand with a circular base and a flat top, and the front of the base features a dial with a red pointer."
school,Tongs,"A pair of wooden tongs, used to handle hot objects. The tongs have two elongated arms, joined near the pivot point, and a curved gripping end. They are typically used in laboratory or classroom settings."
school,Topography,"A stylized graphical representation of a topographic map in bright, flat colors illustrating different elevation levels with contours. The highest elevation levels are depicted in green, the mid-elevations in yellow, and the lowest elevation or possibly a water feature is shown in gray. There is also a small isolated yellow dot below the main figure."
school,Toxic,"An illustration of a simple outline of a beaker, within which is the symbol for toxic materials: a skull above two crossed bones. The beaker's outline and the toxic symbol are both in black against a white background."
school,Transparency,"A human hand is holding a transparent cup, which is tilted, as if about to pour out its contents. The hand is positioned at an angle with the thumb visible and the fingers securely grasping the cup. The transparency of the cup is indicated by a slight change in the background color and two white highlights."
school,Triangle,"A simple, flat, 2D illustration of an equilateral triangle filled with solid grey color and outlined by a thin black stroke on a plain white background."
school,Triangle,"An illustration contains three triangles of varying sizes and orientations against a white background. They have black outlines with a flat gray fill and are arranged in close proximity to each other. There are no additional details or context provided within the image. The word ""삼각형"" translates to ""triangle"" from Korean."
school,Trophy,"An illustration of a trophy, symbolizing achievement or an award. The trophy has an octagonal glass or crystal top with a starburst or sunburst symbol at the top. Below that are several lines suggesting a space for text or engraving. The central part of the trophy features a red seal or stamp with Asian characters. The base of the trophy is a golden-brown pedestal with a rectangular section in the front. The icon is often associated with school or academic success."
school,Two,"The image features the number ""2"" at the top in bold, dark gray color. Below the number, there are two large, gray circles side by side, symbolizing the concept of ""two"" or ""pair,"" which correlates with the Korean word ""둘"" (dul), meaning ""two."""
school,Two-thirds,"The image depicts a mathematical fraction with the numerator ""2"" and the denominator ""3"". The numbers are in a bold black font on a white background, suggesting the fraction two-thirds (2/3). They are aligned in the center of the image."
school,University,"The illustration features a smiling female character with long hair and a red top. In the background, there's a simplified representation of a school building with multiple windows and a clock on top. The main colors used in the illustration are gray, black, red, and touches of orange."
school,Verb,The image displays a phrase written in Korean Hangul characters on a neutral background. The text is centered and appears to be the main focus of the image.
school,Vocabulary,"A phrase written in Korean characters in red color on a white background, which translates to ""I took a test"" in English."
school,Volume,"A three-dimensional rectangular prism or a box with a light gray fill and black outline, set against a white background. The prism is surrounded by a dashed line border. The Korean characters ""부피"" (pronounced ""bupi"") appear, representing ""volume."""
school,Watering,"A simple line drawing of a watering can tilted and pouring water. The water is shown as individual droplets coming out of the spout of the can. Below the stream of water droplets, there is a dashed circular outline, possibly indicating the intended area for watering. No actual plant is depicted within the dashed outline. The image conveys the action of watering."
school,Weather,"The illustration features three separate weather symbols. On the left, a cloud with rain falling, in the center, a sun symbolizing a sunny day, and on the right, a representation of partly cloudy weather with the sun partly obscured by a cloud. The term ""날씨"" translates to ""weather"" from Korean."
school,Weight,"The illustration shows a simple cylindrical object, resembling a weight or a roller, suspended by a hook at its top and with another hook attached to its bottom. The cylinder is shaded in gray and the hooks are outlined in black. It appears to represent the concept of ""weight"" or ""hanging"", suitable for a physics context or a classroom demonstration model."
school,Why?,"A simple cartoon representation of a person with short hair, wearing a teal shirt, shrugging with a questioning expression. To the right of the figure is a large yellow question mark, and above the person's head, to the left, are Korean characters ""왜요,"" meaning ""why"". The background is plain white. The image symbolizes the concept of asking ""why""."
school,Write,"A stylized representation of a hand holding a pen or pencil, writing on an open sheet of paper. The paper contains horizontal lines with writing-like marks, indicating text. The image primarily represents a writing activity commonly associated with schoolwork or note-taking in an educational setting."
school,Zero,"A simple black numeral ""0"" on a white background, representing the number zero. There are no other graphics or text within the image."
service,Airbag,"The illustration shows an airbag deploying from a steering wheel in a vehicle during a collision. There is a red starburst shape symbolizing the impact. To the right of the steering wheel, there is a car seat. The airbag is depicted in mid-expansion with white, fluffy shapes representing its deployment. The colors used are grey for the steering wheel and seat, red for the impact symbol, and white for the airbag."
service,Application,"The illustration depicts a brown box with the word ""APP"" written on its front. Inside the box, there are various items: two pencils (one light blue and one dark blue), a brown saltshaker or pepper grinder, a clock face indicating 10:09 with a light blue rim, and a bright yellow star overlaid by a slightly smaller white star. The items represent different applications or app functions. The design suggests a collection of tools or features commonly found within mobile or desktop applications."
service,Brake,"An illustration of a car brake pedal and a brake light. The brake pedal is shown from a side view with a human foot wearing a shoe with laces pressing down on it. There's a rectangle filled with rows of dots to signify the light bulbs, depicting a brake light to the right of the pedal. A thin line connects the two elements above, while the word ""STOP"" is displayed in capital letters below the pedal and the foot."
service,Car,"A stylized car in profile side view with dark outlines, light grey body, two visible black wheels with silver hubcaps, headlights and taillights indicated by yellow and red rectangles, and white shapes for windows. The car is shown with a flat design with no shading or 3D effects."
service,Car,"A simplified, stylized depiction of a vintage side-facing car. It uses grayscale for the body with minimal detailing in black to outline the wheels, doors, and windows. The car has two large black circles with smaller white circles inside for wheels, and small rectangular shapes colored red on the rear and yellow on the front to represent the vehicle's tail lights and headlights, respectively. The overall style of the graphic is flat with no shading."
service,Charging,A smartphone with a grid of colorful app icons on its screen. Attached to the phone is a charging cable that leads to a power plug at its end. The overall image symbolizes the concept of a cellphone being charged.
service,Clutch,"The illustration depicts a stylized car wheel or tire. It consists of a central hub with radial spokes that extend outward to a circular rim. Along the rim, there are evenly spaced round elements that could represent lug nuts or decorative studs. The drawing is simple with no shading or color."
service,Controller,"A simplified, stylized joystick controller is next to a blank square panel, likely representing a screen or interface. The joystick has a round base, and the stick is topped with a spherical knob. To the upper left of the joystick, there is a small red triangle, possibly indicating movement or direction. This image symbolizes control or adjustment in contexts like gaming, machinery operation, or electronic device navigation."
service,Data,"A yellow folder icon at the bottom with three red Wi-Fi signal bars emanating from a central point above the folder, arranged in ascending size to represent the increasing strength or range of a wireless signal. The icon suggests wireless data transmission or data connectivity related to the folder. The icon combines elements of file storage and wireless communication, implying data sharing, cloud storage, or data synchronization services."
service,Drive,"A stylized car rendered in a simple line art style. It features a side profile of a vehicle with clean lines and basic geometric shapes representing the wheels and body of the car. Above the car, there's a wavy line that appears to simulate smoke or vapor trailing behind, suggesting the car may be in motion or producing exhaust. The wavy line includes several smaller lines that branch off, enhancing the effect of movement or dispersal."
service,Driving,"An illustration of an automatic gear shift lever. To its left is a vertical, rectangular panel depicting the letters ""P R N D,"" with the ""D"" highlighted in red indicating the vehicle is in ""Drive"" mode. The Korean text ""주행"" that translates to ""Driving"" in English is also displayed."
service,Engine,"A stylized graphic of an engine, specifically depicting an inline engine crankshaft and pistons. The illustration is simplified with a monochromatic color scheme, primarily shades of grey and white. This icon is typical for representing mechanical or automotive concepts."
service,Error,"A simplifiied graphic representation of a desktop computer interface window. It has a blue title bar with three boxes on the right side indicating the minimize, maximize, and close window controls. Below the title bar is a red circle with a white 'X' in it, suggesting an error message or a prohibition symbol."
service,Error,"The illustration features a yellow warning triangle with a bold black exclamation mark at its center. To the left of the triangle, there is an image of a computer monitor with a blank screen, displayed in profile view, with its stand visible, and a thick black border surrounding the screen. The colors used are primarily yellow for the triangle, black for the exclamation mark and monitor outline, and a teal or light blue for the monitor screen."
service,Handbrake,A stylized illustration of a hand brake in a vertical position with a black handle on top. The body of the hand brake is grey with darker accents highlighting the mechanical parts. A red triangular arrow points upwards to the left of the hand brake. The image represents the concept of a parking brake or hand brake in a vehicle.
service,Joystick,"A stylized image of a classic car in profile view, simplified with basic shapes and minimal detail. The car is primarily gray with a clear outline. In the foreground, there is an image of a joystick, featuring a large yellow spherical knob positioned atop a narrow vertical stem, which is anchored into a brown-orange base. The image is set against a plain white background."
service,Key,"A simplified, stylized representation of a car on the left side and a key on the right side. The car is outlined with basic shapes forming the body, windows, wheels, and doors. The key is depicted horizontally, with the bow on the right and the blade extending to the left, featuring notches on its upper edge. The illustration represents car keys or concepts related to automotive access and security."
service,Moved,"The illustration depicts a person seated in a manually operated wheelchair with large, spoked wheels. The individual has short hair and is wearing a teal shirt and dark pants. There are simple red lines on the ground, suggesting movement or motion. The drawing could serve as a symbol or icon for accessibility or mobility services."
service,Smartphone,"A simple, flat illustration of a generic smartphone with a large screen displaying a grid of colorful square icons, suggesting various applications. There are three rows and four columns of icons, each with different colors. Below the screen is a single button. The phone's edges are rounded."
service,Taxi,"A stylized side profile illustration of a car composed of grey and yellow colors, with two black tires and bold, black outlines. The car is set against a white backdrop."
service,Tire,"A stylized representation of a tire with several concentric rings, indicating the treads, and a simplified wheel hub in the center with a pattern of spokes. The hub appears to have a brand or signature-style squiggle across its middle. The color scheme is grayscale, with a tire in black and the background in white."
service,Towing,"A circular stop sign with a red background and the word ""STOP"" in white capital letters is on the left. To the right, there is a simplified, linear graphic of a car viewed from the side, depicted in gray tones with black wheels. The illustration is on a plain white background."
service,Upgrade,"The illustration displays the word ""UPGRADE"" in uppercase, bold, black font. To the right of the text, there is a red arrow pointing upwards. On the left side of the word, there is a square with a black outline."
service,Upload,"A computer monitor with a teal or light blue screen, outlined in black. Below the monitor is a stylized icon of two arrows pointing upward, and beneath the arrows is a folder icon with a yellow front and an orange backside, signifying file uploading. The image symbolizes the process of uploading files to a computer or the internet."
service,Video,"A stylized square icon with a blue background and a black outline. Centrally placed on the icon is a large play button symbol, consisting of a right-pointing triangle within a lighter blue circle. There is a representation of a progress bar or slider at the bottom of the square, common for video or volume control."
service,Warranty,"A simplistic line drawing of a car on the right side of the image in profile, facing left with a classic, rounded body style. To the left of the car, there is a square sign with a capital letter ""W"" depicted three times, vertically aligned and overlapping. The car appears to be grey and the lines outlining the sign and the car are in black."
service,Wheelchair,"A simple, stylized illustration of a manual wheelchair. The wheelchair has two large wheels with multiple spokes on either side, two small wheels at the front, a basic seat and backrest, along with footrests hanging below the seat. The illustration is in grayscale with a slight perspective, showing the left side of the wheelchair more prominently."
sports,Archery,"A simplified, cartoon-style depiction of an archer in profile view with a headband, pulling back the string of a large bow with one hand, the other hand holding the bow outstretched. The image represents the sport of archery (""양궁"" in Korean)."
sports,Archery,"A stylized depiction of a bow and arrow, with the bow appearing as a classic recurve bow with a curved design and a central grip, and the arrow placed horizontally across it. The design features shades of brown and black with white accents against a white background, symbolizing archery in the context of sports."
sports,Athlete,"The illustration depicts a stylized figure of an athlete with a simple human form, round, smiling face, and no detailed features. They are wearing a headband and a sleeveless athletic jersey with the number ""1"" on the front. The color scheme consists of a teal blue top, a dark blue headband, and simple black lines to outline the body and facial features."
sports,Badminton,"A cheerful cartoon character playing badminton. The character is depicted with a raised badminton racket in one hand, ready to strike a shuttlecock, which is shown in flight towards the left side of the image. The character is wearing a short-sleeved shirt, shorts, and sports shoes. The stance and expression convey a sense of action and enjoyment."
sports,Baseball,"The illustration features a wooden baseball bat oriented diagonally and a baseball depicted in mid-air, which is white with the traditional red stitching. Above and to the left of the bat, there's a baseball depicted as if it's in motion. The illustration represents the sport of baseball, which is what ""야구"" (yagu) refers to in Korean."
sports,Basketball,"A cartoon-like drawing of a smiling person with short hair, preparing to shoot a basketball. The character is in a dynamic pose, with one arm extended towards a basketball hoop and backboard. The basketball hoop has a net and the backboard is rectangular with a small square box drawn in the center above the hoop. The illustration is colored with shades of orange, white, gray, and a bit of black outline."
sports,Biathlon,"An illustration depicts two stylized figures representing skiing and shooting. On the left, a figure in winter attire stands on skis and holds ski poles. On the right, a figure aims a rifle. A plus sign between the two figures indicates a combination of the two activities, suggesting the sport of biathlon."
sports,Bicycle,"A flat illustration of a bicycle with a red frame in a diamond design and black wheels with black spokes. The bicycle's saddle is brown and the handlebars are red. The term ""자전거"" refers to a bicycle in Korean."
sports,Bobsledding,"The illustration depicts a stylized, elongated, and aerodynamic bobsled on a white background. It features four teal elements representing the heads of the bobsled team members positioned in line. The front of the sled has a small emblem with a circular design in red, blue, and white colors. The runners or blades are implied by the shape of the sled's base."
sports,Boxing,"The illustration depicts a stylized figure engaged in boxing. The figure wears blue boxing gloves, a teal or green sleeveless top, and dark blue shorts. The boxer also has on white shoes and a blue headguard. The individual is shown in profile, with one glove extended forward as if in the middle of a punch, and the other glove held close to the face in a defensive posture."
sports,Boxing,"A simplified, cartoon-like figure of a person engaged in boxing. The figure is wearing boxing gloves, a turquoise sleeveless top, navy-blue shorts, and white shoes. They have orange hair and are wearing protective headgear. The figure's face is unseen as it is facing towards the side. The image symbolically represents the sport of boxing."
sports,Canoe,"The illustration shows a simplified, top-view representation of a canoe within a bordered square. The canoe is positioned horizontally and is outlined in black with a yellow center. On each side of the canoe, there are four pairs of paddle-like shapes, representing the oars, which are white with black handles. The background is light blue. This image symbolizes canoeing in a sports context."
sports,Cheerleader,"The illustration depicts a cheerful female cheerleader. She is smiling broadly, her tied hair is in a ponytail, and she's wearing a pink top with the number ""7"" on it, along with a white skirt, knee-high socks, and sporty shoes. She is holding yellow pom-poms and her posture suggests that she is cheering or dancing with one leg bent and slightly raised behind her."
sports,Curling,"The illustration features a simplified representation of a curling target, known as the ""house,"" and a curling stone. The house is composed of concentric circles with alternating colors blue and white, with the center circle being red. The circles are divided by a black cross, which separates the house into four quadrants. A curling stone is depicted near the bottom right of the image, it is grey with a black handle on the top, detailed with an orange element indicating the grip area."
sports,Dangerous,"A stylized figure with a cartoon-like appearance wears a teal shirt and expresses surprise with an open circle mouth. It has a starburst shape near its head, indicating impact, and holds up one hand in a halting gesture. The overall impression suggests caution or warning of potential danger or risk."
sports,Exercise,"A classic black and white paneled soccer ball is on the left side, and a pair of inline roller skates with grey boots, green and yellow highlights, and black wheels lined up in a row on the right side. The image suggests sports activities that involve ball games and skating."
sports,Fencing,"Two stylized figures engaged in a fencing duel, wearing protective helmets with darkened face masks. They are dressed in standard fencing attire. The figures are in dynamic poses that suggest movement, with one leg extended forward as if lunging. Each fencer holds a fencing foil, one of the foils extended toward the other competitor. This icon represents the sport of fencing."
sports,Footrace,"The illustration features three stylized figures depicted in a running motion across a three-lane track. The leading figure is wearing a gray tank top and shorts, followed by a figure in a green tank top and blue shorts, and lastly another in gray. The figures are designed with a thick black outline. The overall image represents a footrace or running event."
sports,Friends,"Four cartoon-style figures standing side by side, holding hands. There are two females and two males. Each figure has a different colored top: yellow for the first female, teal for the first male, green for the second male, and pink for the second female. The first female has orange shorts, the first male has blue pants, the second male has red shorts, and the second female has pink shorts. All figures are wearing shoes in colors that match their outfits. The background is white."
sports,Golf,"A cartoon character of a young boy with a cheerful expression, standing on a patch of green grass. He is wearing a white shirt and brown shorts, with shoes suitable for sports activities. The character is holding a golf club in both hands, positioning the club head near a golf ball, preparing to take a swing."
sports,Handball,A simplified representation of a handball game with three stylized figures: two players in matching shirts and shorts on either side of a central ball and a goalkeeper standing in the center of a handball goal. The entire scene is set on a handball court.
sports,Hiking/Trekking,"A simplified, cartoon-style drawing of a person in profile, moving towards the left. They have short hair, are wearing a sleeveless top in green, shorts in blue, and shoes in black. The person's arms and legs are in motion. This symbol typically represents walking, hiking, or trekking."
sports,Hockey,"Two stylized figures playing hockey. They are dressed in sports attire, which includes blue tops, dark blue shorts, and white shoes. One figure is chasing a white ball with a hockey stick, while the other seems ready to intercept or engage in play. They are on a green field, suggesting a grassy surface suitable for field hockey."
sports,Hurdles,"An illustration of a person performing the track and field sport of hurdling. The figure is mid-stride in the air, with one leg extended forward over a hurdle and the other kicking back. The person is wearing a teal top, blue shorts, and is depicted without facial features except for a single dot for an eye. There are two hurdles visible: one that the runner is currently clearing and another one in the background."
sports,Judo,"An illustration of two stylized, simplified figures engaged in a judo throw. The figure in a white judo uniform is executing a throw, lifting and flipping the figure in a blue uniform over their shoulder and hip. The figure being thrown appears suspended in mid-air, with their legs extended and their body horizontal to the ground, indicating motion. The image symbolizes the martial art and sport of ""유도"" (judo)."
sports,Marathon,"A cartoon character with brown hair tied with a white headband, wearing a white T-shirt, brown shorts, and blue running shoes, running to the left with an expression of determination on their face. On the right side of the image, the number ""42.195 KM"" is displayed, representing the official distance of a marathon."
sports,Olympics,"The image displays the Olympic Rings, a symbol associated with the Olympic Games. There are five interlocking rings of different colors on a white background. From left to right, the colors are blue, yellow, black, green, and red. The rings are arranged in two rows with the first row consisting of three rings (blue, black, red) and the second row beneath the first, offset to the sides, consists of two rings (yellow, green). This symbol represents the union of the five continents and the meeting of athletes from around the world at the Olympic Games."
sports,Puck,"Two flat, round, gray-colored discs suggestive of hockey pucks are placed side by side with a slight overlap. Each puck has an apparent thickness and a central band that indicates the edge or rim. The background is plain white."
sports,Rallying,"A simplified cartoon-style drawing of a person standing next to a blue car with a large yellow arrow pointing from the car to the person. The person has a neutral expression, short hair, wearing a green top and blue pants, and black shoes. The arrow indicates a connection or interaction between the person and the car."
sports,Referee,"The illustration depicts a folding chair with a loudspeaker (megaphone) attached to its side. The chair is mostly white with orange seats, and the megaphone is red. The representation suggests it might be used in a sports context."
sports,Rowing,"A simplified graphic of five individuals, seated in a line, rowing a white boat on blue water. Each rower is holding a partially submerged yellow oar, indicating the action of rowing."
sports,Running,"A cartoon character engaged in running. The character appears happy, wearing a white t-shirt, brown shorts, blue shoes, and have brown hair with a white headband. The stance and the movement lines around the feet suggest the action of running."
sports,Semifinals,"A combination of three sports balls closely together. On the left is a basketball, center is a soccer ball, and above the soccer ball is a smaller plain white circle with text inside displaying the Korean characters ""4강."" The entire illustration is set against a plain, solid background."
sports,Shooting,"A simple illustration of a person engaged in the sport of shooting. The figure, in a side profile view, appears to be aiming a shotgun. The character has a stylized appearance with minimal detail: a round head with a small dot to suggest an eye, and a straight, untextured body. The person is wearing a teal, sleeveless top and is set against a plain white backdrop."
sports,Shuttlecock,"An illustration of a shuttlecock, commonly used in badminton. The shuttlecock has a semi-spherical top that's white, and a skirt-like array of feathers at the bottom. It features a blue band separating the head from the feather part."
sports,Skiing,"The illustration depicts a stick figure-style person skiing. They're wearing a green top and blue pants; equipped with skis and poles; and skiing downhill on a partially white slope with a jagged edge line. There are motion lines behind the skier, conveying speed. The background is plain, and the word ""스키타요,"" translating to ""skiing"" in Korean, is shown."
sports,Snowboarding,"A simplified, cartoon-like image of a person snowboarding. The figure is dressed in a lime green snowsuit with a helmet and goggles, and is in a motion pose with bent knees. The snowboard is light blue, and the character is shown coming off the edge of a small, inclined white slope. The background is plain."
sports,Soccer,"A classic black and white patterned soccer ball is next to a dark gray soccer cleat with lighter gray accents and an orange patch on the side. The bottom of the cleat showcases several studs, while both ball and cleat are centered against a white background."
sports,Sports,The illustration depicts two stylized figures representing athletes involved in different sports. A figure in a yellow top is holding up a black and white soccer ball with one hand. Another figure in white with blue accents is wearing a blue cap and posed as if about to swing a brown baseball bat.
sports,Swimming,"A stylized character is swimming sideways, with one arm extended forward and the other bent at the elbow. The swimmer's face is above water, showing a determined or focused expression. Splashes are shown behind the swimmer’s head, indicating the motion of swimming. The water is represented by a solid blue rectangle with wavy lines to symbolize its surface."
sports,Swimming,"A simplified cartoon of a person swimming. The individual is shown in a horizontal position with their head turned to one side and their arms extended forward. The legs are straight behind, suggesting the swimmer is in the middle of a stroke. The person is wearing blue swim briefs. The background is plain with a blue field that likely represents water. The image is outlined with a black border."
sports,Swimming,"A stylized figure of a person swimming with goggles, performing a freestyle stroke, and partially submerged in water. The figure has one arm extended forward and the head turned to the side slightly above the water level. Bubbles are illustrated, emerging from the water near the swimmer's head, indicating forward motion and breathing activity."
sports,Taekwondo,"A cartoon character performing a front kick, dressed in a white Taekwondo uniform (dobok) with a black belt, indicating expertise. The character appears cheerful with a smiling face and slightly spiky brown hair. The stance suggests a dynamic motion typical in martial arts."
sports,Trampolining,"An illustration of a trampoline with a black circular mat, supported by a blue frame and four metal legs that have protective caps at the ends."
sports,Volleyball,"The illustration depicts a hand holding a volleyball, designed with the typical pattern of six equal sections. The image highlights the act of gripping or possibly serving the ball."
sports,Weightlifting,"A simplified, cartoon-like figure of a person lifting a barbell above their head, smiling happily. The character is wearing a sleeveless top with their arms extended straight up, holding the barbell. The barbell has weights on both ends. The background is plain white. The image is associated with ""weightlifting"" in the context of sports."
sports,Wrestling,"A stylized representation of two figures engaged in wrestling, in a grappling stance with arms extended and hands interlocked. Each figure wears a different colored singlet—one blue and one green—with matching colored shoes. They are without detailed facial features but have bold, simple lines for their bodies. The background is plain and white."
time,Again,"A gray analog clock with black hands indicating a time of approximately 10:10. To the right of the clock, a thick, two-tone arrow starts from the bottom in gray and transitions into red as it curves upwards to form a counterclockwise semi-circular arrow. The background of the illustration is white."
time,Anniversary/Schedule,"A weekly calendar grid with cells representing days of the week, numbered 1 to 7. A blue banner above the grid with Korean text ""기념일/일정,"" translating to ""Anniversary/Schedule"" in English. Two starburst shapes indicating special events or highlights; one is yellow and in the cell representing day 1, and the other is red and in the cell representing day 7."
time,Appointment,"The illustration depicts a clock with a dark gray face and black numbers indicating the hours. The clock has three hands – an orange second hand, a black minute hand, and a black hour hand, indicating a specific time. To the right of the clock, there is a white speech bubble with three horizontal lines, symbolizing text or conversation. This image represents the ""appointment"" or ""schedule"" concept."
time,April,"A stylized representation of a calendar with a red header and three rings or binders at the top. On the main, white part of the calendar, there is a large number ""4"" followed by the character ""月"" symbolizing the month of April. The calendar is outlined in black for enhanced visibility."
time,Arrived,"A circular sign mounted on a stand with an orange background and the Korean text ""도착해요"" written in black, which translates to ""Arrival"" or ""I have arrived"" in English. The sign could refer to a location or checkpoint."
time,August,"A stylized illustration of a calendar. The top part of the calendar is red, with the rest of the body in white. On the red header, there are three rings, suggesting that it's a flip-style calendar. On the main white area of the calendar, there is a large numeral ""8"" followed by a Kanji character ""月,"" which represents the month of August."
time,Autumn,"Stylized illustration of a red tree with a brown trunk and three leaves, one attached to the branch and two fallen. The tree and leaves suggest an autumn theme, symbolizing the season in relation to time and schedules. The background is white."
time,Birthday,"An illustration of a birthday cake with strawberries on top and six colorful balloons tied to it. Below the cake is a banner with the Korean word ""생일,"" which translates to birthday. The image represents a birthday celebration."
time,Breath/Air,"An illustration of a person with black hair, black dots for eyes, and a line for a mouth. Three curved lines are coming out of the person’s mouth, representing exhalation, with the word ""AIR"" next to these lines. On the right, there's a stylized image of a red siren or alarm light, mounted on a grey base, with black lines suggesting an active state or making noise."
time,Calendar,"A simple calendar with a red top border and white lower half, with a spiral binding at the top. The calendar displays ""01"" in large, bold numbers, indicating the first day of a month, with ""MON"" written underneath in smaller letters, indicating it is a Monday."
time,Christmas,"The illustration features a cartoon Santa Claus wearing red and white, holding up a decorated Christmas tree. There's a hanging calendar to the right with the words ""크리스마스,"" translating to ""Christmas"" in Korean."
time,Clouds,"Two cartoon-style clouds, white with a gray outline, and a slight shadow effect at the base of each for dimensionality. The larger cloud is on the left and the smaller one on the right, with both clouds adjacent to one another."
time,Date,"A simplified, stylized representation of a calendar or a notepad with a spiral binding at the top. In the center of the page, there is Korean text ""날짜,"" which translates to ""date""."
time,Dawn,"A monochromatic illustration of three buildings with varying heights against a backdrop of sky with stylized, cartoonish clouds; the overall image conveys a cityscape scene."
time,Daylight,"A stylized cityscape with three buildings and a large, mushroom-shaped cloud above the buildings, suggesting an explosion or a similar catastrophic event. The buildings are gray with black outlines, and the cloud is depicted with light blue and white."
time,Deadline,"Illustration depicts a stylized white cloud with three red arrows pointing downward, indicating descent or pressure. Arrows move toward a flat, blue horizontal bar at the bottom, symbolizing force being exerted from above onto something below."
time,December,"A simple illustration of a calendar with a red header and white lower half. The top part features two rings and the number ""12"" followed by the character ""月,"" representing the month of December. This illustration signifies the last month of the year in a calendar format."
time,Depart,"The image features a signpost with a circular sign with an orange background at the top. On the sign, there are white Korean characters ""떠나요"" (ttéo-na-yo) inscribed, which translates to ""leave"" or ""depart""."
time,Departure,"A signpost with a circular sign with an orange background. The sign features the Korean text ""출발"" in the center, which translates to ""departure"" in English. The sign is attached to a straight vertical pole that stands on a flat base. The design is reminiscent of a minimalistic, stylized street or train station sign used to indicate the point of departure for travelers. A thin black outline surrounds the sign and pole."
time,Diary,"A brown diary or planner with the Korean word ""다이어리"" on the cover which translates to ""diary"". There are colored tabs sticking out on the side of the diary in red, green, yellow, and blue colors, representing different sections."
time,Drought,"An illustration depicting cracked ground in a desert landscape with lines crisscrossing to create the appearance of dried, cracked earth and large cracks in the foreground. The background features smooth, rounded mounds or hills, suggesting sand dunes or barren hills, and a solid color sky with no clouds or sun is above."
time,Earthquake,"A simplified, cartoon-like representation of an urban scene experiencing an earthquake. The image features three grey, slanted or broken buildings indicating structural damage, and a prominent crack running through the yellow-brown ground, illustrating seismic activity. The image conveys the concept of a cityscape affected by an earthquake."
time,Emergency,"Two icons side by side on a white background. On the left, a stylized simple drawing of a person wearing a cloak or hooded garment in a yellowish-orange color. On the right, a red siren or emergency light with a black base, having a semi-oval shape and includes white markings, as well as three black ellipses in the center that intersect in a circular pattern."
time,February,"An illustration of a calendar icon with a red upper portion showing two rings suggesting a spiral-bound calendar. The main section displays the number ""2"" followed by the character ""월,"" representing February. The color scheme is primarily red, white, and black."
time,Flood,"An illustration of two buildings, a taller one to the left and a shorter one to the right, with water drops falling from multiple windows. Clouds above the buildings are also releasing water drops, indicating rain. The entire scene is encapsulated within a water body at the bottom, representing flooding or heavy rainfall accumulating around the buildings."
time,Freezing,"A series of icicles hanging from an icy ledge of varying sizes and lengths. Some droplets of water are depicted falling from the tips of two icicles, suggesting melting. This could represent the concept of ""freezing"" or a cold environment."
time,Friday,"Four Korean characters in black set against a white background. The characters are ""금요일,"" which translate to ""Friday"" in English. The text is in a bold, sans-serif font."
time,Go,"A stylized, simplistic illustration of a person standing upright. The person is depicted with a round head, a teal or green top, blue pants, and black shoes. To the left of the figure, there is a red leftward-pointing arrow. The image seemingly represents direction, movement, or placement."
time,Heatwave,"An image featuring two symbols: a stylized sun with rays extending outwards and a thermometer with the red indicator near the top, accompanied by a speech bubble with ""40°C"" inside. The image represents the concept of a hot day or a heatwave."
time,Holiday,"A simple illustration of a desk calendar displaying a week view with days numbered from 1 to 7. The top part of the calendar has the Korean characters ""연휴,"" translating to ""holiday"" or ""vacation."" The first and last days are highlighted in red, suggesting holiday days, while the others are shaded in grey."
time,Humidity,"Blue water droplets arranged in no specific pattern on the upper half of the image. A circular icon with a gold-yellow border in the bottom half, inside the circle, there's a gray background with the number ""32%"" prominently displayed in white text. The image appears to represent humidity, and the percentage inside the circle could indicate the level of humidity. There's also Korean text ""습도"", meaning humidity."
time,January,"A simple representation of a calendar with a red header and three rings or bindings. Below the red header is a white background with the characters ""1月"" prominently displayed in the center, denoting the month of January."
time,July,"A flat-style illustration of a desktop calendar. The calendar has a red top with two rings holding the pages, and the main body where ""7월"" is written in large black font, which translates to ""July"" in English. The image typically represents the month of July in the context of time, schedules, or planning."
time,June,"The desk calendar icon depicts a mixed color page - red on top and white at the bottom, bound together with three rings. The page prominently displays the character ""6月"", which translates to ""June"" from Japanese or Chinese."
time,March,"A simplified illustration of a desk calendar with a red top and a white body. It displays the number ""3"" followed by the character ""月"", representing the month of March in East Asian languages. The calendar has three rings or bindings at the top, suggesting it's a flip-style calendar on a plain white background."
time,May,"A simple, flat design of a calendar. The top part of the calendar, where the binding is located, is red, while the main body is white. On the front, the characters ""5月"" appear prominently in a bold font, which translates to ""May"" in English. Three rings along the top edge represent the binding mechanism."
time,Meeting,"An illustration featuring a table and two chairs positioned as if facing each other, suggesting a meeting setting. There are two overlapping speech bubbles above the table, indicating a conversation, with several horizontal lines symbolizing text or dialogue."
time,Melting,"A melting figure resembling a snowman with droplets of water. The figure has two dots for eyes and a small line for the mouth suggesting discomfort or sadness. On the figure's head, there is a small orange-brown rectangle, possibly representing a hat. To the upper left of the figure is a bright, stylized sun with rays extending outwards. The illustration represents the concept of something suffering from intense heat. The Korean phrase ""녹아요"" which means ""melting"" is related to the theme."
time,Monday,"A black and white text graphic featuring the Korean characters ""월요일,"" which translates to ""Monday"" in English. The characters are aligned horizontally in a bold typeface. The background of the image is plain white."
time,Monthly,"A simplified representation of a calendar is depicted, it's a rectangle with rounded corners and a series of loops or rings at the top suggesting a binding mechanism. The front face of the calendar has Korean text ""매달"" which translates to ""every month"" or ""monthly"" in English."
time,Mountain,"A stylized image of two mountains against a blue sky background with two white clouds. The smaller mountain on the left is solid green, while the larger one on the right is green with a white snow-capped peak. The mountains are enclosed within a thin black border."
time,November,"An illustration of a flip-style wall calendar with a red top border and white bottom part. The calendar displays the number ""11"" and the character ""月"", indicating the month of November in East Asian countries."
time,November,"An illustrated icon of a calendar. The top part, where the binding rings are typically located, is colored red. Below the red section is a white area with the number ""11"" in large bold font, followed by the word ""NOVEMBER"" in all caps, also in bold. The calendar represents the month of November."
time,October,"A stylized representation of a calendar with the top part in red. It displays ""10月"" in large, bold numbers and characters, indicating the month of October in Japanese or Chinese. The calendar has three rings at the top, suggesting it's a flip-style wall or desk calendar. The calendar icon is depicted with a thick, black outline."
time,Quickly,"A simple line drawing of a rabbit with long ears, standing above a bold red arrow that points to the right. The rabbit appears to be in motion or ready to hop along the direction of the arrow. The overall image conveys a sense of quickness or speed. The image symbolizes speed or the need for haste in the context of time and schedules."
time,Rain,"A simple graphic of a group of clouds depicted in shades of gray and white, suggesting overcast or rainy weather."
time,Rainfall,"The illustration depicts three white, fluffy clouds from which vertical lines are descending towards a horizontal blue line at the bottom, suggesting rainfall. The lines represent rain streaming down from the clouds. This image could symbolize rainy weather or indicate the presence of rain in the context of forecasting."
time,Reservation,"A simple illustration featuring a computer monitor with a blue screen. To the left of the screen, there is a cartoon-style depiction of a traditional telephone receiver in red-orange color. Adjacent to the receiver is a speech bubble with three lines of text, indicating a conversation or communication. This illustration could symbolize booking, reservations, appointments, or online customer support."
time,Rest,"A stylized and simplified illustration of a person sitting in a rocking chair. The individual has a rounded, minimalistic head with no distinct facial features and is wearing a green shirt and blue pants. The chair is light brown and depicted angularly with curved bottom rails. The background is white. The image symbolizes relaxation or taking a break."
time,River,"The image features a simplified representation of a landscape with a blue sky with two fluffy white clouds on the top half. The bottom half shows a golden yellow field with a snaking blue river running through the middle. The river begins on the left-hand side and meanders to the right, and black outlines emphasize the separation of elements."
time,Saturday,"An illustration of a calendar with a visible page displaying a grid of dates. The top row shows numerical dates 1 to 7. The number 6 is highlighted in red and the number 7 is highlighted in yellow, representing a weekend with Saturday in red and Sunday in yellow. Above the grid, in Korean Hangul characters, it says ""토요일"", which translates to ""Saturday"". The calendar has a ring binding at the top."
time,Schedule,"A simplified calendar with the days of the week labeled from 1 to 7, with a blue header labeled with the Korean word ""스케줄,"" meaning ""schedule."" There are two elongated horizontal red arrows spanning multiple days indicating blocked-off times or scheduled events. The first arrow starts at day 1 and ends at day 3, the second one starts at day 5 and extends to day 7. The calendar grid is shaded in light grey, with empty cells indicating the days."
time,Seaside,"A stylized scene including a sandy beach, a body of blue water, and two palm trees with green fronds suggesting a tropical or coastal setting. The sky is divided into two sections; one is clear blue, while the other contains a fluffy white cloud."
time,Seasons,"The illustration includes four different icons each representing a season: a bright yellow sun with rays for summer, two brown and red maple leaves for autumn, a cluster of yellow flowers for spring, and a white smiling snowman wearing a red hat for winter. These symbols are aligned diagonally from top left to bottom right against a white background. The term ""계절"" refers to ""seasons"" in Korean."
time,September,"A simplistic drawing of a flip calendar colored red and white, bound with three rings. ""9月"" is prominently displayed in black font on the white part, indicating the month of September in Japanese or Chinese."
time,Sky,"A cartoon-style image of a partly cloudy sky with a yellow sun peeking out from behind a large fluffy white cloud. There's also a smaller cloud spaced some distance away to the right. The background is a solid light blue, representing the sky. The image is enclosed within a thick black border."
time,Slowly,"A green turtle above a red squiggly line leading into a straight arrow pointing right. The turtle has a detailed green shell with a yellow underside and head, walking to the left. The turtle and the arrow symbolize the concept of proceeding carefully or slowly. The Korean phrase ""천천히"", meaning ""slowly"" or ""carefully"", is also part of the illustration."
time,Snow,"Various unfilled circles of differing sizes scattered across the upper portion of the image. Below these circles is a singular, elongated, horizontal, unfilled rectangle. This could be interpreted as an abstract representation of snowfall or a similar concept. The circles could symbolize snowflakes, and the rectangle could represent the ground or a horizon line."
time,Snowflakes,"The illustration depicts two stylized snowflake symbols. The larger one on the right has an intricate design featuring multiple branches and ornamental extensions, while the smaller one on the left is simpler with fewer branches. Both are outlined in black with a light blue fill color."
time,Snowman,"A simple, cartoon-style drawing of a snowman with two circular segments and a smiling face. It has a carrot-like orange nose, two stick arms, and three orange dots representing buttons. The snowman stands alone against a plain, white backdrop."
time,Softly,"A symbol consists of a dashed circle at the top and a solid red arrow pointing downwards, extending from the bottom of the circle. The arrow has a straight shaft and terminates in a sharp arrowhead. The overall design gives the impression of something descending or going downwards from the dashed circle, symbolizing a decrease, reduction, or downward movement."
time,Spring,"A collection of six stylized flowers depicted in a simple, flat style with subdued pink petals and yellow centers. Each flower varies slightly in the shade of pink and the size of the petals and yellow center. The arrangement of the flowers is scattered on a white background."
time,Suddenly,"A dashed circular outline in the center, surrounded by three solid red starburst shapes. The starbursts are located at varying distances from the dashed circle, placed irregularly around it. The image could be interpreted as a symbolic representation of an event or moments that are intermittent."
time,Summer,"A cartoon-style image of a smiling boy wearing a blue striped shirt. Next to the boy is a bright sun with radiating sunbeams. Dotted red lines connect the sun to the boy, suggesting the warmth and light of the sun shining on him. The image represents the summer season."
time,Sunday,"An image shows four black Korean characters ""일요일"" set against a white background. The characters are arranged horizontally in a bold and legible font. This phrase means ""Sunday"" in Korean."
time,Sunlight,"The illustration depicts a stylized sun with a circle in the center representing the core, surrounded by sunbeams extending outward. The sun has a layer around the circle with pointed edges simulating sun flares. The sunbeams are long and geometric, alternating between longer and shorter lengths. The entire image uses a color palette with shades of yellow and orange. This symbol often represents daylight, sunny weather, or daytime in the context of time and schedules."
time,Sunscreen,"A stylized image of a sun with yellow rays on the left and a sunscreen bottle to the right. The sunscreen bottle is red with a white label that displays three wavy lines indicating water. Below both the sun and the sunscreen bottle is a label with the text ""SPF30/PA++,"" indicating the sunscreen's protection rating against UV radiation."
time,Sunshower,"A stylized depiction of a cloud with grey vertical lines underneath, representing rain; and a sun with rays on the right side. The image graphically represents rainy weather with the sun visible, possibly indicating a sunshower or the clearing of weather. The clouds and rain are grey, the sun is yellow with an orange center, and the background is white."
time,Temperature,"An illustration of a thermometer with a vertical scale and a red indicator suggesting the temperature. There is a speech bubble to the right with the letter ""C"" inside it, indicating that the temperature is measured in degrees Celsius."
time,Thunder,"The illustration features a fluffy white cloud with a jagged yellow lightning bolt striking diagonally through it. Below the cloud and lightning is the Korean Hangul text ""아란"". This image might indicate stormy weather or an electrical storm."
time,Thunderstorm,"Two grey cartoon-like clouds with three yellow and black lightning bolts striking downward. The larger cloud on the left has two lightning bolts, while the smaller one to the right has one bolt. The image symbolizes thunderstorm activity."
time,Thursday,There are four Korean characters in black font on a white background. Each character is distinctly separated and arranged in a horizontal line. The characters are likely representing a word or concept related to time or scheduling. The characters have a modern and stylized appearance.
time,Thursday,"The Korean Han-geul characters ""목요일,"" translate to ""Thursday"" in English. The characters are black on a white background, with a bold, sans-serif typeface."
time,Timekeeper,"The illustration features a cartoon-style human figure who is smiling, wearing a teal shirt and blue pants, standing to the left side. To the right of the figure is an hourglass with red sand and intricate symbols in the top portion, positioned on a pedestal, with the sand accumulated at the bottom, indicating the passage of time. The figure casts a shadow towards the hourglass on a plain white background."
time,Today,"This illustration depicts a stylized calendar. On the left side, there's a red tab with the Korean text ""오늘"" and the number ""1"", suggesting the current date. On the right side, against a white background, is the text ""내일"" with the number ""2"" underneath it. The calendar appears to have a grey spine or binding."
time,Tuesday,"A flat design illustration of a calendar. The top section features the Korean text ""화요일,"" which translates to ""Tuesday"". The calendar shows a generic grid for days of the week, with columns labeled 1 through 7. Numbers 1 and 7 are highlighted in red and yellow, indicating Sunday and Saturday. The second column, corresponding to Tuesday, is highlighted in red. The rest of the calendar squares are grey."
time,Twilight,"An illustration of a simplistic cityscape with three buildings of varying heights against a large, round, beige background. The buildings are detailed with windows, and the front building has a central entrance. Above the buildings, three fluffy white clouds are floating against the backdrop."
time,Vacation,"A cartoon-style illustration that features a smiling person with spiky hair standing next to a calendar. The calendar displays the Korean Hangul characters ""휴가,"" which translate to ""vacation"" in English. The overall image conveys the concept of looking forward to a vacation or holiday."
time,Wave,"An illustration depicting a stylized representation of a wave crashing onto a sandy beach. The beach has several small dots indicating sand texture. The ocean is depicted with a curling wave at the top in white with blue shading underneath, symbolizing foam and movement. There is a clear delineation between the beach and water, with the wave appearing to intrude onto the sandy area."
time,Weekday,"A stylized calendar with a ring binding at the top shows a grid for one week, with numbered days from 1 to 7. The day 6 is highlighted in red, and the day 7 is highlighted in yellow. Below the dates, there is a grey label with the Korean word ""평일"", which translates to ""weekday"" in English. Above the calendar, there's a red dot."
time,Weekend,"A stylized calendar icon with a spiral binding at the top. The days of the week are represented as columns, and a week is shown in rows, numbered 1 to 7. The numbers 6 and 7 are highlighted in red and yellow respectively, labeled ""주말,"" which represents the weekend. There's a small red circle at the very top-right of the calendar."
time,Weekly,"The illustration shows a simplified desk calendar with ring binding at the top. The visible page displays seven boxes representing days of the week, numbered 1 to 7, with the 7th day highlighted in orange. Above these boxes, the Korean word ""매주"" (maeju), translating to ""every week"" or ""weekly"" in English is written. The design is basic, with a white background and a thin black outline for the calendar."
time,Wind,"An illustration depicting a stylized representation of wind with a fluffy cloud at the upper left side. Several swooping, curved lines with spiral ends emanate from the cloud, suggesting movement and gusts of air. The image is a simple, black outline and grayscale."
time,Winter,"A stylized, bare tree with a few leaves attached to its branches and several leaves that have fallen to the ground, which is covered with a layer of snow. The tree has a simple brown trunk with branches extending upwards in a Y-shape. The leaves are a mix of brown and green colors, and the snow is depicted as a wavy white line at the base of the tree. The image could symbolize the fall or winter season."
time,Yesterday,"An illustration of a two-page open calendar. The left page has the Korean word ""어제"" (meaning ""yesterday"") written in black font with the number ""1."" The right page displays the number ""2"" with a red background. The calendar appears to be lying flat with a slight perspective angle."
time,Yesterday,"A stylized desk calendar with a red header and a mostly white body with a grey corner peeling back symbolizing a page turn. The word ""YESTERDAY"" is written in black capitals on the white background. A red left-pointing arrow is centered below this text, reinforcing the concept of the previous day or looking back in time."
traffic,Adult,"An illustration shows a lineup of four female characters of varying ages, depicted in a simple, cartoon-like style. From left to right: an elderly woman with grey hair, wearing a brown top and a beige skirt; a middle-aged woman with black curly hair, dressed in a yellow top and a green skirt; a younger adult woman with straight black hair, wearing a pink cardigan, white blouse, and a purple skirt; and a young girl with black hair in pigtail buns dressed in a pink shirt and a red skirt. Above the second character from the left is a red downward-pointing triangle, and a symbol ""어른"", which means ""adult"" in Korean."
traffic,Airplane,"An airplane in flight above a runway, moving from left to right, with its landing gear extended. The runway is represented as a rectangular block with horizontal lines and smaller rectangles, symbolizing the pavement sections. The image represents air travel, an airport or the concept of flying."
traffic,Airplane,"The illustration shows an airplane in flight in a light sky with a few small, white clouds. The cartoonish plane has a grey fuselage featuring windows and a blue and red circle emblem on the tail, with darker grey wings and tail fins and two engines. Motion lines trail from the rear of the airplane, indicating movement."
traffic,Ambulance,"A simplified image of a white ambulance with a large red cross on its side. The ambulance has a light bar on the roof, a window on the side of the vehicle behind the cabin, a yellow front fog light, and two black wheels. The word ""구급차"" (gu-geup-cha), which means ambulance in Korean, is also depicted."
traffic,Anchor,"A simple illustration of a grey anchor with a classic design comprising a central shank, a ring at the top, and two curved, symmetrical arms ending in pointed flukes. The overall shape is that of a standard admiralty style anchor."
traffic,Astronaut,An illustration depicts a figure in a simplified white astronaut suit with minimal detailing. The helmet reveals a smiling face. The character is standing upright with arms at their sides. The style is cartoonish with clean lines.
traffic,Baby,"The illustration shows a simple cartoon-like image of a baby. The baby has a round head with a small patch of brown hair on top, eyes depicted as two dots, and its mouth is obscured by a large orange pacifier. The baby's body is wearing a white diaper and its arms and legs are outstretched. The baby's skin tone is a light beige."
traffic,Bell,"A stylized representation of a bell with a red semicircle on top that represents the body of the bell, and a gray shape that forms the lip of the bell at the bottom. The shape of the illustration is an oval. This icon could represent a bell in the context of traffic and transportation, indicating a signal or alert system."
traffic,Bicycle,"A side view of a generic green bicycle with two wheels with spokes, a visible pedal on the side, a chain guard, a seat, and raised handlebars with grips."
traffic,Boat,"A simplified representation of a boat on water depicted from a side perspective, appearing to be moving with water splashing at the rear. The boat has a white hull with a blue stripe, a blue-tinted windshield, and black detailing on the stern. Below the boat, there is a stylized wave in a lighter shade of blue. The image has a clear outline and a cartoonish style."
traffic,Bridge,"A stylized line drawing of a bridge represented by two peaks that resemble an inverted letter ""V,"" connected at the top by a horizontal line that represents the road surface. The design is symmetrical, with a triangle cut out from each peak, creating a sense of space under the bridge structure. The entire illustration is black with the cut-outs showing the white background."
traffic,Bridge,"An illustration showing a simplified icon of a gray truss bridge spanning over a blue stylized body of water. The structure includes triangular elements for stability. The image features Korean text ""다리"" which translates to ""bridge""."
traffic,Bulldozer,"A cartoon-style illustration of a bulldozer in a side profile view with a large front blade. The body of the vehicle is orange, and it has black tracks instead of wheels. The cabin has a side window and a top exhaust pipe. It's a symbol related to construction or heavy machinery."
traffic,Bus,"A cartoon illustration of a blue bus depicted in profile view with black wheels and visible windows along its side. It features a front windshield with wipers, a closed passenger door, headlights, and a grille. The illustration has a slight shadow below, giving it a slight 3D effect on a white background."
traffic,Car,"A simplified side view of a small, white vehicle on a road with a grey surface, white dashed lines indicating lanes, and an orange-brown curb. Above the car is a red inverted triangle, indicating a yield sign."
traffic,Car,"A side view of a red car with a simplified, cartoonish design. The car has four round black wheels with simple gray hubs, a clear front windshield, a side window, visible door outlines, and a yellow headlight."
traffic,Cargo,"An illustration features a green bag with a visible strap and a brown cardboard box with its flaps open, against a white background. The imagery represents luggage, parcels, or cargo in general."
traffic,Collision,"A stylized image of a car and a unicycle. The car is depicted in profile view with a rounded body shape. A red starburst shape near the rear of the car symbolizes an impact or collision. To the right of the car is a unicycle with a single wheel, rendered in a simple graphic style. The image may represent a traffic accident or crash involving different types of vehicles."
traffic,Customs,"An illustration depicts two stylized figures: one standing behind a check-in counter wearing a suit and tie, possibly representing a check-in attendant or ticket officer, and another walking and pulling a rolling suitcase. The counter has a sign that reads ""세관"" in Korean, indicating a customs checkpoint, possibly at an airport or border control facility."
traffic,Departure,"A stylized icon of an airplane taking off over a green background suggesting land or a runway below. The airplane is depicted from a side angle, with its nose pointed upwards indicating ascent. The image typically signifies a departure or airport symbol in the context of traffic and transportation."
traffic,Driving,"A cartoon character of a person holding a steering wheel. The person has a cheerful expression with a slight smile and rosy cheeks, brown hair, and is looking straight ahead. The steering wheel appears to be a simple, stylized representation with three spokes and a central hub. The image relates to driving or transportation."
traffic,Driving,"A stylized representation of a person driving from the chest up, with a simple and friendly facial expression. The individual has a short, nondescript hairstyle and is wearing a teal-colored, short-sleeved shirt. They are holding a stylized steering wheel with both hands. The steering wheel is shown in a circular shape with an inner ring and a symbol that indicates the horn or the center of the wheel. The illustration represents the action of driving in the context of traffic and transportation."
traffic,Elevator,"A stylized representation of a lift, showing a side view with a partial cutaway, revealing an open door and a small platform inside. Above the platform, there's a control panel with a few indicator lights. There are support beams on each side of the lift and a box-like structure above it, which likely contains the lift's mechanical system. The image uses a basic color scheme with blue, grey, black, and red colors."
traffic,Engine,"A side view of a stylized, cartoon-like gray car with black wheels. An engine, characterized by visible cylinders or engine parts colored silver with a hint of orange, is depicted on the front end. A small red triangle, likely indicating a caution or warning sign, points toward the engine."
traffic,Escalator,"A stylized illustration of an escalator is depicted with a series of steps leading upwards from the bottom of the image. There are two parallel moving handrails on either side of the steps, curving at the top and bottom. The color scheme is grey for the steps and blue for the handrails."
traffic,Everline,"The illustration represents a subway or train line map with a series of red dots connected by lines, forming a loop with a branch. Above the loop of red dots, there are Korean characters ""에버라인"" referring to a particular line or transportation service. Above the text, there is a red rectangle, potentially symbolizing a stop or an important part of the line."
traffic,Ferry,"A stylized image of a ship with a streamlined design, a prominent bow and a superstructure at the top with windows indicating multiple decks. The colors used are primarily shades of grey and blue, with a white hull."
traffic,Ferry,"A flat illustration of a blue and gray ferry or boat with a prominent gray hull and a blue structure on top, which includes windows. There are two visible black circular shapes towards the bottom of the boat, possibly representing the wheels of a wheelhouse or support structures for docking. The ferry is in a profile view."
traffic,Forklift,The image depicts a yellow forklift with black wheels and a black seat inside the operator's compartment. The forklift is shown in profile with the gray lifting apparatus positioned toward the left and having two vertical metal prongs intended for sliding into and carrying materials.
traffic,Harbor,"A cartoon representation of a ship captain standing in front of a large passenger ship. The captain is dressed in a traditional uniform, which includes a blue jacket with gold buttons and epaulettes, a white shirt with a black tie, and a captain's hat with a gold emblem. The captain is smiling, looking forward, and giving a thumbs-up with the right hand. Behind the captain is the front portion of a gray and white passenger ship with windows lining the upper deck."
traffic,Helicopter,"A side view illustration of a helicopter with visible main rotor blades on top, a tail rotor on the back end, a clear cockpit window, and skids as landing gear. It has a teal and light grey color scheme."
traffic,Lighthouse,"A simplistic drawing of a lighthouse with a white cylindrical tower, a gallery deck, and a red top. It sits on a stylized blue wave pattern. In the background, there is a light blue sky above and a white space that may represent a fog or horizon line. A single yellow beam extends from the top of the lighthouse on the upper left side."
traffic,Limousine,"A stylized illustration of a white, long, stretched luxury limousine. It has a prominent grille on the front. It looks like it could be used for high-class or ceremonial use, possibly for events like weddings or VIP transportation."
traffic,Map,"The image illustrates a stylized, simplified map with a thick black border that outlines its irregular edges. The map displays a green landmass with some green areas separated by light green lines symbolizing borders or divisions. One of the sections is marked with a large black number ""4"". Adjacent to the green areas, there is a blue section and a few small blue patches within the green areas, likely representing bodies of water. The background of the illustration is white."
traffic,Motorcycle,"A side view of a red scooter with a classic design featuring a rounded front and a visible step-through frame. It has a brown seat, a pair of black tires with silver rims, and a small yellow headlight on the front left-hand side. The scooter illustration represents the Korean word ""오토바이"" (motorcycle)."
traffic,Navigation,"The illustration depicts a GPS navigation device. The device has a square screen showing a graphical representation of a vehicle on a road or path. On the right side of the screen, there is a list that may represent directions or nearby waypoints. Four circular buttons are seen on the device's left side and a speaker or vent at the top. The color scheme is grey for the device's body, light blue for the screen's sky, yellow for the road, and white for the vehicle's icon."
traffic,Northward,"A simple compass needle points towards the top of the image, with the letter ""N"" in red placed above the needle, indicating the direction North. The background is plain white."
traffic,Passport,"An illustration of a green passport cover. The text at the top is in Korean which translates to ""Republic of Korea."" The English translation ""REPUBLIC OF KOREA"" is presented. In the center is an emblem featuring a circular gear design combined with a traditional Korean symbol. Below the emblem, there's Korean text which translates to ""Passport"" in English, with the English word ""PASSPORT"" below. The details and text are in a contrasting yellow or gold color. The entire image is encompassed by a black border."
traffic,People,"A group of three cartoon-like figures are standing side by side, representing people.   1. The male figure on the left is dressed in a teal long-sleeve shirt and dark blue trousers. 2. The female figure in the centre is dressed in a pink short-sleeve dress, darker pink skirt, and black shoes. 3. The third figure on the right is a male wearing a smart gray suit with a white shirt and a black tie, and black shoes.  The characters have no facial expressions, and the illustration includes the word ""사람들"", meaning ""people"" in Korean."
traffic,Rocket,"A stylized rocket with a pointed nose cone at the top, a cylindrical body, two large fins at its mid-section, and a smaller set of fins near its base. The rocket body is predominantly gray, with black detailing representing windows or panels. At the bottom, a red and yellow flame is depicted, indicating propulsion. The background is white, and the illustration is outlined with black lines for definition. The image represents the word ""로켓"" which means ""rocket"" in Korean."
traffic,Rocket,A cartoon-style illustration of an orange rocket with a grey nose cone. It has a circular window near the top and two pairs of orange fins with dark orange tips. The rocket is against a white background and is centered in the frame.
traffic,Sea,"The illustration features a simple depiction of a seascape with three horizontal layers: a light blue sky, a darker blue body of water, and a sandy beach. A yellow half-circle, representing the sun, is right above the horizon where the sky meets the water. Two small seashell-like shapes are near the center on the sand. The scene is enclosed within a square frame."
traffic,Seagull,"A stylized bird in flight, specifically a seagull. The bird is represented in a simple, flat, graphic style with a grey body, white and black accents on its wings and tail, and a yellow beak. The wings are spread wide, suggesting movement. The image is isolated on a white background. ""갈매기"" is Korean for seagull."
traffic,Seat,"The illustration depicts a single seat, likely representative of seating in vehicles or public transportation. It features a basic design with a flat seat pad and a slightly curved backrest. The seat is mounted on a gray base or pedestal, indicating it may be a fixed seat. The main colors in the illustration are light gray for the seat and backrest, and darker gray for the base. The design suggests it could be an icon used for signs or manuals related to traffic and transportation."
traffic,Seat,"A stylized drawing of a chair with a high back and teal colored seat, featuring four tapered straight brown legs. The design is minimalistic with clean lines and a two-dimensional appearance, possibly representing a bus or train seat."
traffic,Seatbelt,"The illustration depicts a stylized figure of a person with a neutral expression, wearing a green long-sleeve shirt, blue pants, and dark shoes. The person is sitting down with their legs together, wearing a diagonal seatbelt that stretches from the figure's left shoulder down to the right side of their waist."
traffic,Skateboard,"The illustration depicts a skateboard with a flat, elongated, oval-shaped board with a slight curve up at each end. The deck of the skateboard is grey, outlined in black against a white background. Attached to the underside are four black wheels in two sets, each set mounted on a black axle assembly known as trucks. The perspective views the skateboard from above and at a slight angle, so three wheels are visible."
traffic,Stewardess,"A cartoon image of a person who appears to be a flight attendant or a figure associated with transportation services. The character has short, dark hair, a friendly smile, and is wearing a teal jacket with a scarf tied around the neck over a white shirt. They have a white knee-length skirt, their legs are together, and they are wearing black shoes."
traffic,Street_Road,"A straight stretch of road viewed in perspective, narrowing towards the top of the image. The road is grey with yellow dashed lines running down its center."
traffic,Submarine,"A simplistic depiction of a submarine featuring a dark grey elongated body with a lighter grey conning tower on top. It has a yellow circular element on the front, and four circular windows along the side. The back end includes a tail fin that is also dark grey. The word ""잠수함"" is printed, which translates to ""submarine"" in English."
traffic,Subway,"A light blue subway train depicted in a simplified cartoon style with a rounded front and multiple rectangular windows on its side, representing passenger compartments and a larger one at the front for the driver's cabin. The Korean word ""지하철"" is also mentioned."
traffic,Suitcase,"An upright suitcase with a vertical telescoping handle extended at the top, suggesting it is a rolling suitcase. The suitcase has four small wheels at the bottom. The body of the suitcase is rendered in a pastel green color, framed by a darker green outline."
traffic,Takeoff,"A cartoon image of a young boy with a cheerful expression, looking straight ahead. Above and to the left is an illustration of a large airplane, depicted in mid-flight at an ascending angle. To the right of the boy is a red upward-pointing arrow. The image seems to relate to air travel or flying."
traffic,Taxi,"A stylized illustration of a yellow taxi in profile view with a distinctive taxi sign on the roof. The vehicle has grey tires and minimal detailing that represents the basic form of a sedan-style taxi cab. The word ""택시"" is also featured, which translates to ""taxi"" in English."
traffic,Teacher,"A stylized character appears to be a male figure with black hair and a smiling facial expression. He is dressed in a light blue long-sleeved shirt with a v-neck collar, dark grey pants, and blue shoes. He is standing upright with his arms hanging straight down by his sides. The background is plain white."
traffic,Teenager,"An illustration showing four stylized characters that represent people of different ages. From the left, there's an elderly woman with grey hair, wearing a brown top and tan skirt; next to her is a woman in a yellow top and green skirt; a young adult woman with black hair wearing a pink jacket and purple skirt; and on the far right, a young girl with black hair styled in pigtails wearing a pink shirt and red skirt. Above the third person, there is a red downward-pointing triangle. It indicates ""청소년"" (youth or teenager) as part of traffic and transportation signage."
traffic,Timetable,"A simplified representation of a timetable features a blue rectangle with multiple horizontal lines and a vertical column with three orange bars on the left side. Above the rectangle is a basic analog clock image with a white clock face and black markings. There are two arrows at the top of the timetable, one blue pointing up and one black pointing down, representing arrivals and departures. This icon symbolizes a transportation schedule."
traffic,Tires,"An illustration of a pair of car tires in three-dimensional style. They are displayed side by side, slightly staggered with one tire being partially behind the other. The tires have detailed tread patterns, and each tire is mounted on a rim with a simple design. The image is in grayscale with shading to provide depth."
traffic,Train,"A simplified representation of a train with two grey carriages connected to each other in a profile view, showcasing windows and doors on each carriage. The train is situated on implied railway tracks underneath them. The word ""기차"", which is Korean for ""train,"" is also included."
traffic,Transfer,"A stylized depiction of two trains with a curved red arrow pointing from the rear of the first train to the front of the second train, indicating some form of transfer or connection. The trains are colored with a combination of teal, yellow, and black. They appear modern with sleek lines."
traffic,Truck,"A flat-style icon of a truck. The truck features a front-facing cabin with windows and a door, a yellow color cab, and a large, open cargo area with orange panels. It has two grey wheels with black tires. The truck is in a side profile view."
traffic,Trunk,"A stylized side view of a vehicle, potentially a van or small truck. The rear segment is shaded differently, signifying the trunk or cargo area. The trunk is open, revealing a triangular space, symbolizing loading, unloading, cargo space, or trunk accessibility features in the context of traffic and transportation."
traffic,Tunnel,"The illustration depicts a simplified representation of a tunnel entrance. The tunnel is shown head-on as a dark, rounded archway cut through a grey, shaded mass, signifying surrounding terrain or infrastructure. The road leading into the tunnel is grey, with a dashed yellow center line indicating a two-way traffic lane. The background is a solid white color."
traffic,Turnstile,"A simplified icon representing a turnstile, commonly used at the entrance or exit of a public transportation area. It shows a rectangular barrier with a series of horizontal lines supported by two vertical structures on either side. There's a bright red arrow in the center pointing upwards, suggesting the direction of passage or movement."
traffic,U-Turn,"The illustration depicts a U-turn symbol, commonly used in traffic and transportation signaling. The symbol consists of a vertical line that curves at the top to form a U-shape, with the curve extending downwards and ending in an arrow pointing downward. The grayscale image has the symbol outlined in a darker gray and filled with a lighter gray."
traffic,Westward,"A simple directional arrow is pointing towards the left, with a stylized ""W"" character in red color placed near the base of the arrow's tail, indicating the direction ""west"". The arrow includes two lines converging at a point to create the arrowhead, with a straight line forming the shaft; all these elements are on a plain white background."
traffic,Wind,"An illustration of wind, represented by three curved lines with spirals at one end. The design uses soft gray gradients to give depth and dimension to each swirling line, suggesting movement and flow. There is a thicker outline around each shape against the white background."
traffic,Yacht,"A stylized image of a sailboat with a single central mast having two sails with alternating white and blue horizontal stripes. At the top of the mast, there is a small yellow circle. The hull of the boat is white, and there's a red and white lifebuoy attached to the right side of the boat. The illustration is easily recognizable as a symbol for a yacht or sailboat, which corresponds to ""요트"" in Korean, relating to traffic and transportation over water."
university,Dormitory,"A simple house shape with a brown roof and a lighter brown frame. Inside the house are four smiling faces arranged in a two-by-two grid. Each face is stylized with two black dots for eyes and a curved line for a mouth. The illustration suggests a concept of ""housing"" or ""community living"" with a reference in Korean, ""하숙"", which means ""dormitory""."
university,Freshman,"Cartoon-style drawing of a person with a round head, neutral facial expression, and short hair. They are wearing a long-sleeved teal shirt with a vertical white badge or label on the left side. The badge has the Korean text ""신입생"" translating to ""new student."" The character is depicted from the waist up with no background details."
university,Graduation,"An illustration featuring two cartoon characters. On the left, a figure with short hair, wearing a green and teal shirt, holding a grey book with ""졸업"" (Graduation in Korean) written on it. On the right, a character with longer hair wearing a pink and red top, also holding a grey book with ""졸업"" written on it. Both characters are smiling and gazing straight ahead. The image could represent students or graduates in the context of university life, specifically relating to graduation."
university,Lecture,"Two simplified, stylized characters seated in chairs, facing a large presentation board or blackboard displaying the Korean text ""표강"". They're in a classroom setting. The presentation board has a wooden frame, there's a book or some sort of material on the desk in front of them. The characters' backs are to the viewer, implying they're focused on the board."
university,Photocopying,"A stylized graphic of a printer or copier. It has a paper tray with one sheet half-emerged, appearing to be in the process of printing. The top part of the device is slightly open. The machine has a minimalistic design with a small screen or label at its front. The color palette is monochromatic, featuring shades of grey and black on a white background."
university,Printing,"A simple line drawing of a printer. The printer is from a front perspective, it has a paper feed tray with blank paper loaded on top and a printed document with several lines of text emerging from the output slot. The illustration uses a monochrome palette, primarily consisting of shades of grey and black outlines."
university,Report,"A stack of paper sheets with the word ""Report"" written at the top. The top sheet prominently displays the title, with a few horizontal lines below that suggest text on the document. The paper has rounded corners."
university,Scholarship,"An open envelope with a black graduation cap resting on its flap. A bundle of banknotes implying money sticks out from the envelope. The currency notes display ""5000"" on their corners. This image represents a scholarship (""장학금"" in Korean), suggesting financial support for university students."
university,Textbook,"The illustration shows a pair of hands with sleeves indicating they're wearing a shirt or a jacket. The hands are placed on an open book, suggesting reading or studying. The book has text or lines on its pages and there are bookmarks or tabs visible for easy reference. The image represents education or studying."
university,Textbooks,"A stack of three books represented in a simple, cartoon-like drawing style with black outlines. The books are oriented vertically in varying sizes and colors: the bottom book is blue, the middle book is orange with a white band, and the top book is purple. The imagery is associated with study materials, textbooks, and academic research."
work,Accident,"An illustration of a figure with a neutral expression wearing a yellow safety helmet with a green cross. Above the figure's head, there's an image of a baseball bat swinging towards the safety helmet, with a red starburst shape at the point of impact, suggesting a violent collision or strike. The overall image appears to represent a workplace accident or injury."
work,Application,"A hand holding a pen, appearing to be writing or signing a document labeled with Korean text ""신청서,"" which translates to ""application form"". The form contains horizontal lines, suggesting that this is a standard form for filling in information. The illustration aims to convey the concept of filling out or submitting an application form."
work,Assembly,"An illustration depicts two hands about to connect with two separate puzzle pieces. The puzzle pieces appear to be the halves of a simple jigsaw puzzle connection, each having one protruding tab and one corresponding recess. Between the connection point of the two puzzle pieces are two arrows pointing towards each other, symbolizing the action of the pieces being joined together. The image suggests the concept of assembly, connection, or teamwork, represented by the Korean word ""조립"" (jorib), which means assembly."
work,Barracks,"An illustration of a stylized office or commercial building with a sign that reads ""0071업"". Next to it, there's an outline of a house, depicted by a triangle roof on top of a square base. Above this house is a red downward-pointing triangle. The image juxtaposes a commercial office building with a residential home."
work,CEO,"A person wearing glasses and a formal brown blazer with a tie is sitting behind a desk. The individual has grey hair and there's a slight smile on their face. There is a nameplate on the desk with the word ""사장"", which translates to ""CEO"" or ""President"". The background is white, putting the focus on the character and the desk."
work,CEO,"An illustration of a figure seated behind a desk, wearing business attire, glasses and a specific hairstyle suggesting middle age or older. On the desk, there's a nameplate with the Korean word ""사장,"" translating to CEO or company president. The image represents a person in a position of leadership or management within a workplace. The background is plain white."
work,Colleague,"Two stylized figures in professional attire standing side by side. A red, downward-pointing triangle is positioned above the head of the figure on the right."
work,Corporations/Subsidiaries,"Two stylized buildings representing a corporate or business entity. The left building is a tall, gray one with multiple small windows, and it features a darker gray base and a sign with Korean characters ""007급."" The right side shows a smaller, brown building with fewer windows, a cream-colored base, and a triangular red arrow pointing downwards above it."
work,Delegate,"A cartoon of a person sitting at a desk with a nameplate that has the text ""대리."" The person is depicted with a smile, dressed in a suit jacket, shirt, and tie, and has short hair. There is a chair visible behind the person, indicating a seated posture. The image suggests a professional setting and may represent an employee or a service position in a workplace."
work,Direction,"An illustration of a hand with a suit sleeve on the left side pointing with its index finger towards a person on the right side. The person depicted is smiling, wearing a suit with a tie, and showing a professional appearance, suggesting the concepts of direction, instruction, or selection in a workplace."
work,Director,"A smiling person with short hair, in a business suit with a collared shirt and tie, sitting behind a desk. There is a nameplate on the desk with the Korean text ""부장님,"" translated as ""Manager"" or ""Director"". There's also a chair with a red backrest partially visible behind them."
work,Employee,"A simplified depiction of an office building labeled with Korean characters ""007기업,"" which translates to ""007 Enterprise."" Next to the building stands a cartoon character of a smiling person dressed in a suit with a tie, symbolizing an employee or a worker. Above the building, there's a red downward-pointing triangle, possibly indicating a location marker or a point of interest."
work,Employment,"The illustration shows a simplified and stylized representation of a person at work. The person is depicted within an outline of a booth or stall with a sign on top labeled ""0071업"". The individual is seated, wearing a green top and appears to be smiling while facing a computer monitor on a desk. The drawing uses a limited color palette, mainly consisting of black lines, green for the clothing, and a touch of brown for the desk. The background is white."
work,Expense,"An illustration features a stylized representation of a building with multiple windows, signifying a workplace. Above the building entrance, there is Korean text ""007일,"" which means ""007 days."" On the right, there is an image of a currency note with the value ""10000"" displayed. The currency note is partially overlaid on the bottom right corner of the building, indicating a connection between the workplace and financial transactions."
work,Experience,"A graphic illustration featuring a pie chart with one segment colored in red and labeled ""경계"" in white text. Behind the pie chart is a jagged circular border. To the upper right corner, there is a signpost with Korean text that states ""경량 조업시."" The design suggests a symbol that may be used in a workplace setting to indicate a cautionary state or a lightweight mode of operation."
work,Foreigner,"A simple illustration of a person with light-colored hair with blue horizontal stripes depicted as hair highlights. They are wearing a long-sleeve gray top and dark gray or black pants, standing straight with a light smile. Next to the person is the English alphabet ""ABC"" angled diagonally, suggesting the concept of foreign language or learning."
work,Foreman,"A simplified, cartoon-like drawing of a person wearing a safety helmet with a light on top and standing behind a counter. The person is smiling and has a friendly appearance. On the desk, there is a placard with the Korean word ""반장"" which translates to ""team leader"" or ""foreman"". The overall image conveys a work environment with a focus on a leadership or supervisory role."
work,Guarantor,"A simplified, cartoon-style drawing of a smiling person with short hair wearing a blue suit and tie. They are holding a sign that reads ""보조합니다"" in Korean, which translates to ""Assisting"" or ""Assistance Provided."" Behind them is a building that is labeled ""007기업,"" which translates to ""007 Enterprise."""
work,Individual,"Three cartoon characters representing workers wearing safety helmets with a logo on the front. The first character is highlighted with a red dotted line rectangle, wears a teal shirt and navy blue pants. The other two characters, wearing gray shirts and dark gray pants, stand side by side. All characters have a simple, smiling facial expression and are depicted standing, aligned horizontally."
work,Intern,"A simplified, cartoon-style drawing of a person with a round head, basic facial features, wearing a teal or blue-green jacket with a white shirt and black tie. To the left of the figure, a vertical strip carries Korean characters ""인턴"" written in black on a white background. ""인턴"" translates to ""intern."""
work,Joining,"A representation of a house outline in brown with a triangular roof. Inside the house are three figures standing side by side, each wearing a suit with a tie and smiling. The figures are identical, stylized, and gender-neutral. The image possibly represents teamwork, collaboration, or a corporate environment."
work,Management,"An illustration features a character that appears to be a construction worker or an engineer on the left side, wearing a safety helmet with a logo and holding what could be a clipboard or a folder. On the right side, there is a depiction of three blocks arranged in a pyramid shape, resembling a construction symbol. The summary of the illustration suggests a theme of management in a construction or engineering context. The term ""관리"" translates to ""management""."
work,Manager,"An illustration depicts a person with glasses, wearing a sweater over a collared shirt, standing behind a desk or counter. There is a placard on the desk with the Korean characters ""관장"" written on it, representing a managerial position in a workplace context."
work,Mentorship,"Two cartoon-style characters representing individuals in a workplace. An older character with white hair, round glasses, wearing a brown suit with a patterned tie. A younger character with black hair, no glasses, and dressed in a light blue suit with a darker blue tie. They are side-by-side, facing forward, smiling with a red inverted triangle above them, symbolizing a senior and junior employee or a mentor-mentee relationship."
work,New,"The word ""NEW"" in bold, uppercase letters, surrounded by eight small yellow stars with twinkling effects. The stars vary in size and are dispersed asymmetrically around the word. The color scheme is primarily black for the text against a white background, with the stars in yellow."
work,Organization,"The illustration depicts an open grey toolbox containing tools like a hammer and screwdrivers with wooden handles. There are two fallen screws, with one being pointed at by a large red downward curving arrow. A yellow wrench is positioned to the right of the toolbox and screws. The image could represent organization, tool maintenance, or the importance of maintaining a tidy workspace."
work,Performance,"A stylized character in a light grey suit, white shirt, and tie, with a simple, smiling face on a round head. Above the character, there are three bold, upward-pointing red arrows, suggesting an increase, improvement, or progression. The term ""실적,"" which means ""performance"" or ""achievement"" in Korean, is also present in the image."
work,Press,"The illustration shows a stylized, simplified representation of a mechanical press with a central column, a vertically layered structure, a handle or control part at the top, and a solid platform at the base. It has two green side handles or levers. The overall colors are shades of grey, green, and black. The word ""프레스"" refers to a press in Korean. This image represents a tool commonly used in manufacturing, workshop, or industrial settings."
work,Product,"A stylized representation of a construction or building environment. There is a long grey object with a notched edge, resembling a ruler or a saw blade. In the middle, there are three interlocking orange bricks or blocks, arranged with one on top and two below side by side. At the bottom, there is a solid red triangle pointing upwards, which could represent a warning sign."
work,Program,"A stylized illustration of a program schedule or spreadsheet, outlined by a thick black border with the word ""PROGRAM"" in bold, capitalized letters at the top. A grid with several cells, where the first column is filled with pink cells and the first row with yellow cells. The grid is composed of empty cells with black outlines."
work,Promoted,"A stylized graphic with a male figure standing on the first step of a three-tiered podium representing a career progression. The figure is drawn in a cartoonish manner and is wearing a suit with a tie. Each step on the podium has a Korean word written on it: ""대리"" (""assistant manager"" or ""deputy""), ""과장"" (""section chief"" or ""manager""), and ""부장"" (""department head"" or ""director""). Above the middle and top steps, there are red upward arrows indicating movement or progression towards the higher steps."
work,Promotion,"The illustration depicts a pair of hands hovering over a bundle of green currency notes with a numerical value of ""10000"" printed on their lower portion in white font within a dark rectangle. The overall image suggests an interaction with money, indicating payment, financial transaction, salary, or savings in a work environment."
work,Promotion,"A cartoon of a person wearing a green shirt, blue pants, and a safety helmet with a lamp, standing next to a brown door with a sign reading ""00부서"". A red arrow pointing towards the door indicating entry or direction. The imagery suggests a workplace environment related to professions that require safety helmets."
work,Promotion,"A cartoon-style drawing of a person dressed in a suit with a tie and smiling. To the right of the character, there's text in Korean characters and a red upward-pointing arrow. The image seems to represent the concept of promotion or career advancement."
work,Relocation,"Illustration depicts two stylized buildings. The building on the left is shorter with a sign saying ""007"" above the entrance. There is an arrow pointing from the shorter building to the taller building on the right, suggesting a transition or change. The taller building has more windows."
work,Resignation,"Simplified depiction of a person walking towards the left, symbolized by a large red arrow, carrying a box or files. Behind the person is a building with multiple windows. On top of the building, there's a sign with Korean text ""007이업"". The overall image symbolizes a person leaving an office or workplace, correlating with the Korean word ""퇴사"" that signifies ""resignation"" or ""leaving a job""."
work,Resigning,"A simplified graphical representation of a person leaving a building with multiple windows and a door, and the label ""007업"" displayed above it. The person is walking to the right, away from the building, and there is a red arrow on the ground pointing in the same direction, suggesting departure or exit. The image symbolizes resignation or leaving a job."
work,Resume,"An illustration depicts a document labeled ""이력서,"" which translates to ""resume."" The document has a simple layout with a header containing the word ""이력서."" A small square space with an icon of a person, suggesting a place for a photograph, is present at the upper left corner. The icon features a smiling figure with short hair, wearing a shirt and tie. The main body of the document has several horizontal lines, suggesting placeholders for information typically found on a resume."
work,Screwing,"The illustration shows two hands each holding a yellow and black screwdriver. The screwdrivers are positioned on either side of a stylized, orange piece suggesting the action of either fastening or prying. It symbolizes manual work, repair, or construction."
work,Surroundings,"A stylized, tall building with multiple windows, could represent an office or apartment building. On the top of the building, there is a sign that says ""007"" followed by Korean text. The building is encircled by a dashed pink line on a green oval shape."
work,Toolbox,"A simple, cartoon-style image of an orange toolbox that is open. Inside the toolbox, there are two tools: a hammer with a brown handle and a silver head, and a screwdriver with a yellow and black handle and a silver shaft. There are two screws lying diagonally outside of the toolbox, both are silver in color. The illustration is set against a white background and uses a thick black outline for the objects."
work,Tools,"The illustration depicts a set of hand tools. There's a hammer with a brown handle and grey head, an orange wrench, two screwdrivers with yellow and black handles and silver shafts, and three grey screws with threaded bodies and slotted heads."
work,Warehouse,"The illustration depicts a simplified representation of a warehouse or storage building with a grey facade and a pair of closed double doors at the center. Above the doors, the building has a triangular blue roof with horizontal stripes. In front of the building, there are three orange blocks stacked in a pyramid configuration."
work,Welding,"An illustration depicts a human hand holding a chisel and striking a surface, from which sparks and red droplets are flying off to the side. Yellow star shapes are around the area of impact, suggesting a forceful contact. The colors used are mainly red, yellow, and grey for the chisel and hand, with a white background."
work,Worker,"A simplified, flat design character from the waist up is wearing a green shirt and a yellow hard hat with a white cross symbol. The character looks neutral or slightly concerned. To the right of the character, there's a large red question mark, followed by a red exclamation mark. Below the exclamation mark, there is a red ""X"" mark placed over a brown rectangle. The symbols could represent uncertainty, attention, or a warning."
work,Workforce,"Three figures standing side by side, each labeled with a number above their head—1, 2, and 3. All three figures are wearing safety helmets with a symbol on the front, uniform gray long-sleeve tops, dark gray pants, and black shoes, possibly representing the concept of teamwork or labor force in a workplace environment."
core,nervous,"A cartoon-style drawing of a person standing, wearing a teal-colored long-sleeve shirt with a red heart on the chest, which has lines indicating vibration or heartbeat. The person has dark hair, a neutral expression, and is wearing blue pants. The heart on the shirt represents the Korean phrase ""두근거려요"" (dugeungeoryeoyo), which means ""My heart is racing"" or ""I'm nervous/excited."""
food,cooling,"The illustration depicts a person's bust with a neutral expression, mouth open, and three curved lines on the left side of the face representing breath or air moving. The person has short hair and is wearing a teal-colored shirt."
food,omuk,"The illustration shows a group of brown, elongated, cylindrical items that resemble sausages or frankfurters. They are bundled together, with visible pointed ends that suggest they might be tied or have a skin around them. The items have a textured surface with small, light-brown specks."
food,icecream,"An illustration of an ice cream popsicle with a pink-colored rectangular ice cream portion on a light brown stick. It has a flat, rounded top with straight sides and is set against a white background."
health,vaccinate,"A stylized, cartoon-like drawing of a person's face, who is smiling. A speech bubble above their head contains two symbols: a syringe with a needle, indicating a medical injection or vaccination, and a prohibition sign over a graphic of a dog, symbolically implying ""no dogs allowed"". The illustration suggests a health-related message possibly related to vaccination policies and dog restrictions."
hobby,masquerade,"A stylized purple masquerade mask with ornate patterns around the almond-shaped eye holes. The mask is designed to cover the area around the eyes, leaving other features of the face exposed. The mask design suggests a festive or theatrical motif."
hobby,matryoshka,"A simplified, cartoon-like image of a yellow matryoshka doll with a smiling face, two dots for eyes, a simple line for the mouth, and two pink circles for rosy cheeks. The body of the doll has three black dots representing buttons."
hobby,rubiks,"A 3x3 Rubik's Cube puzzle toy featuring squares with three different colors: red, yellow, and green. Each visible face shows nine squares of the same color, suggesting that the cube is in its solved state."
hobby,selective,"A grid with seven cells arranged in three rows and three columns. The central cell is filled with a red color, while the surrounding cells are gray. Above the grid, there is a horizontal black line with two opposing arrows at each end, symbolizing expansion or stretching, indicating that the central red cell might represent something that is the focus of expansion or attention within the grid."
hobby,word,"A desktop computer monitor displaying the characters ""TLC"" in a large, bold font. Below the monitor, a keyboard is positioned with two hands placed above it, suggesting that they are typing. The image represents the act of word processing, related to typing and text editing on a computer."
home,born,"An illustration of a person with short hair and a smiling face, holding a swaddled baby in their arms. The baby's head is visible, and it appears to be smiling. The adult is wearing a pink top, and the baby is wrapped in a white swaddle with grey detailing. The image symbolizes the concept of ""아기가-태어났어요"" which translates to ""a baby was born""."
life,diesel,"The illustration depicts a fuel pump at a service station with two shades of blue with a silver nozzle and a black handle. On the front panel, there is a large yellow rectangle with the Korean word ""경유"" (diesel)."
life,idcard,"Two hands are holding a personal identification card with a photo of a person, their name, and a barcode. Above the hands, there are two books floating with the word ""BOOK"" on their covers, one in blue and the other in red and orange."
life,parcel,"A brown rectangular parcel with a red symbol resembling a stylized paper plane and Korean text reading ""우체국택배"", which translates to ""post office parcel delivery"". The parcel also has a handle cutout at the top."
life,postit,"An illustration of a stack of yellow sticky notes with the corner of the top-most note curled up, revealing an orange bottom note. On the top note, there is Korean writing in black ink reading ""영풍문고 9:00,"" suggesting an appointment or note about 영풍문고 at 9:00. Next to the sticky note, at an angle, is a blue pencil with a black tip."
life,prosecutor,"An abstract representation of a badge or insignia with five vertical bars. The central bar is dark blue and is slightly taller and broader than the other bars. The bars on either side of the center bar are a lighter shade of teal. Below the graphic is Korean text ""검찰청,"" which translates to ""Prosecutors' Office"" in English."
marriage,parental,"A simple representation of a house with a brown roof, an orange facade, and a white door with a round doorknob. Above the house image, there is Korean text ""친정"" which translates as ""parental home"" or ""one's parents' house."" The visual encapsulates a concept associated with the family home or where one's parents live."
school,zither,"An illustration of a flute-like musical instrument. It's a long, cylindrical woodwind with a row of finger holes along its length and a mouthpiece at one end. The instrument is made of a light-colored wood with dark-colored bindings or rings wrapped around it."
school,goseon,"A stylized image combining a red silhouette with irregular edges and a cartoon-style head is displayed. The silhouette resembles a speech bubble or a cloud-like shape, positioned above the head. The head has a round face, two dots for eyes, a small straight line for a mouth, and an old-fashioned Korean gat (a traditional hat) in grey with a blue ribbon. The visual could represent a historical or educational figure or concept, with the red silhouette possibly symbolizing thoughts, speech, or focus. The word ""고조선"" or ""Gojoseon,"" the name of an ancient Korean kingdom, is also present, indicating a possible connection to learning about its history or culture."
school,rushed,"A cartoon young boy who appears worried or troubled, with sweat drops near his face, gesturing as if raising a hand to ask something or to express a concern. Next to him, there is a graphical representation of a clock with a red ""X"" superimposed on it and a triangular red area, located within the clock. The triangular section includes the Korean word ""미래"" which translates to ""future."" The image suggests a concept related to time, specifically indicating an issue or a negative connotation with the future."
school,brazier,"The illustration depicts a traditional Korean brazier called a ""화로"" (hwaro). It includes a round metal container on short legs with a circular rim around the top. Inside, there are burning coals with red centers, and a metal poker with a wooden handle is inserted into them. This brazier is typically used for heating spaces or cooking."
school,raincoat,"The illustration depicts a graphic of a person wearing a traditional Korean raincoat, boots, and smiling. The raincoat is brown and the boots are unspecified color. There are several blue water droplets around the figure suggesting rain. The background is plain and white."
school,polarity,"A rectangular horizontal bar, split into two equal sections. The left half is light blue with a capital letter ""S"", and the right half is red with a capital letter ""N"". Above this, there is a small, red, inverted triangle pointing downwards. The image symbolizes a magnet demonstrating magnetic polarity."
service,cell,"The illustration features a flip-style cell phone with visible buttons and a screen, in an open, upright position. A large red ""X"" mark to the upper right suggests prohibition or warning against use. Radiating lines extend from the phone’s earpiece, indicating a ringing or incoming call. The overall image conveys a message of ""No cell phone use"" or ""Cell phone use is prohibited."""
service,dashboard,"The illustration depicts a semi-circular vehicle's dashboard gauge cluster with a grey background. It contains five circular gauges of varying sizes. The first, second, fourth, and fifth gauges have needles and markings, while the central gauge is a large tachometer with a needle indicating a value in a colored zone (from green to red). All the gauges have tick marks indicating different values."
service,hood,"A simplified front view of a car with a large red downward-pointing arrow above the car grill. This arrow points at a section of the car's hood, which is highlighted by a dashed pink circle, indicating the location of the engine hood. The term ""엔진후드"" or ""engine hood"" in Korean is related to this highlighted section. The car is depicted in a basic and stylized manner, with a grey body and black tires, featuring headlamps."
service,hands-free,"A simplified, stylized representation of a car steering wheel in gray. On the right side of the steering wheel, there's a magnified detail showing an orange circle, likely representing a control button or feature, with a dashed red line showing its location on the steering wheel. Above the magnified section, there's a red downward-pointing triangle. The image conveys the idea of a feature on a car steering wheel that may be related to convenience or safety."
service,hands-on,"An illustration showing a stylized representation of a pair of hands gripping a horizontal bar, possibly a steering wheel or handle. Below the hands is a circular icon with a curved arrow pointing downwards, positioned directly above a simplified steering wheel with a central hub and a three-spoke design. The steering wheel is in grayscale, and the arrow is red. The image appears to represent hands-on support or assistance with vehicle steering or control."
sports,pingpong,"The illustration shows two ping pong paddles, one with a red hitting surface and the other with a blue hitting surface, and an off-white ball in motion. The objects are set against a white background. The image is indicative of the sport of table tennis."
sports,yachting,"The illustration features two stylized sailboats on blue waves, each boat with two sails, one set in shades of yellow and brown, and the other in shades of green. Each boat also has a single mast topped with a small round yellow shape. The boats are white and are depicted in a simple lines style."
time,comeback,"A circular sign with an orange background and Korean text in white that reads ""돌아와요"", which translates to ""Come Back"" or ""Return"" in English, mounted on a straight vertical pole with a round base. The sign appears to be in the style of a typical street or informational sign."
time,scheduling,"A simplified, stylized representation of a desk calendar with the top part colored red. On the white part of the calendar, there is Korean text ""하루"" and a red rightward pointing arrow, suggesting the passing or scheduling of a day. The corner of the page is curled up, implying a page being turned or the progression of time."
time,maximum,"A thermometer with a red indicator suggesting high temperature, alongside a sun with rays extending outward. On the top right of the thermometer, there is a speech bubble containing the text ""40°C"". The graphic conveys weather conditions associated with heat or high temperatures."
traffic,beginner,"A frontal view of a simple, stylized grey car with a yellow rectangular sign on the roof. The sign has Korean characters written on it, which read ""초보운전"", meaning ""beginner driver"" or ""novice driver"". The vehicle has two circular headlights at the front."
traffic,reserved,"An icon representing a person using a wheelchair with a bench is on the left side of the image. Above this icon is a red, upside-down triangle. On the right side, there are two purple seats. There is a Korean text ""전동휠체어자석,"" below the wheelchair icon, which translates to ""electric wheelchair seats."" The image indicates a reserved seating area for individuals using electric wheelchairs in a public transportation setting."
traffic,fastening,"A two-part illustration of a seatbelt, with a grey strap and a male seatbelt end (buckle tongue) on the left side and the female receptacle (buckle) on the right side. The image represents the concept of safety restraints used in automobiles."
traffic,cancel,"A person in a teal-colored long-sleeve shirt and short hair is pointing at a calendar-like sign on their left. The sign features a big red ""X"" mark and a yellow section with the word ""예약"" written in black, which translates to ""reservation"". The image suggests a cancellation of a reservation."
traffic,complaint,"The image features a cartoon-style illustration of a person with a simple, smiling face and short hair, dressed in a long-sleeved teal shirt. The individual is pointing at a document titled ""고소장"" hung on an invisible wall. The document contains several lines of text in a structured, list-like format, indicating a formal document or application. The image appears to represent someone filing or indicating a complaint or report, relating to traffic and transportation issues."
traffic,telemedicine,"A simplified, cartoon-style drawing of a person walking toward a computer screen which displays a keyboard and a large medical cross symbol. There are two horizontal arrows pointing towards each other, symbolizing interaction or exchange. The screen text reads ""I want to get telemedicine"" in Korean, suggesting the concept of telehealth or online medical consultation."
traffic,missed,"The illustration shows a person standing at the steps of a blue bus, waving. The person is wearing a green top and blue pants, and appears to be smiling. The bus is drawn in a side profile view, with visible wheels and windows. The image could symbolize someone getting on or off a bus, or flagging down the bus to stop."
traffic,cost,"An illustration depicts a stack of green banknotes alongside two yellow coins with a red arrow pointing downwards, indicating movement toward the currency. The image may symbolize a financial charge, expense, or payment, likely associated with the transportation sector."
university,majors,"A simplified, cartoon-style figure of a person holding two graduation caps, one in each hand. The figure is smiling and appears to be cheerful. The character is wearing a teal long-sleeved shirt. The graduation caps are black with yellow tassels hanging down. The image symbolizes a desire for academic success or aspiration to attain multiple degrees."
university,dating,"Two simplified cartoon-style figures seated at a table facing each other. On the left is a silhouette figure with long black hair, on the right is a figure with visible facial features and short hair, wearing a green top and blue pants. Between and slightly above them, a large red heart symbol hovers, signifying a romantic or affectionate connection. The overall image conveys a concept of dating or getting to know each other."
university,period,"A stylized calendar with the Korean text ""수강신청변경기간"" at the top, which translates to ""course registration change period."" There is a question mark on the upper right corner. The calendar itself is undated, with blank squares."
university,orientation,"A line-drawn desk calendar with the letters ""OT"" written on the flipped-up flap at the top, which typically represents the month section. Below, there is a grid imitating the days of the month. On the upper right corner of the illustration, there's a red question mark."
work,apology,"A cartoon-style drawing of a person with a neutral expression, wearing a grey suit, a white shirt, and a black tie. Next to the person, there's a document with the Korean word ""시말서"" written at the top, which translates as ""written apology"" or ""letter of apology"". Below the title, there are a few horizontal lines suggesting text. The image conveys the concept of an apology or explanation in a formal or workplace setting."
work,products,"An illustration shows a group of five orange boxes, each marked with a red ""X"". The boxes are haphazardly stacked, with some tilted and one lying on its side. Above this pile of boxes, there is a large red question mark. The image represents a concept of defective products, inventory issues, or quality control problems."
work,resolve,"An unhappy person with short hair, dressed in a green top, sits behind a yellow desk or work surface. A large red ""X"" mark is positioned above and to the right of this figure. A grey building, representative of an office building or a workplace, is seen on the right side of the image. There is Korean text above the building and the ""X"". The overall visual suggests a concept related to the workplace, possibly relating to personal issues or feelings about work."
work,personal,"A figure of a person in business casual attire is walking towards a circular wall clock showing the time ten past ten, and a tall office building with numerous windows and a door at the bottom. Next to the building, the text ""출퇴"", which translates to ""coming and going"", is written in bold."
work,confirmed,"The illustration depicts three icons. On the left is an icon of a old-fashioned landline phone, in the upper right corner, there is a speech bubble icon. At the bottom right, there is a document icon with several horizontal lines, symbolizing text. The overall image represents elements related to communication and information exchange."
work,announcement,"A simple line drawing of a tall office building with the Korean text ""007기업"" at the top. Next to the building is a document with the Korean text ""채용공고 00명,"" which translates to ""Recruitment Notice 00 persons."" The image symbolizes a job recruitment announcement related to a particular company."
work,required,"A cartoon character wearing a white safety helmet with a green cross on it, smiling and pointing upwards. Above the character is a sign, supported by two wooden posts, displaying Korean text that reads ""직무교육,"" translating to ""job training"" or ""occupational training."" The background is plain white with a color scheme of black, white, green and wood tones."
